ISO-10303-21;
HEADER;
FILE_DESCRIPTION (( 'STEP AP214' ),
    '1' );
FILE_NAME ('NVBLS1D1N08H.STEP',
    '2023-01-03T07:57:50',
    ( '' ),
    ( '' ),
    'SwSTEP 2.0',
    'SolidWorks 2022',
    '' );
FILE_SCHEMA (( 'AUTOMOTIVE_DESIGN' ));
ENDSEC;

DATA;
#1 = SURFACE_STYLE_FILL_AREA ( #1243 ) ;
#2 = LINE ( 'NONE', #4908, #4219 ) ;
#3 = ORIENTED_EDGE ( 'NONE', *, *, #1720, .F. ) ;
#4 = ORIENTED_EDGE ( 'NONE', *, *, #2471, .T. ) ;
#5 = SURFACE_STYLE_FILL_AREA ( #4856 ) ;
#6 = MECHANICAL_DESIGN_GEOMETRIC_PRESENTATION_REPRESENTATION (  '', ( #3266 ), #4308 ) ;
#7 = LINE ( 'NONE', #2203, #3717 ) ;
#8 = EDGE_CURVE ( 'NONE', #3083, #598, #4313, .T. ) ;
#9 = EDGE_CURVE ( 'NONE', #816, #4472, #1735, .T. ) ;
#10 =( NAMED_UNIT ( * ) PLANE_ANGLE_UNIT ( ) SI_UNIT ( $, .RADIAN. ) );
#11 = CARTESIAN_POINT ( 'NONE',  ( 4.560097823754072799, -4.850097823754071946, 2.299999999999999822 ) ) ;
#12 = SURFACE_STYLE_USAGE ( .BOTH. , #4887 ) ;
#13 = CARTESIAN_POINT ( 'NONE',  ( -0.2000000000000079492, 1.680703123035345976E-17, 0.000000000000000000 ) ) ;
#14 = PRESENTATION_LAYER_ASSIGNMENT (  '', '', ( #2711 ) ) ;
#15 = ORIENTED_EDGE ( 'NONE', *, *, #908, .F. ) ;
#16 = PRESENTATION_LAYER_ASSIGNMENT (  '', '', ( #2543 ) ) ;
#17 = VERTEX_POINT ( 'NONE', #5235 ) ;
#18 = SURFACE_STYLE_USAGE ( .BOTH. , #2325 ) ;
#19 = LINE ( 'NONE', #5355, #5077 ) ;
#20 = DIRECTION ( 'NONE',  ( 0.000000000000000000, 0.000000000000000000, -1.000000000000000000 ) ) ;
#21 = VECTOR ( 'NONE', #5346, 1000.000000000000000 ) ;
#22 = LINE ( 'NONE', #936, #4064 ) ;
#23 = CIRCLE ( 'NONE', #3196, 0.09999999999999982514 ) ;
#24 = EDGE_LOOP ( 'NONE', ( #1137, #77, #5149, #2854 ) ) ;
#25 = DIRECTION ( 'NONE',  ( 1.000000000000000000, 0.000000000000000000, 0.000000000000000000 ) ) ;
#26 = CARTESIAN_POINT ( 'NONE',  ( 2.199999999999997069, 5.790000000000000036, 0.5000000000000000000 ) ) ;
#27 = COLOUR_RGB ( '',0.2941176470588235392, 0.2941176470588235392, 0.2941176470588235392 ) ;
#28 = PRODUCT_RELATED_PRODUCT_CATEGORY ( 'part', '', ( #2028 ) ) ;
#29 = DIRECTION ( 'NONE',  ( 0.000000000000000000, -1.000000000000000000, 0.000000000000000000 ) ) ;
#30 = VERTEX_POINT ( 'NONE', #822 ) ;
#31 = CARTESIAN_POINT ( 'NONE',  ( 4.456072294833550274, 4.746072294833551197, 3.040180098836097411 ) ) ;
#32 = CARTESIAN_POINT ( 'NONE',  ( 4.823259234548942231, -1.790000000000002478, 0.5000000000000000000 ) ) ;
#33 = PRESENTATION_LAYER_ASSIGNMENT (  '', '', ( #1799 ) ) ;
#34 = CARTESIAN_POINT ( 'NONE',  ( 4.899999999999999467, 5.190000000000000391, 0.5999999999999569011 ) ) ;
#35 = CARTESIAN_POINT ( 'NONE',  ( 1.399999999999997469, 4.499823100075543536, 0.000000000000000000 ) ) ;
#36 = ADVANCED_FACE ( 'NONE', ( #370 ), #2588, .T. ) ;
#37 = CARTESIAN_POINT ( 'NONE',  ( -3.937576565366517567, 0.9099999999999973666, 0.5000000000000000000 ) ) ;
#38 = EDGE_CURVE ( 'NONE', #4569, #4509, #5694, .T. ) ;
#39 = MANIFOLD_SOLID_BREP ( 'Fillet1', #4498 ) ;
#40 = CIRCLE ( 'NONE', #1803, 0.1000000000000002554 ) ;
#41 = FILL_AREA_STYLE ('',( #510 ) ) ;
#42 = CARTESIAN_POINT ( 'NONE',  ( -2.600000000000012079, 4.499823100075543536, 0.000000000000000000 ) ) ;
#43 = STYLED_ITEM ( 'NONE', ( #4345 ), #880 ) ;
#44 = ORIENTED_EDGE ( 'NONE', *, *, #5104, .T. ) ;
#45 = MECHANICAL_DESIGN_GEOMETRIC_PRESENTATION_REPRESENTATION (  '', ( #517 ), #5175 ) ;
#46 = ORIENTED_EDGE ( 'NONE', *, *, #1542, .F. ) ;
#47 = PLANE ( 'NONE',  #1569 ) ;
#48 = DIRECTION ( 'NONE',  ( 0.000000000000000000, -1.000000000000000000, 0.000000000000000000 ) ) ;
#49 = LINE ( 'NONE', #935, #3702 ) ;
#50 = DIRECTION ( 'NONE',  ( 1.000000000000000000, 0.000000000000000000, 0.000000000000000000 ) ) ;
#51 = UNCERTAINTY_MEASURE_WITH_UNIT (LENGTH_MEASURE( 1.000000000000000082E-05 ), #3034, 'distance_accuracy_value', 'NONE');
#52 =( NAMED_UNIT ( * ) SI_UNIT ( $, .STERADIAN. ) SOLID_ANGLE_UNIT ( ) );
#53 = AXIS2_PLACEMENT_3D ( 'NONE', #2810, #3746, #690 ) ;
#54 = ORIENTED_EDGE ( 'NONE', *, *, #4414, .T. ) ;
#55 = CARTESIAN_POINT ( 'NONE',  ( 0.000000000000000000, -4.850097823754071946, 2.299999999999999822 ) ) ;
#56 =( LENGTH_UNIT ( ) NAMED_UNIT ( * ) SI_UNIT ( .MILLI., .METRE. ) );
#57 = COLOUR_RGB ( '',0.8431372549019607865, 0.8431372549019607865, 0.8431372549019607865 ) ;
#58 = CARTESIAN_POINT ( 'NONE',  ( 3.400000000000001243, 5.790000000000000036, 0.5000000000000000000 ) ) ;
#59 = DIRECTION ( 'NONE',  ( -0.000000000000000000, -1.000000000000000000, -0.000000000000000000 ) ) ;
#60 = ORIENTED_EDGE ( 'NONE', *, *, #1586, .T. ) ;
#61 = ORIENTED_EDGE ( 'NONE', *, *, #2712, .F. ) ;
#62 = CARTESIAN_POINT ( 'NONE',  ( 4.149999999999999467, -5.840000000000002522, 0.000000000000000000 ) ) ;
#63 = DIRECTION ( 'NONE',  ( -0.000000000000000000, -1.000000000000000000, -0.000000000000000000 ) ) ;
#64 = SURFACE_SIDE_STYLE ('',( #4018 ) ) ;
#65 = AXIS2_PLACEMENT_3D ( 'NONE', #4903, #5425, #5397 ) ;
#66 = CARTESIAN_POINT ( 'NONE',  ( -0.5999999999999998668, -5.540000000000001812, 0.000000000000000000 ) ) ;
#67 = VERTEX_POINT ( 'NONE', #1708 ) ;
#68 = CARTESIAN_POINT ( 'NONE',  ( 4.560097823754072799, -4.850097823754071946, 2.399999999999999911 ) ) ;
#69 = EDGE_CURVE ( 'NONE', #3231, #3970, #176, .T. ) ;
#70 = EDGE_CURVE ( 'NONE', #3736, #5458, #476, .T. ) ;
#71 = COLOUR_RGB ( '',0.7921568627450980005, 0.8196078431372548767, 0.9333333333333333481 ) ;
#72 = MECHANICAL_DESIGN_GEOMETRIC_PRESENTATION_REPRESENTATION (  '', ( #5019 ), #4177 ) ;
#73 = VERTEX_POINT ( 'NONE', #3716 ) ;
#74 = VECTOR ( 'NONE', #4311, 1000.000000000000000 ) ;
#75 = ORIENTED_EDGE ( 'NONE', *, *, #5695, .F. ) ;
#76 = FACE_OUTER_BOUND ( 'NONE', #5396, .T. ) ;
#77 = ORIENTED_EDGE ( 'NONE', *, *, #1300, .F. ) ;
#78 = EDGE_CURVE ( 'NONE', #641, #5062, #4918, .T. ) ;
#79 = EDGE_CURVE ( 'NONE', #2327, #2502, #901, .T. ) ;
#80 = FACE_OUTER_BOUND ( 'NONE', #1104, .T. ) ;
#81 =( NAMED_UNIT ( * ) PLANE_ANGLE_UNIT ( ) SI_UNIT ( $, .RADIAN. ) );
#82 =( GEOMETRIC_REPRESENTATION_CONTEXT ( 3 ) GLOBAL_UNCERTAINTY_ASSIGNED_CONTEXT ( ( #3160 ) ) GLOBAL_UNIT_ASSIGNED_CONTEXT ( ( #830, #3491, #3010 ) ) REPRESENTATION_CONTEXT ( 'NONE', 'WORKASPACE' ) );
#83 = ORIENTED_EDGE ( 'NONE', *, *, #4041, .T. ) ;
#84 = LINE ( 'NONE', #2336, #4917 ) ;
#85 =( NAMED_UNIT ( * ) PLANE_ANGLE_UNIT ( ) SI_UNIT ( $, .RADIAN. ) );
#86 = DIRECTION ( 'NONE',  ( 0.000000000000000000, 0.000000000000000000, -1.000000000000000000 ) ) ;
#87 = PRESENTATION_LAYER_ASSIGNMENT (  '', '', ( #2526 ) ) ;
#88 = CARTESIAN_POINT ( 'NONE',  ( -1.000000000000007327, 5.790000000000000036, 0.000000000000000000 ) ) ;
#89 = DIRECTION ( 'NONE',  ( 2.521054684552918662E-16, -1.000000000000000000, 0.000000000000000000 ) ) ;
#90 =( BOUNDED_CURVE ( )  B_SPLINE_CURVE ( 3, ( #5652, #3469, #4767, #805 ),
 .UNSPECIFIED., .F., .T. ) 
 B_SPLINE_CURVE_WITH_KNOTS ( ( 4, 4 ),
 ( 2.346509308523877735, 3.122222290252849586 ),
 .UNSPECIFIED. ) 
 CURVE ( )  GEOMETRIC_REPRESENTATION_ITEM ( )  RATIONAL_B_SPLINE_CURVE ( ( 1.000000000000000000, 0.9504812478446620361, 0.9504812478446620361, 1.000000000000000000 ) ) 
 REPRESENTATION_ITEM ( '' )  );
#91 = ORIENTED_EDGE ( 'NONE', *, *, #5734, .F. ) ;
#92 = VERTEX_POINT ( 'NONE', #4503 ) ;
#93 = SURFACE_STYLE_FILL_AREA ( #1007 ) ;
#94 = VECTOR ( 'NONE', #2564, 1000.000000000000000 ) ;
#95 = LINE ( 'NONE', #3662, #2996 ) ;
#96 = CARTESIAN_POINT ( 'NONE',  ( 4.823259234548942231, -5.840000000000002522, 0.5000000000000000000 ) ) ;
#97 = EDGE_LOOP ( 'NONE', ( #46, #5578, #1195, #1069 ) ) ;
#98 = DIRECTION ( 'NONE',  ( 0.000000000000000000, 0.000000000000000000, 1.000000000000000000 ) ) ;
#99 = VECTOR ( 'NONE', #4045, 1000.000000000000000 ) ;
#100 = ORIENTED_EDGE ( 'NONE', *, *, #4821, .F. ) ;
#101 = EDGE_LOOP ( 'NONE', ( #5261, #798, #1135, #773 ) ) ;
#102 = ORIENTED_EDGE ( 'NONE', *, *, #2857, .T. ) ;
#103 = LINE ( 'NONE', #583, #4609 ) ;
#104 = ORIENTED_EDGE ( 'NONE', *, *, #3366, .T. ) ;
#105 = CARTESIAN_POINT ( 'NONE',  ( -4.899999999999997691, -5.190000000000000391, 0.3944444506222550828 ) ) ;
#106 = UNCERTAINTY_MEASURE_WITH_UNIT (LENGTH_MEASURE( 1.000000000000000082E-05 ), #415, 'distance_accuracy_value', 'NONE');
#107 = CARTESIAN_POINT ( 'NONE',  ( -0.2000000000000074496, 5.190000000000000391, 2.399999999999999911 ) ) ;
#108 = EDGE_CURVE ( 'NONE', #3243, #3381, #4947, .T. ) ;
#109 = EDGE_CURVE ( 'NONE', #1950, #1390, #3271, .T. ) ;
#110 = VERTEX_POINT ( 'NONE', #957 ) ;
#111 = DIRECTION ( 'NONE',  ( 1.000000000000000000, -0.000000000000000000, -0.000000000000000000 ) ) ;
#112 = VECTOR ( 'NONE', #724, 1000.000000000000000 ) ;
#113 = FILL_AREA_STYLE_COLOUR ( '', #1169 ) ;
#114 =( NAMED_UNIT ( * ) PLANE_ANGLE_UNIT ( ) SI_UNIT ( $, .RADIAN. ) );
#115 = VERTEX_POINT ( 'NONE', #1767 ) ;
#116 = ORIENTED_EDGE ( 'NONE', *, *, #1373, .T. ) ;
#117 = FACE_OUTER_BOUND ( 'NONE', #762, .T. ) ;
#118 = LINE ( 'NONE', #568, #3339 ) ;
#119 = CARTESIAN_POINT ( 'NONE',  ( 3.897026497535696077, 4.187026497535694780, 2.389999999999999680 ) ) ;
#120 = UNCERTAINTY_MEASURE_WITH_UNIT (LENGTH_MEASURE( 1.000000000000000082E-05 ), #3107, 'distance_accuracy_value', 'NONE');
#121 = STYLED_ITEM ( 'NONE', ( #4176 ), #158 ) ;
#122 = CARTESIAN_POINT ( 'NONE',  ( 4.461582618623270768, -4.751582618623272580, 3.000972107782181375 ) ) ;
#123 = DIRECTION ( 'NONE',  ( -8.403515615176396771E-17, -1.000000000000000000, 0.000000000000000000 ) ) ;
#124 = EDGE_LOOP ( 'NONE', ( #3620, #5644, #5162 ) ) ;
#125 = PRESENTATION_LAYER_ASSIGNMENT (  '', '', ( #2647 ) ) ;
#126 =( LENGTH_UNIT ( ) NAMED_UNIT ( * ) SI_UNIT ( .MILLI., .METRE. ) );
#127 = ORIENTED_EDGE ( 'NONE', *, *, #5495, .F. ) ;
#128 = VERTEX_POINT ( 'NONE', #628 ) ;
#129 = LINE ( 'NONE', #2821, #1755 ) ;
#130 = DIRECTION ( 'NONE',  ( -1.000000000000000000, -0.000000000000000000, -0.000000000000000000 ) ) ;
#131 = COLOUR_RGB ( '',0.8431372549019607865, 0.8431372549019607865, 0.8431372549019607865 ) ;
#132 = FACE_OUTER_BOUND ( 'NONE', #3903, .T. ) ;
#133 = LINE ( 'NONE', #3173, #2667 ) ;
#134 = SURFACE_STYLE_FILL_AREA ( #2333 ) ;
#135 = CARTESIAN_POINT ( 'NONE',  ( -4.899999999999999467, 5.190000000000000391, 2.399999999999999911 ) ) ;
#136 = VECTOR ( 'NONE', #4632, 1000.000000000000000 ) ;
#137 = ORIENTED_EDGE ( 'NONE', *, *, #4721, .T. ) ;
#138 = CARTESIAN_POINT ( 'NONE',  ( 0.1999999999999952094, 4.499823100075543536, 0.5000000000000000000 ) ) ;
#139 = CARTESIAN_POINT ( 'NONE',  ( 1.399999999999997247, 5.790000000000000036, 0.5000000000000000000 ) ) ;
#140 = SURFACE_STYLE_FILL_AREA ( #1435 ) ;
#141 = PRESENTATION_LAYER_ASSIGNMENT (  '', '', ( #4900 ) ) ;
#142 = EDGE_CURVE ( 'NONE', #4384, #1107, #5161, .T. ) ;
#143 = EDGE_CURVE ( 'NONE', #4935, #1730, #148, .T. ) ;
#144 = FACE_OUTER_BOUND ( 'NONE', #4162, .T. ) ;
#145 = VECTOR ( 'NONE', #1575, 1000.000000000000000 ) ;
#146 = EDGE_LOOP ( 'NONE', ( #972, #4955, #4417, #1451 ) ) ;
#147 = LINE ( 'NONE', #1932, #4907 ) ;
#148 = LINE ( 'NONE', #1965, #5528 ) ;
#149 = LINE ( 'NONE', #1905, #5568 ) ;
#150 = CARTESIAN_POINT ( 'NONE',  ( -4.823259234548942231, -5.090000000000002522, 0.000000000000000000 ) ) ;
#151 = EDGE_CURVE ( 'NONE', #1230, #4098, #4883, .T. ) ;
#152 = VECTOR ( 'NONE', #1954, 1000.000000000000000 ) ;
#153 = EDGE_LOOP ( 'NONE', ( #2245, #1141, #3420, #4426 ) ) ;
#154 = LINE ( 'NONE', #3162, #4779 ) ;
#155 = ORIENTED_EDGE ( 'NONE', *, *, #2583, .T. ) ;
#156 =( LENGTH_UNIT ( ) NAMED_UNIT ( * ) SI_UNIT ( .MILLI., .METRE. ) );
#157 = LINE ( 'NONE', #3726, #5572 ) ;
#158 = ADVANCED_FACE ( 'NONE', ( #4889 ), #450, .F. ) ;
#159 = VERTEX_POINT ( 'NONE', #4020 ) ;
#160 = AXIS2_PLACEMENT_3D ( 'NONE', #4329, #2167, #1752 ) ;
#161 = EDGE_LOOP ( 'NONE', ( #2657, #2538, #2867, #4399 ) ) ;
#162 = ORIENTED_EDGE ( 'NONE', *, *, #580, .T. ) ;
#163 =( NAMED_UNIT ( * ) SI_UNIT ( $, .STERADIAN. ) SOLID_ANGLE_UNIT ( ) );
#164 = PRESENTATION_LAYER_ASSIGNMENT (  '', '', ( #3997 ) ) ;
#165 = VECTOR ( 'NONE', #5702, 1000.000000000000000 ) ;
#166 =( NAMED_UNIT ( * ) PLANE_ANGLE_UNIT ( ) SI_UNIT ( $, .RADIAN. ) );
#167 =( GEOMETRIC_REPRESENTATION_CONTEXT ( 3 ) GLOBAL_UNCERTAINTY_ASSIGNED_CONTEXT ( ( #342 ) ) GLOBAL_UNIT_ASSIGNED_CONTEXT ( ( #126, #2440, #3823 ) ) REPRESENTATION_CONTEXT ( 'NONE', 'WORKASPACE' ) );
#168 = LINE ( 'NONE', #3351, #5604 ) ;
#169 = VECTOR ( 'NONE', #1083, 1000.000000000000000 ) ;
#170 = ORIENTED_EDGE ( 'NONE', *, *, #2577, .T. ) ;
#171 =( NAMED_UNIT ( * ) PLANE_ANGLE_UNIT ( ) SI_UNIT ( $, .RADIAN. ) );
#172 = AXIS2_PLACEMENT_3D ( 'NONE', #1776, #2163, #1717 ) ;
#173 = CARTESIAN_POINT ( 'NONE',  ( 0.1999999999999952094, 4.499823100075543536, 0.5000000000000000000 ) ) ;
#174 = EDGE_CURVE ( 'NONE', #3400, #3111, #3600, .T. ) ;
#175 = VERTEX_POINT ( 'NONE', #5347 ) ;
#176 = LINE ( 'NONE', #928, #1804 ) ;
#177 =( NAMED_UNIT ( * ) SI_UNIT ( $, .STERADIAN. ) SOLID_ANGLE_UNIT ( ) );
#178 = CARTESIAN_POINT ( 'NONE',  ( -4.182670137274078215, -1.790000000000002478, 0.000000000000000000 ) ) ;
#179 = UNCERTAINTY_MEASURE_WITH_UNIT (LENGTH_MEASURE( 1.000000000000000082E-05 ), #619, 'distance_accuracy_value', 'NONE');
#180 = ORIENTED_EDGE ( 'NONE', *, *, #4395, .T. ) ;
#181 = DIRECTION ( 'NONE',  ( 1.000000000000000000, -0.000000000000000000, -0.000000000000000000 ) ) ;
#182 =( NAMED_UNIT ( * ) PLANE_ANGLE_UNIT ( ) SI_UNIT ( $, .RADIAN. ) );
#183 = EDGE_CURVE ( 'NONE', #1886, #128, #1358, .T. ) ;
#184 = ORIENTED_EDGE ( 'NONE', *, *, #2353, .F. ) ;
#185 = DIRECTION ( 'NONE',  ( 0.000000000000000000, 1.000000000000000000, 0.000000000000000000 ) ) ;
#186 = ADVANCED_FACE ( 'NONE', ( #1394 ), #3869, .T. ) ;
#187 = DIRECTION ( 'NONE',  ( 0.000000000000000000, 0.000000000000000000, 1.000000000000000000 ) ) ;
#188 = FACE_OUTER_BOUND ( 'NONE', #5555, .T. ) ;
#189 = ORIENTED_EDGE ( 'NONE', *, *, #4454, .T. ) ;
#190 = VERTEX_POINT ( 'NONE', #3781 ) ;
#191 =( GEOMETRIC_REPRESENTATION_CONTEXT ( 3 ) GLOBAL_UNCERTAINTY_ASSIGNED_CONTEXT ( ( #1474 ) ) GLOBAL_UNIT_ASSIGNED_CONTEXT ( ( #3221, #4155, #3634 ) ) REPRESENTATION_CONTEXT ( 'NONE', 'WORKASPACE' ) );
#192 = CARTESIAN_POINT ( 'NONE',  ( 4.149999999999999467, -5.840000000000002522, 0.5000000000000000000 ) ) ;
#193 = FACE_OUTER_BOUND ( 'NONE', #4730, .T. ) ;
#194 = MECHANICAL_DESIGN_GEOMETRIC_PRESENTATION_REPRESENTATION (  '', ( #5688 ), #4865 ) ;
#195 = FACE_OUTER_BOUND ( 'NONE', #5036, .T. ) ;
#196 = ORIENTED_EDGE ( 'NONE', *, *, #4212, .T. ) ;
#197 =( NAMED_UNIT ( * ) SI_UNIT ( $, .STERADIAN. ) SOLID_ANGLE_UNIT ( ) );
#198 = CARTESIAN_POINT ( 'NONE',  ( -0.5999999999999998668, -5.840000000000001634, 0.000000000000000000 ) ) ;
#199 = PLANE ( 'NONE',  #3054 ) ;
#200 = AXIS2_PLACEMENT_3D ( 'NONE', #5423, #3672, #3205 ) ;
#201 = LINE ( 'NONE', #2861, #5333 ) ;
#202 = VECTOR ( 'NONE', #927, 1000.000000000000000 ) ;
#203 = ORIENTED_EDGE ( 'NONE', *, *, #1373, .F. ) ;
#204 =( NAMED_UNIT ( * ) SI_UNIT ( $, .STERADIAN. ) SOLID_ANGLE_UNIT ( ) );
#205 = CARTESIAN_POINT ( 'NONE',  ( 0.000000000000000000, 0.000000000000000000, 0.000000000000000000 ) ) ;
#206 = DIRECTION ( 'NONE',  ( 3.361406246070558709E-16, 1.000000000000000000, -0.000000000000000000 ) ) ;
#207 = VECTOR ( 'NONE', #4038, 1000.000000000000000 ) ;
#208 = VERTEX_POINT ( 'NONE', #718 ) ;
#209 =( NAMED_UNIT ( * ) PLANE_ANGLE_UNIT ( ) SI_UNIT ( $, .RADIAN. ) );
#210 = FILL_AREA_STYLE ('',( #2034 ) ) ;
#211 = ORIENTED_EDGE ( 'NONE', *, *, #4326, .F. ) ;
#212 = VECTOR ( 'NONE', #657, 1000.000000000000000 ) ;
#213 = DIRECTION ( 'NONE',  ( 1.000000000000000000, 0.000000000000000000, 0.000000000000000000 ) ) ;
#214 = SURFACE_SIDE_STYLE ('',( #2382 ) ) ;
#215 = EDGE_CURVE ( 'NONE', #4189, #311, #2494, .T. ) ;
#216 = ORIENTED_EDGE ( 'NONE', *, *, #2189, .F. ) ;
#217 = DIRECTION ( 'NONE',  ( 0.000000000000000000, 0.000000000000000000, -1.000000000000000000 ) ) ;
#218 = FACE_OUTER_BOUND ( 'NONE', #1973, .T. ) ;
#219 = LINE ( 'NONE', #1055, #4170 ) ;
#220 = LINE ( 'NONE', #4225, #145 ) ;
#221 = UNCERTAINTY_MEASURE_WITH_UNIT (LENGTH_MEASURE( 1.000000000000000082E-05 ), #421, 'distance_accuracy_value', 'NONE');
#222 = PLANE ( 'NONE',  #764 ) ;
#223 = PRESENTATION_LAYER_ASSIGNMENT (  '', '', ( #2184 ) ) ;
#224 = ADVANCED_FACE ( 'NONE', ( #752 ), #2522, .F. ) ;
#225 = DIRECTION ( 'NONE',  ( 0.000000000000000000, 0.000000000000000000, -1.000000000000000000 ) ) ;
#226 = COLOUR_RGB ( '',0.8431372549019607865, 0.8431372549019607865, 0.8431372549019607865 ) ;
#227 = ORIENTED_EDGE ( 'NONE', *, *, #5034, .F. ) ;
#228 =( NAMED_UNIT ( * ) PLANE_ANGLE_UNIT ( ) SI_UNIT ( $, .RADIAN. ) );
#229 = CARTESIAN_POINT ( 'NONE',  ( -4.456072294833551162, 4.746072294833551197, 3.040180098836097855 ) ) ;
#230 = FACE_OUTER_BOUND ( 'NONE', #414, .T. ) ;
#231 = SURFACE_SIDE_STYLE ('',( #5195 ) ) ;
#232 = AXIS2_PLACEMENT_3D ( 'NONE', #371, #1204, #2561 ) ;
#233 = DIRECTION ( 'NONE',  ( 1.000000000000000000, 0.000000000000000000, 0.000000000000000000 ) ) ;
#234 = ORIENTED_EDGE ( 'NONE', *, *, #2645, .T. ) ;
#235 = LINE ( 'NONE', #2402, #1565 ) ;
#236 = DIRECTION ( 'NONE',  ( -0.1378445374916248412, -0.1378445374916248412, 0.9808148484639902520 ) ) ;
#237 =( GEOMETRIC_REPRESENTATION_CONTEXT ( 3 ) GLOBAL_UNCERTAINTY_ASSIGNED_CONTEXT ( ( #1059 ) ) GLOBAL_UNIT_ASSIGNED_CONTEXT ( ( #3693, #1945, #2874 ) ) REPRESENTATION_CONTEXT ( 'NONE', 'WORKASPACE' ) );
#238 = PLANE ( 'NONE',  #269 ) ;
#239 = UNCERTAINTY_MEASURE_WITH_UNIT (LENGTH_MEASURE( 1.000000000000000082E-05 ), #3978, 'distance_accuracy_value', 'NONE');
#240 = ORIENTED_EDGE ( 'NONE', *, *, #3614, .F. ) ;
#241 = DIRECTION ( 'NONE',  ( 0.000000000000000000, -1.000000000000000000, 0.000000000000000000 ) ) ;
#242 = COLOUR_RGB ( '',0.8431372549019607865, 0.8431372549019607865, 0.8431372549019607865 ) ;
#243 = DIRECTION ( 'NONE',  ( 8.356086107788086850E-17, -1.000000000000000000, -3.143255462675530068E-33 ) ) ;
#244 = ORIENTED_EDGE ( 'NONE', *, *, #367, .F. ) ;
#245 = CARTESIAN_POINT ( 'NONE',  ( -4.823259234548942231, 0.8099999999999973888, 0.000000000000000000 ) ) ;
#246 = CARTESIAN_POINT ( 'NONE',  ( 4.823259234548942231, -1.790000000000002478, 0.5000000000000000000 ) ) ;
#247 = ORIENTED_EDGE ( 'NONE', *, *, #3678, .T. ) ;
#248 = EDGE_CURVE ( 'NONE', #3970, #1783, #688, .T. ) ;
#249 = PLANE ( 'NONE',  #1909 ) ;
#250 = FILL_AREA_STYLE ('',( #3379 ) ) ;
#251 = LINE ( 'NONE', #3797, #2207 ) ;
#252 = COLOUR_RGB ( '',0.8431372549019607865, 0.8431372549019607865, 0.8431372549019607865 ) ;
#253 = VECTOR ( 'NONE', #4550, 1000.000000000000000 ) ;
#254 = PRESENTATION_LAYER_ASSIGNMENT (  '', '', ( #5106 ) ) ;
#255 = EDGE_LOOP ( 'NONE', ( #788, #184, #2625, #851 ) ) ;
#256 = EDGE_CURVE ( 'NONE', #2549, #870, #2459, .T. ) ;
#257 = PRESENTATION_STYLE_ASSIGNMENT (( #2913 ) ) ;
#258 = ADVANCED_FACE ( 'NONE', ( #2063 ), #3843, .F. ) ;
#259 = DIRECTION ( 'NONE',  ( -0.000000000000000000, -0.000000000000000000, -1.000000000000000000 ) ) ;
#260 = LINE ( 'NONE', #3265, #3915 ) ;
#261 = PLANE ( 'NONE',  #2059 ) ;
#262 = AXIS2_PLACEMENT_3D ( 'NONE', #3571, #1449, #5349 ) ;
#263 = AXIS2_PLACEMENT_3D ( 'NONE', #502, #601, #5490 ) ;
#264 = DIRECTION ( 'NONE',  ( 1.000000000000000000, -0.000000000000000000, -0.000000000000000000 ) ) ;
#265 = ORIENTED_EDGE ( 'NONE', *, *, #3712, .T. ) ;
#266 = DIRECTION ( 'NONE',  ( 1.000000000000000000, 0.000000000000000000, -0.000000000000000000 ) ) ;
#267 = CIRCLE ( 'NONE', #3525, 0.1000000000000002554 ) ;
#268 = DIRECTION ( 'NONE',  ( 1.000000000000000000, 0.000000000000000000, 0.000000000000000000 ) ) ;
#269 = AXIS2_PLACEMENT_3D ( 'NONE', #2985, #720, #661 ) ;
#270 = SURFACE_SIDE_STYLE ('',( #3782 ) ) ;
#271 = AXIS2_PLACEMENT_3D ( 'NONE', #3508, #5296, #2641 ) ;
#272 = CARTESIAN_POINT ( 'NONE',  ( 0.5999999999999998668, -5.540000000000001812, 0.5000000000000000000 ) ) ;
#273 = EDGE_LOOP ( 'NONE', ( #116, #4023, #435, #3207 ) ) ;
#274 = CARTESIAN_POINT ( 'NONE',  ( -1.400000000000009681, 5.790000000000000036, 0.000000000000000000 ) ) ;
#275 = CARTESIAN_POINT ( 'NONE',  ( 2.600000000000000533, 5.790000000000000036, 0.5000000000000000000 ) ) ;
#276 = LINE ( 'NONE', #3850, #5483 ) ;
#277 = EDGE_LOOP ( 'NONE', ( #4065, #1963, #1178, #189 ) ) ;
#278 = DIRECTION ( 'NONE',  ( 0.000000000000000000, 1.000000000000000000, 0.000000000000000000 ) ) ;
#279 = DIRECTION ( 'NONE',  ( 0.000000000000000000, 1.000000000000000000, 0.000000000000000000 ) ) ;
#280 = DIRECTION ( 'NONE',  ( -0.000000000000000000, -0.000000000000000000, -1.000000000000000000 ) ) ;
#281 = DIRECTION ( 'NONE',  ( 0.000000000000000000, 0.000000000000000000, -1.000000000000000000 ) ) ;
#282 = UNCERTAINTY_MEASURE_WITH_UNIT (LENGTH_MEASURE( 1.000000000000000082E-05 ), #5343, 'distance_accuracy_value', 'NONE');
#283 = ORIENTED_EDGE ( 'NONE', *, *, #3531, .F. ) ;
#284 = EDGE_CURVE ( 'NONE', #2251, #1230, #2738, .T. ) ;
#285 = EDGE_LOOP ( 'NONE', ( #5731, #4761, #5603, #1448 ) ) ;
#286 = PLANE ( 'NONE',  #640 ) ;
#287 =( NAMED_UNIT ( * ) PLANE_ANGLE_UNIT ( ) SI_UNIT ( $, .RADIAN. ) );
#288 = CARTESIAN_POINT ( 'NONE',  ( 2.600000000000000533, 5.790000000000000036, 0.000000000000000000 ) ) ;
#289 =( GEOMETRIC_REPRESENTATION_CONTEXT ( 3 ) GLOBAL_UNCERTAINTY_ASSIGNED_CONTEXT ( ( #3687 ) ) GLOBAL_UNIT_ASSIGNED_CONTEXT ( ( #1878, #2378, #3597 ) ) REPRESENTATION_CONTEXT ( 'NONE', 'WORKASPACE' ) );
#290 = ADVANCED_FACE ( 'NONE', ( #3362 ), #2169, .T. ) ;
#291 = ADVANCED_FACE ( 'NONE', ( #3447 ), #3558, .F. ) ;
#292 = ORIENTED_EDGE ( 'NONE', *, *, #2088, .F. ) ;
#293 = FILL_AREA_STYLE_COLOUR ( '', #27 ) ;
#294 = CARTESIAN_POINT ( 'NONE',  ( 4.823259234548942231, 0.8099999999999973888, 0.000000000000000000 ) ) ;
#295 = DIRECTION ( 'NONE',  ( 0.000000000000000000, -0.000000000000000000, 1.000000000000000000 ) ) ;
#296 = UNCERTAINTY_MEASURE_WITH_UNIT (LENGTH_MEASURE( 1.000000000000000082E-05 ), #3976, 'distance_accuracy_value', 'NONE');
#297 = VERTEX_POINT ( 'NONE', #3897 ) ;
#298 =( GEOMETRIC_REPRESENTATION_CONTEXT ( 3 ) GLOBAL_UNCERTAINTY_ASSIGNED_CONTEXT ( ( #2987 ) ) GLOBAL_UNIT_ASSIGNED_CONTEXT ( ( #708, #2482, #2911 ) ) REPRESENTATION_CONTEXT ( 'NONE', 'WORKASPACE' ) );
#299 = DIRECTION ( 'NONE',  ( 0.000000000000000000, 1.000000000000000000, 0.000000000000000000 ) ) ;
#300 = SURFACE_STYLE_FILL_AREA ( #4307 ) ;
#301 = ORIENTED_EDGE ( 'NONE', *, *, #3012, .F. ) ;
#302 = PRESENTATION_LAYER_ASSIGNMENT (  '', '', ( #3096 ) ) ;
#303 = LINE ( 'NONE', #1705, #4424 ) ;
#304 =( NAMED_UNIT ( * ) PLANE_ANGLE_UNIT ( ) SI_UNIT ( $, .RADIAN. ) );
#305 = VECTOR ( 'NONE', #5312, 1000.000000000000000 ) ;
#306 = DIRECTION ( 'NONE',  ( -0.000000000000000000, 0.000000000000000000, -1.000000000000000000 ) ) ;
#307 = DIRECTION ( 'NONE',  ( -0.000000000000000000, -0.000000000000000000, -1.000000000000000000 ) ) ;
#308 = SURFACE_SIDE_STYLE ('',( #341 ) ) ;
#309 = DIRECTION ( 'NONE',  ( 0.000000000000000000, 0.000000000000000000, 1.000000000000000000 ) ) ;
#310 = CARTESIAN_POINT ( 'NONE',  ( -4.823259234548942231, 0.8099999999999973888, 0.5000000000000000000 ) ) ;
#311 = VERTEX_POINT ( 'NONE', #3929 ) ;
#312 = ORIENTED_EDGE ( 'NONE', *, *, #4068, .T. ) ;
#313 = SURFACE_STYLE_USAGE ( .BOTH. , #3062 ) ;
#314 = ORIENTED_EDGE ( 'NONE', *, *, #768, .T. ) ;
#315 = AXIS2_PLACEMENT_3D ( 'NONE', #2772, #4579, #2337 ) ;
#316 = DIRECTION ( 'NONE',  ( 1.000000000000000000, 2.443272501375785946E-16, 0.000000000000000000 ) ) ;
#317 = FACE_OUTER_BOUND ( 'NONE', #3489, .T. ) ;
#318 = AXIS2_PLACEMENT_3D ( 'NONE', #2105, #346, #1690 ) ;
#319 = ORIENTED_EDGE ( 'NONE', *, *, #4998, .T. ) ;
#320 = CARTESIAN_POINT ( 'NONE',  ( 0.000000000000000000, 0.000000000000000000, 0.5000000000000000000 ) ) ;
#321 =( LENGTH_UNIT ( ) NAMED_UNIT ( * ) SI_UNIT ( .MILLI., .METRE. ) );
#322 = LINE ( 'NONE', #2223, #535 ) ;
#323 = ADVANCED_FACE ( 'NONE', ( #1346 ), #3118, .T. ) ;
#324 = EDGE_CURVE ( 'NONE', #4923, #5253, #3017, .T. ) ;
#325 = FACE_OUTER_BOUND ( 'NONE', #4814, .T. ) ;
#326 = VECTOR ( 'NONE', #1330, 1000.000000000000000 ) ;
#327 = ORIENTED_EDGE ( 'NONE', *, *, #2791, .T. ) ;
#328 = LINE ( 'NONE', #2636, #4686 ) ;
#329 = CARTESIAN_POINT ( 'NONE',  ( 0.1999999999999952094, 4.499823100075543536, 0.5000000000000000000 ) ) ;
#330 =( GEOMETRIC_REPRESENTATION_CONTEXT ( 3 ) GLOBAL_UNCERTAINTY_ASSIGNED_CONTEXT ( ( #2393 ) ) GLOBAL_UNIT_ASSIGNED_CONTEXT ( ( #3539, #10, #3594 ) ) REPRESENTATION_CONTEXT ( 'NONE', 'WORKASPACE' ) );
#331 = ORIENTED_EDGE ( 'NONE', *, *, #5602, .F. ) ;
#332 = SURFACE_STYLE_FILL_AREA ( #1731 ) ;
#333 = EDGE_CURVE ( 'NONE', #626, #4189, #3040, .T. ) ;
#334 = EDGE_CURVE ( 'NONE', #2271, #4940, #4819, .T. ) ;
#335 = PRESENTATION_STYLE_ASSIGNMENT (( #1302 ) ) ;
#336 = SURFACE_SIDE_STYLE ('',( #2123 ) ) ;
#337 = STYLED_ITEM ( 'NONE', ( #2331 ), #1587 ) ;
#338 = STYLED_ITEM ( 'NONE', ( #3124 ), #1821 ) ;
#339 = VERTEX_POINT ( 'NONE', #3093 ) ;
#340 = EDGE_CURVE ( 'NONE', #4786, #4610, #3499, .T. ) ;
#341 = SURFACE_STYLE_FILL_AREA ( #2421 ) ;
#342 = UNCERTAINTY_MEASURE_WITH_UNIT (LENGTH_MEASURE( 1.000000000000000082E-05 ), #126, 'distance_accuracy_value', 'NONE');
#343 = DIRECTION ( 'NONE',  ( 0.000000000000000000, 0.000000000000000000, 1.000000000000000000 ) ) ;
#344 = VERTEX_POINT ( 'NONE', #5427 ) ;
#345 = LINE ( 'NONE', #5192, #3709 ) ;
#346 = DIRECTION ( 'NONE',  ( 0.000000000000000000, 1.000000000000000000, 0.000000000000000000 ) ) ;
#347 = ORIENTED_EDGE ( 'NONE', *, *, #4869, .T. ) ;
#348 = COLOUR_RGB ( '',0.8431372549019607865, 0.8431372549019607865, 0.8431372549019607865 ) ;
#349 = PRESENTATION_STYLE_ASSIGNMENT (( #887 ) ) ;
#350 = MECHANICAL_DESIGN_GEOMETRIC_PRESENTATION_REPRESENTATION (  '', ( #5106 ), #1379 ) ;
#351 = SURFACE_SIDE_STYLE ('',( #2108 ) ) ;
#352 = PRESENTATION_LAYER_ASSIGNMENT (  '', '', ( #4543 ) ) ;
#353 = EDGE_LOOP ( 'NONE', ( #881, #2746, #4841, #3307 ) ) ;
#354 = DIRECTION ( 'NONE',  ( -1.000000000000000000, -6.722812492141117417E-16, 0.000000000000000000 ) ) ;
#355 = DIRECTION ( 'NONE',  ( -1.000000000000000000, 0.000000000000000000, 0.000000000000000000 ) ) ;
#356 = STYLED_ITEM ( 'NONE', ( #3165 ), #3805 ) ;
#357 = CIRCLE ( 'NONE', #1210, 0.1000000000000001166 ) ;
#358 = UNCERTAINTY_MEASURE_WITH_UNIT (LENGTH_MEASURE( 1.000000000000000082E-05 ), #3468, 'distance_accuracy_value', 'NONE');
#359 = ORIENTED_EDGE ( 'NONE', *, *, #4294, .T. ) ;
#360 = ADVANCED_FACE ( 'NONE', ( #2273 ), #2709, .T. ) ;
#361 = DIRECTION ( 'NONE',  ( 0.000000000000000000, 1.000000000000000000, 0.000000000000000000 ) ) ;
#362 = STYLED_ITEM ( 'NONE', ( #1275 ), #3951 ) ;
#363 =( GEOMETRIC_REPRESENTATION_CONTEXT ( 3 ) GLOBAL_UNCERTAINTY_ASSIGNED_CONTEXT ( ( #4783 ) ) GLOBAL_UNIT_ASSIGNED_CONTEXT ( ( #529, #114, #1036 ) ) REPRESENTATION_CONTEXT ( 'NONE', 'WORKASPACE' ) );
#364 = ORIENTED_EDGE ( 'NONE', *, *, #5072, .T. ) ;
#365 = LINE ( 'NONE', #1222, #1815 ) ;
#366 = STYLED_ITEM ( 'NONE', ( #1405 ), #4186 ) ;
#367 = EDGE_CURVE ( 'NONE', #5253, #2492, #5399, .T. ) ;
#368 = PRESENTATION_STYLE_ASSIGNMENT (( #2587 ) ) ;
#369 = ADVANCED_FACE ( 'NONE', ( #5362 ), #4964, .F. ) ;
#370 = FACE_OUTER_BOUND ( 'NONE', #101, .T. ) ;
#371 = CARTESIAN_POINT ( 'NONE',  ( -1.400000000000009681, 5.790000000000000036, 0.5000000000000000000 ) ) ;
#372 = SURFACE_SIDE_STYLE ('',( #4346 ) ) ;
#373 = EDGE_LOOP ( 'NONE', ( #990, #4986, #387, #4798, #5272, #5392 ) ) ;
#374 = LINE ( 'NONE', #3946, #165 ) ;
#375 = DIRECTION ( 'NONE',  ( -0.000000000000000000, -0.000000000000000000, -1.000000000000000000 ) ) ;
#376 = DIRECTION ( 'NONE',  ( 0.000000000000000000, 0.000000000000000000, 1.000000000000000000 ) ) ;
#377 =( NAMED_UNIT ( * ) SI_UNIT ( $, .STERADIAN. ) SOLID_ANGLE_UNIT ( ) );
#378 = PRESENTATION_STYLE_ASSIGNMENT (( #4379 ) ) ;
#379 = ORIENTED_EDGE ( 'NONE', *, *, #78, .T. ) ;
#380 = SURFACE_STYLE_USAGE ( .BOTH. , #5337 ) ;
#381 = CARTESIAN_POINT ( 'NONE',  ( -4.899999999999999467, 5.190000000000000391, 0.000000000000000000 ) ) ;
#382 =( GEOMETRIC_REPRESENTATION_CONTEXT ( 3 ) GLOBAL_UNCERTAINTY_ASSIGNED_CONTEXT ( ( #2812 ) ) GLOBAL_UNIT_ASSIGNED_CONTEXT ( ( #693, #209, #2465 ) ) REPRESENTATION_CONTEXT ( 'NONE', 'WORKASPACE' ) );
#383 = PRESENTATION_STYLE_ASSIGNMENT (( #1218 ) ) ;
#384 = CARTESIAN_POINT ( 'NONE',  ( 2.199999999999997069, 4.499823100075543536, 0.5000000000000000000 ) ) ;
#385 =( GEOMETRIC_REPRESENTATION_CONTEXT ( 3 ) GLOBAL_UNCERTAINTY_ASSIGNED_CONTEXT ( ( #4153 ) ) GLOBAL_UNIT_ASSIGNED_CONTEXT ( ( #4882, #5291, #2227 ) ) REPRESENTATION_CONTEXT ( 'NONE', 'WORKASPACE' ) );
#386 = STYLED_ITEM ( 'NONE', ( #2873 ), #4453 ) ;
#387 = ORIENTED_EDGE ( 'NONE', *, *, #3216, .T. ) ;
#388 = CARTESIAN_POINT ( 'NONE',  ( -0.2000000000000074496, 5.790000000000000036, 0.5000000000000000000 ) ) ;
#389 =( NAMED_UNIT ( * ) PLANE_ANGLE_UNIT ( ) SI_UNIT ( $, .RADIAN. ) );
#390 =( GEOMETRIC_REPRESENTATION_CONTEXT ( 3 ) GLOBAL_UNCERTAINTY_ASSIGNED_CONTEXT ( ( #296 ) ) GLOBAL_UNIT_ASSIGNED_CONTEXT ( ( #3976, #888, #3443 ) ) REPRESENTATION_CONTEXT ( 'NONE', 'WORKASPACE' ) );
#391 = DIRECTION ( 'NONE',  ( 0.000000000000000000, 1.000000000000000000, 0.000000000000000000 ) ) ;
#392 = VECTOR ( 'NONE', #955, 1000.000000000000000 ) ;
#393 = ORIENTED_EDGE ( 'NONE', *, *, #433, .T. ) ;
#394 = DIRECTION ( 'NONE',  ( -0.000000000000000000, -1.000000000000000000, -0.000000000000000000 ) ) ;
#395 = PLANE ( 'NONE',  #543 ) ;
#396 = ADVANCED_FACE ( 'NONE', ( #1867 ), #3706, .F. ) ;
#397 = ADVANCED_FACE ( 'NONE', ( #1462 ), #2368, .F. ) ;
#398 = DIRECTION ( 'NONE',  ( 0.1378445374916254795, -0.1378445374916254795, 0.9808148484639899189 ) ) ;
#399 = PRESENTATION_LAYER_ASSIGNMENT (  '', '', ( #3860 ) ) ;
#400 = VERTEX_POINT ( 'NONE', #1065 ) ;
#401 = VERTEX_POINT ( 'NONE', #465 ) ;
#402 = CARTESIAN_POINT ( 'NONE',  ( -0.2000000000000074496, 5.790000000000000036, 0.000000000000000000 ) ) ;
#403 = ORIENTED_EDGE ( 'NONE', *, *, #3968, .T. ) ;
#404 =( NAMED_UNIT ( * ) PLANE_ANGLE_UNIT ( ) SI_UNIT ( $, .RADIAN. ) );
#405 = ADVANCED_FACE ( 'NONE', ( #4035 ), #742, .F. ) ;
#406 =( GEOMETRIC_REPRESENTATION_CONTEXT ( 3 ) GLOBAL_UNCERTAINTY_ASSIGNED_CONTEXT ( ( #2049 ) ) GLOBAL_UNIT_ASSIGNED_CONTEXT ( ( #3390, #2889, #2551 ) ) REPRESENTATION_CONTEXT ( 'NONE', 'WORKASPACE' ) );
#407 = SHAPE_DEFINITION_REPRESENTATION ( #3270, #3800 ) ;
#408 = VECTOR ( 'NONE', #3300, 1000.000000000000000 ) ;
#409 = ORIENTED_EDGE ( 'NONE', *, *, #5242, .T. ) ;
#410 = DIRECTION ( 'NONE',  ( 0.000000000000000000, 0.000000000000000000, 1.000000000000000000 ) ) ;
#411 = CARTESIAN_POINT ( 'NONE',  ( -4.149999999999999467, -5.840000000000002522, 0.000000000000000000 ) ) ;
#412 = PRESENTATION_LAYER_ASSIGNMENT (  '', '', ( #1906 ) ) ;
#413 = CARTESIAN_POINT ( 'NONE',  ( 2.600000000000000533, 5.790000000000000036, 0.000000000000000000 ) ) ;
#414 = EDGE_LOOP ( 'NONE', ( #1828, #15, #3742, #5142 ) ) ;
#415 =( LENGTH_UNIT ( ) NAMED_UNIT ( * ) SI_UNIT ( .MILLI., .METRE. ) );
#416 =( GEOMETRIC_REPRESENTATION_CONTEXT ( 3 ) GLOBAL_UNCERTAINTY_ASSIGNED_CONTEXT ( ( #2268 ) ) GLOBAL_UNIT_ASSIGNED_CONTEXT ( ( #2396, #2885, #681 ) ) REPRESENTATION_CONTEXT ( 'NONE', 'WORKASPACE' ) );
#417 = DIRECTION ( 'NONE',  ( -1.000000000000000000, 0.000000000000000000, 0.000000000000000000 ) ) ;
#418 = SURFACE_STYLE_USAGE ( .BOTH. , #4412 ) ;
#419 = COLOUR_RGB ( '',0.8431372549019607865, 0.8431372549019607865, 0.8431372549019607865 ) ;
#420 =( NAMED_UNIT ( * ) SI_UNIT ( $, .STERADIAN. ) SOLID_ANGLE_UNIT ( ) );
#421 =( LENGTH_UNIT ( ) NAMED_UNIT ( * ) SI_UNIT ( .MILLI., .METRE. ) );
#422 = VECTOR ( 'NONE', #4364, 1000.000000000000000 ) ;
#423 = PLANE ( 'NONE',  #262 ) ;
#424 = ORIENTED_EDGE ( 'NONE', *, *, #4830, .F. ) ;
#425 = ADVANCED_FACE ( 'NONE', ( #4614 ), #2057, .T. ) ;
#426 = ORIENTED_EDGE ( 'NONE', *, *, #2899, .T. ) ;
#427 = DIRECTION ( 'NONE',  ( -0.000000000000000000, -1.000000000000000000, -0.000000000000000000 ) ) ;
#428 = LINE ( 'NONE', #1773, #3784 ) ;
#429 = EDGE_LOOP ( 'NONE', ( #855, #5314, #3418, #5190 ) ) ;
#430 = DIRECTION ( 'NONE',  ( -1.000000000000000000, 0.000000000000000000, 0.000000000000000000 ) ) ;
#431 = CARTESIAN_POINT ( 'NONE',  ( 2.199999999999997069, 5.790000000000000036, 0.5000000000000000000 ) ) ;
#432 = SURFACE_STYLE_FILL_AREA ( #2654 ) ;
#433 = EDGE_CURVE ( 'NONE', #2739, #1185, #1094, .T. ) ;
#434 = EDGE_CURVE ( 'NONE', #2843, #208, #1959, .T. ) ;
#435 = ORIENTED_EDGE ( 'NONE', *, *, #5080, .F. ) ;
#436 = DIRECTION ( 'NONE',  ( 0.000000000000000000, 0.000000000000000000, -1.000000000000000000 ) ) ;
#437 = CARTESIAN_POINT ( 'NONE',  ( 4.149999999999999467, -5.540000000000002700, 0.5000000000000000000 ) ) ;
#438 = VECTOR ( 'NONE', #4457, 1000.000000000000000 ) ;
#439 = CARTESIAN_POINT ( 'NONE',  ( -4.899999999999997691, -5.117756129431180412, 0.5999999999999531264 ) ) ;
#440 = LINE ( 'NONE', #413, #305 ) ;
#441 = ORIENTED_EDGE ( 'NONE', *, *, #908, .T. ) ;
#442 = CARTESIAN_POINT ( 'NONE',  ( 4.900000000000000355, -5.190000000000000391, 0.3944444506222559710 ) ) ;
#443 = MECHANICAL_DESIGN_GEOMETRIC_PRESENTATION_REPRESENTATION (  '', ( #3997 ), #4546 ) ;
#444 =( GEOMETRIC_REPRESENTATION_CONTEXT ( 3 ) GLOBAL_UNCERTAINTY_ASSIGNED_CONTEXT ( ( #179 ) ) GLOBAL_UNIT_ASSIGNED_CONTEXT ( ( #619, #3737, #197 ) ) REPRESENTATION_CONTEXT ( 'NONE', 'WORKASPACE' ) );
#445 = CARTESIAN_POINT ( 'NONE',  ( 4.272026497535696521, 4.187026497535694780, 2.399999999999999911 ) ) ;
#446 = CARTESIAN_POINT ( 'NONE',  ( 4.900000000000000355, -5.190000000000000391, 2.399999999999999911 ) ) ;
#447 = DIRECTION ( 'NONE',  ( 1.734723475976802677E-14, 1.000000000000000000, 0.000000000000000000 ) ) ;
#448 =( GEOMETRIC_REPRESENTATION_CONTEXT ( 3 ) GLOBAL_UNCERTAINTY_ASSIGNED_CONTEXT ( ( #2563 ) ) GLOBAL_UNIT_ASSIGNED_CONTEXT ( ( #1851, #5754, #4980 ) ) REPRESENTATION_CONTEXT ( 'NONE', 'WORKASPACE' ) );
#449 = VECTOR ( 'NONE', #3794, 1000.000000000000000 ) ;
#450 = PLANE ( 'NONE',  #1255 ) ;
#451 = STYLED_ITEM ( 'NONE', ( #638 ), #3837 ) ;
#452 =( LENGTH_UNIT ( ) NAMED_UNIT ( * ) SI_UNIT ( .MILLI., .METRE. ) );
#453 =( NAMED_UNIT ( * ) PLANE_ANGLE_UNIT ( ) SI_UNIT ( $, .RADIAN. ) );
#454 = ORIENTED_EDGE ( 'NONE', *, *, #3365, .T. ) ;
#455 = ORIENTED_EDGE ( 'NONE', *, *, #4649, .T. ) ;
#456 =( LENGTH_UNIT ( ) NAMED_UNIT ( * ) SI_UNIT ( .MILLI., .METRE. ) );
#457 = CARTESIAN_POINT ( 'NONE',  ( -2.200000000000009504, 5.790000000000000036, 0.000000000000000000 ) ) ;
#458 = ORIENTED_EDGE ( 'NONE', *, *, #333, .T. ) ;
#459 = CARTESIAN_POINT ( 'NONE',  ( 2.199999999999997069, 5.790000000000000036, 0.5000000000000000000 ) ) ;
#460 = CARTESIAN_POINT ( 'NONE',  ( -4.600000000000013856, 5.790000000000000036, 0.5000000000000000000 ) ) ;
#461 = UNCERTAINTY_MEASURE_WITH_UNIT (LENGTH_MEASURE( 1.000000000000000082E-05 ), #3718, 'distance_accuracy_value', 'NONE');
#462 = FACE_OUTER_BOUND ( 'NONE', #2730, .T. ) ;
#463 = VERTEX_POINT ( 'NONE', #3833 ) ;
#464 = SURFACE_STYLE_USAGE ( .BOTH. , #1801 ) ;
#465 = CARTESIAN_POINT ( 'NONE',  ( -0.5999999999999998668, -5.540000000000001812, 0.000000000000000000 ) ) ;
#466 = EDGE_CURVE ( 'NONE', #4817, #4634, #712, .T. ) ;
#467 = EDGE_CURVE ( 'NONE', #159, #2817, #4714, .T. ) ;
#468 = PRESENTATION_LAYER_ASSIGNMENT (  '', '', ( #4195 ) ) ;
#469 = LINE ( 'NONE', #5025, #3744 ) ;
#470 = CARTESIAN_POINT ( 'NONE',  ( -4.560097823754071023, -4.850097823754071946, 2.299999999999999822 ) ) ;
#471 = ORIENTED_EDGE ( 'NONE', *, *, #501, .T. ) ;
#472 = DIRECTION ( 'NONE',  ( 0.9902680687415710281, 0.000000000000000000, -0.1391731009600615798 ) ) ;
#473 = SURFACE_SIDE_STYLE ('',( #1389 ) ) ;
#474 = EDGE_CURVE ( 'NONE', #1185, #4198, #2486, .T. ) ;
#475 = DIRECTION ( 'NONE',  ( 0.000000000000000000, -0.000000000000000000, 1.000000000000000000 ) ) ;
#476 = LINE ( 'NONE', #5321, #1895 ) ;
#477 =( GEOMETRIC_REPRESENTATION_CONTEXT ( 3 ) GLOBAL_UNCERTAINTY_ASSIGNED_CONTEXT ( ( #2924 ) ) GLOBAL_UNIT_ASSIGNED_CONTEXT ( ( #4960, #3649, #971 ) ) REPRESENTATION_CONTEXT ( 'NONE', 'WORKASPACE' ) );
#478 = FILL_AREA_STYLE_COLOUR ( '', #4717 ) ;
#479 = SURFACE_STYLE_USAGE ( .BOTH. , #2697 ) ;
#480 = ORIENTED_EDGE ( 'NONE', *, *, #695, .T. ) ;
#481 = AXIS2_PLACEMENT_3D ( 'NONE', #3051, #2317, #3635 ) ;
#482 = ORIENTED_EDGE ( 'NONE', *, *, #4361, .F. ) ;
#483 = CARTESIAN_POINT ( 'NONE',  ( -4.823259234548942231, 0.000000000000000000, 0.000000000000000000 ) ) ;
#484 = CARTESIAN_POINT ( 'NONE',  ( 4.600000000000000533, 5.790000000000000036, 0.000000000000000000 ) ) ;
#485 = VERTEX_POINT ( 'NONE', #3772 ) ;
#486 = PLANE ( 'NONE',  #5745 ) ;
#487 = AXIS2_PLACEMENT_3D ( 'NONE', #4269, #2082, #2025 ) ;
#488 = DIRECTION ( 'NONE',  ( -6.722812492141117417E-16, 1.000000000000000000, -0.000000000000000000 ) ) ;
#489 = DIRECTION ( 'NONE',  ( 0.000000000000000000, 0.000000000000000000, -1.000000000000000000 ) ) ;
#490 = PRESENTATION_STYLE_ASSIGNMENT (( #5332 ) ) ;
#491 = ORIENTED_EDGE ( 'NONE', *, *, #5532, .F. ) ;
#492 = FILL_AREA_STYLE_COLOUR ( '', #2302 ) ;
#493 = DIRECTION ( 'NONE',  ( 8.356086107788086850E-17, -1.000000000000000000, 0.000000000000000000 ) ) ;
#494 = DIRECTION ( 'NONE',  ( -0.000000000000000000, -0.000000000000000000, -1.000000000000000000 ) ) ;
#495 = SURFACE_STYLE_FILL_AREA ( #4488 ) ;
#496 = AXIS2_PLACEMENT_3D ( 'NONE', #2260, #4864, #3543 ) ;
#497 = LINE ( 'NONE', #4063, #1159 ) ;
#498 = ADVANCED_FACE ( 'NONE', ( #5541 ), #3353, .T. ) ;
#499 = ORIENTED_EDGE ( 'NONE', *, *, #70, .F. ) ;
#500 =( NAMED_UNIT ( * ) SI_UNIT ( $, .STERADIAN. ) SOLID_ANGLE_UNIT ( ) );
#501 = EDGE_CURVE ( 'NONE', #3739, #3692, #5758, .T. ) ;
#502 = CARTESIAN_POINT ( 'NONE',  ( 4.600000000000000533, 5.790000000000000036, 0.5000000000000000000 ) ) ;
#503 = DIRECTION ( 'NONE',  ( 0.000000000000000000, 0.000000000000000000, 1.000000000000000000 ) ) ;
#504 =( LENGTH_UNIT ( ) NAMED_UNIT ( * ) SI_UNIT ( .MILLI., .METRE. ) );
#505 = SURFACE_SIDE_STYLE ('',( #3689 ) ) ;
#506 = FILL_AREA_STYLE_COLOUR ( '', #5329 ) ;
#507 = EDGE_CURVE ( 'NONE', #2731, #4946, #5730, .T. ) ;
#508 = ORIENTED_EDGE ( 'NONE', *, *, #2652, .T. ) ;
#509 = EDGE_CURVE ( 'NONE', #2762, #641, #2978, .T. ) ;
#510 = FILL_AREA_STYLE_COLOUR ( '', #1798 ) ;
#511 = PLANE ( 'NONE',  #5451 ) ;
#512 = FACE_OUTER_BOUND ( 'NONE', #153, .T. ) ;
#513 = ORIENTED_EDGE ( 'NONE', *, *, #874, .F. ) ;
#514 = PRESENTATION_LAYER_ASSIGNMENT (  '', '', ( #897 ) ) ;
#515 = ORIENTED_EDGE ( 'NONE', *, *, #2321, .T. ) ;
#516 = EDGE_CURVE ( 'NONE', #4262, #4215, #3891, .T. ) ;
#517 = STYLED_ITEM ( 'NONE', ( #335 ), #1200 ) ;
#518 = VERTEX_POINT ( 'NONE', #3922 ) ;
#519 = LINE ( 'NONE', #483, #3817 ) ;
#520 = VERTEX_POINT ( 'NONE', #3947 ) ;
#521 = DIRECTION ( 'NONE',  ( 0.000000000000000000, -0.000000000000000000, 1.000000000000000000 ) ) ;
#522 = UNCERTAINTY_MEASURE_WITH_UNIT (LENGTH_MEASURE( 1.000000000000000082E-05 ), #704, 'distance_accuracy_value', 'NONE');
#523 = PLANE ( 'NONE',  #4298 ) ;
#524 =( NAMED_UNIT ( * ) PLANE_ANGLE_UNIT ( ) SI_UNIT ( $, .RADIAN. ) );
#525 = ORIENTED_EDGE ( 'NONE', *, *, #662, .F. ) ;
#526 = CYLINDRICAL_SURFACE ( 'NONE', #537, 0.09999999999999982514 ) ;
#527 = SURFACE_SIDE_STYLE ('',( #3654 ) ) ;
#528 = VECTOR ( 'NONE', #3476, 1000.000000000000000 ) ;
#529 =( LENGTH_UNIT ( ) NAMED_UNIT ( * ) SI_UNIT ( .MILLI., .METRE. ) );
#530 = LINE ( 'NONE', #1438, #3553 ) ;
#531 = CARTESIAN_POINT ( 'NONE',  ( 0.1999999999999948763, 5.790000000000000036, 0.5000000000000000000 ) ) ;
#532 = VERTEX_POINT ( 'NONE', #2650 ) ;
#533 = ORIENTED_EDGE ( 'NONE', *, *, #2748, .T. ) ;
#534 = FILL_AREA_STYLE_COLOUR ( '', #57 ) ;
#535 = VECTOR ( 'NONE', #3530, 1000.000000000000000 ) ;
#536 =( NAMED_UNIT ( * ) PLANE_ANGLE_UNIT ( ) SI_UNIT ( $, .RADIAN. ) );
#537 = AXIS2_PLACEMENT_3D ( 'NONE', #55, #3180, #2771 ) ;
#538 = LINE ( 'NONE', #34, #1022 ) ;
#539 = UNCERTAINTY_MEASURE_WITH_UNIT (LENGTH_MEASURE( 1.000000000000000082E-05 ), #3685, 'distance_accuracy_value', 'NONE');
#540 = SURFACE_STYLE_FILL_AREA ( #1011 ) ;
#541 =( GEOMETRIC_REPRESENTATION_CONTEXT ( 3 ) GLOBAL_UNCERTAINTY_ASSIGNED_CONTEXT ( ( #3220 ) ) GLOBAL_UNIT_ASSIGNED_CONTEXT ( ( #5194, #404, #3008 ) ) REPRESENTATION_CONTEXT ( 'NONE', 'WORKASPACE' ) );
#542 = VERTEX_POINT ( 'NONE', #4843 ) ;
#543 = AXIS2_PLACEMENT_3D ( 'NONE', #3514, #3027, #2155 ) ;
#544 = CIRCLE ( 'NONE', #1841, 0.3750000000000003331 ) ;
#545 = ORIENTED_EDGE ( 'NONE', *, *, #2288, .F. ) ;
#546 = EDGE_CURVE ( 'NONE', #1739, #1230, #884, .T. ) ;
#547 = EDGE_CURVE ( 'NONE', #542, #3340, #1715, .T. ) ;
#548 = ORIENTED_EDGE ( 'NONE', *, *, #2397, .F. ) ;
#549 = VECTOR ( 'NONE', #4283, 1000.000000000000000 ) ;
#550 = VECTOR ( 'NONE', #5121, 1000.000000000000000 ) ;
#551 = ORIENTED_EDGE ( 'NONE', *, *, #2610, .F. ) ;
#552 = LINE ( 'NONE', #1771, #5651 ) ;
#553 = SURFACE_STYLE_FILL_AREA ( #4511 ) ;
#554 = ORIENTED_EDGE ( 'NONE', *, *, #2472, .F. ) ;
#555 = LINE ( 'NONE', #2328, #4362 ) ;
#556 =( NAMED_UNIT ( * ) SI_UNIT ( $, .STERADIAN. ) SOLID_ANGLE_UNIT ( ) );
#557 = AXIS2_PLACEMENT_3D ( 'NONE', #3145, #1457, #3174 ) ;
#558 = CARTESIAN_POINT ( 'NONE',  ( 3.800000000000000266, 3.790000000000000036, 0.5000000000000000000 ) ) ;
#559 = ORIENTED_EDGE ( 'NONE', *, *, #1437, .F. ) ;
#560 = CARTESIAN_POINT ( 'NONE',  ( -1.000000000000006661, 4.499823100075543536, 0.5000000000000000000 ) ) ;
#561 = FILL_AREA_STYLE_COLOUR ( '', #3393 ) ;
#562 = FACE_OUTER_BOUND ( 'NONE', #97, .T. ) ;
#563 = CARTESIAN_POINT ( 'NONE',  ( 0.1999999999999948763, 5.790000000000000036, 0.000000000000000000 ) ) ;
#564 = PLANE ( 'NONE',  #4042 ) ;
#565 = ORIENTED_EDGE ( 'NONE', *, *, #2353, .T. ) ;
#566 = ORIENTED_EDGE ( 'NONE', *, *, #1619, .F. ) ;
#567 = DIRECTION ( 'NONE',  ( 0.9902680687415710281, 0.000000000000000000, 0.1391731009600615798 ) ) ;
#568 = CARTESIAN_POINT ( 'NONE',  ( 4.823259234548942231, -1.790000000000002478, 0.000000000000000000 ) ) ;
#569 = VECTOR ( 'NONE', #213, 1000.000000000000000 ) ;
#570 = SURFACE_STYLE_FILL_AREA ( #1938 ) ;
#571 = DIRECTION ( 'NONE',  ( -1.000000000000000000, 0.000000000000000000, 0.000000000000000000 ) ) ;
#572 = ORIENTED_EDGE ( 'NONE', *, *, #248, .F. ) ;
#573 = PLANE ( 'NONE',  #2483 ) ;
#574 = DIRECTION ( 'NONE',  ( 0.000000000000000000, 0.000000000000000000, -1.000000000000000000 ) ) ;
#575 = VECTOR ( 'NONE', #758, 1000.000000000000000 ) ;
#576 = ORIENTED_EDGE ( 'NONE', *, *, #1855, .T. ) ;
#577 = VERTEX_POINT ( 'NONE', #3488 ) ;
#578 = VECTOR ( 'NONE', #1037, 1000.000000000000000 ) ;
#579 = ORIENTED_EDGE ( 'NONE', *, *, #4295, .T. ) ;
#580 = EDGE_CURVE ( 'NONE', #2027, #3190, #428, .T. ) ;
#581 = CARTESIAN_POINT ( 'NONE',  ( 2.600000000000000533, 5.790000000000000036, 0.5000000000000000000 ) ) ;
#582 = EDGE_CURVE ( 'NONE', #2236, #3052, #2213, .T. ) ;
#583 = CARTESIAN_POINT ( 'NONE',  ( -3.937576565366517567, 0.8099999999999973888, 0.5000000000000000000 ) ) ;
#584 = VERTEX_POINT ( 'NONE', #3549 ) ;
#585 = SURFACE_STYLE_FILL_AREA ( #4028 ) ;
#586 = LINE ( 'NONE', #3670, #2491 ) ;
#587 = SURFACE_STYLE_FILL_AREA ( #2828 ) ;
#588 = ORIENTED_EDGE ( 'NONE', *, *, #5221, .T. ) ;
#589 = FILL_AREA_STYLE ('',( #5137 ) ) ;
#590 = PRESENTATION_LAYER_ASSIGNMENT (  '', '', ( #876 ) ) ;
#591 = ADVANCED_FACE ( 'NONE', ( #2627 ), #3522, .T. ) ;
#592 = ORIENTED_EDGE ( 'NONE', *, *, #2577, .F. ) ;
#593 = DIRECTION ( 'NONE',  ( -5.042109369105837323E-16, 1.000000000000000000, -0.000000000000000000 ) ) ;
#594 = CARTESIAN_POINT ( 'NONE',  ( 1.399999999999997469, 4.499823100075543536, 0.5000000000000000000 ) ) ;
#595 = VECTOR ( 'NONE', #59, 1000.000000000000000 ) ;
#596 = LINE ( 'NONE', #1805, #1146 ) ;
#597 = LINE ( 'NONE', #4582, #595 ) ;
#598 = VERTEX_POINT ( 'NONE', #1257 ) ;
#599 = PLANE ( 'NONE',  #1656 ) ;
#600 = EDGE_CURVE ( 'NONE', #3555, #816, #2568, .T. ) ;
#601 = DIRECTION ( 'NONE',  ( 0.000000000000000000, 1.000000000000000000, 0.000000000000000000 ) ) ;
#602 = FILL_AREA_STYLE_COLOUR ( '', #242 ) ;
#603 = CARTESIAN_POINT ( 'NONE',  ( -4.182670137274078215, -1.790000000000002478, 0.5000000000000000000 ) ) ;
#604 = FACE_OUTER_BOUND ( 'NONE', #4539, .T. ) ;
#605 = ORIENTED_EDGE ( 'NONE', *, *, #4538, .F. ) ;
#606 = FACE_OUTER_BOUND ( 'NONE', #4404, .T. ) ;
#607 = CARTESIAN_POINT ( 'NONE',  ( 4.149999999999999467, -5.840000000000002522, 0.5000000000000000000 ) ) ;
#608 = PRESENTATION_LAYER_ASSIGNMENT (  '', '', ( #4987 ) ) ;
#609 = ORIENTED_EDGE ( 'NONE', *, *, #5313, .T. ) ;
#610 = ORIENTED_EDGE ( 'NONE', *, *, #4683, .T. ) ;
#611 = CARTESIAN_POINT ( 'NONE',  ( 4.560097823754071911, 3.810457007522609485E-16, 2.299999999999999822 ) ) ;
#612 = CARTESIAN_POINT ( 'NONE',  ( 2.199999999999997069, 4.499823100075543536, 0.5000000000000000000 ) ) ;
#613 = AXIS2_PLACEMENT_3D ( 'NONE', #4671, #3347, #1952 ) ;
#614 = DIRECTION ( 'NONE',  ( -0.000000000000000000, 0.9902680687415708061, 0.1391731009600622182 ) ) ;
#615 =( LENGTH_UNIT ( ) NAMED_UNIT ( * ) SI_UNIT ( .MILLI., .METRE. ) );
#616 = SURFACE_STYLE_FILL_AREA ( #5560 ) ;
#617 = PRESENTATION_LAYER_ASSIGNMENT (  '', '', ( #719 ) ) ;
#618 = VERTEX_POINT ( 'NONE', #5678 ) ;
#619 =( LENGTH_UNIT ( ) NAMED_UNIT ( * ) SI_UNIT ( .MILLI., .METRE. ) );
#620 = CARTESIAN_POINT ( 'NONE',  ( 3.897026497535696077, 4.187026497535694780, 2.399999999999999911 ) ) ;
#621 = AXIS2_PLACEMENT_3D ( 'NONE', #1561, #2406, #5463 ) ;
#622 = ADVANCED_FACE ( 'NONE', ( #827 ), #2599, .T. ) ;
#623 = EDGE_CURVE ( 'NONE', #2845, #518, #103, .T. ) ;
#624 =( NAMED_UNIT ( * ) PLANE_ANGLE_UNIT ( ) SI_UNIT ( $, .RADIAN. ) );
#625 = VECTOR ( 'NONE', #4136, 1000.000000000000000 ) ;
#626 = VERTEX_POINT ( 'NONE', #484 ) ;
#627 = DIRECTION ( 'NONE',  ( 0.000000000000000000, 0.000000000000000000, -1.000000000000000000 ) ) ;
#628 = CARTESIAN_POINT ( 'NONE',  ( -3.400000000000011902, 5.190000000000000391, 0.5000000000000000000 ) ) ;
#629 = PLANE ( 'NONE',  #263 ) ;
#630 = CARTESIAN_POINT ( 'NONE',  ( 4.823259234548942231, -5.090000000000002522, 0.5000000000000000000 ) ) ;
#631 = VECTOR ( 'NONE', #3157, 1000.000000000000000 ) ;
#632 = ORIENTED_EDGE ( 'NONE', *, *, #1268, .F. ) ;
#633 = SURFACE_SIDE_STYLE ('',( #4690 ) ) ;
#634 = CARTESIAN_POINT ( 'NONE',  ( -0.2000000000000074496, 5.790000000000000036, 0.5000000000000000000 ) ) ;
#635 = ORIENTED_EDGE ( 'NONE', *, *, #5675, .F. ) ;
#636 = DIRECTION ( 'NONE',  ( 0.000000000000000000, -0.000000000000000000, 1.000000000000000000 ) ) ;
#637 = DIRECTION ( 'NONE',  ( 0.000000000000000000, -1.000000000000000000, -0.000000000000000000 ) ) ;
#638 = PRESENTATION_STYLE_ASSIGNMENT (( #1017 ) ) ;
#639 = AXIS2_PLACEMENT_3D ( 'NONE', #2766, #1797, #5328 ) ;
#640 = AXIS2_PLACEMENT_3D ( 'NONE', #883, #4446, #4510 ) ;
#641 = VERTEX_POINT ( 'NONE', #4133 ) ;
#642 = EDGE_LOOP ( 'NONE', ( #1124, #1238, #1915, #2579 ) ) ;
#643 = CARTESIAN_POINT ( 'NONE',  ( -4.149999999999999467, -5.540000000000002700, 0.5000000000000000000 ) ) ;
#644 = VECTOR ( 'NONE', #3314, 1000.000000000000000 ) ;
#645 = FILL_AREA_STYLE_COLOUR ( '', #2380 ) ;
#646 = VECTOR ( 'NONE', #1599, 1000.000000000000000 ) ;
#647 = CARTESIAN_POINT ( 'NONE',  ( 4.899999999999999467, 5.190000000000000391, 0.3944444506222585800 ) ) ;
#648 = FILL_AREA_STYLE_COLOUR ( '', #1278 ) ;
#649 = CARTESIAN_POINT ( 'NONE',  ( 4.823259234548942231, -5.840000000000002522, 0.000000000000000000 ) ) ;
#650 = ORIENTED_EDGE ( 'NONE', *, *, #4368, .T. ) ;
#651 = CARTESIAN_POINT ( 'NONE',  ( 4.823259234548942231, -1.790000000000002478, 0.000000000000000000 ) ) ;
#652 = DIRECTION ( 'NONE',  ( -0.1378445374916255073, 0.1378445374916254795, -0.9808148484639900300 ) ) ;
#653 = ORIENTED_EDGE ( 'NONE', *, *, #733, .T. ) ;
#654 = CARTESIAN_POINT ( 'NONE',  ( -2.600000000000012079, 5.790000000000000036, 0.5000000000000000000 ) ) ;
#655 = STYLED_ITEM ( 'NONE', ( #3863 ), #4053 ) ;
#656 = LINE ( 'NONE', #2918, #2539 ) ;
#657 = DIRECTION ( 'NONE',  ( -5.042109369105837323E-16, 1.000000000000000000, -0.000000000000000000 ) ) ;
#658 = ORIENTED_EDGE ( 'NONE', *, *, #3283, .F. ) ;
#659 = LINE ( 'NONE', #4848, #1939 ) ;
#660 = DIRECTION ( 'NONE',  ( 0.1378445374916254518, 0.1378445374916254240, 0.9808148484639899189 ) ) ;
#661 = DIRECTION ( 'NONE',  ( 0.000000000000000000, 0.000000000000000000, 1.000000000000000000 ) ) ;
#662 = EDGE_CURVE ( 'NONE', #3068, #401, #3230, .T. ) ;
#663 = ADVANCED_FACE ( 'NONE', ( #5013 ), #1027, .F. ) ;
#664 = LINE ( 'NONE', #2893, #1276 ) ;
#665 =( GEOMETRIC_REPRESENTATION_CONTEXT ( 3 ) GLOBAL_UNCERTAINTY_ASSIGNED_CONTEXT ( ( #3633 ) ) GLOBAL_UNIT_ASSIGNED_CONTEXT ( ( #3647, #81, #52 ) ) REPRESENTATION_CONTEXT ( 'NONE', 'WORKASPACE' ) );
#666 = VERTEX_POINT ( 'NONE', #3577 ) ;
#667 = SURFACE_STYLE_USAGE ( .BOTH. , #633 ) ;
#668 = FACE_OUTER_BOUND ( 'NONE', #2808, .T. ) ;
#669 = ORIENTED_EDGE ( 'NONE', *, *, #5038, .F. ) ;
#670 = VECTOR ( 'NONE', #3294, 1000.000000000000000 ) ;
#671 = EDGE_CURVE ( 'NONE', #2444, #2872, #966, .T. ) ;
#672 = ORIENTED_EDGE ( 'NONE', *, *, #1935, .F. ) ;
#673 = ORIENTED_EDGE ( 'NONE', *, *, #2363, .T. ) ;
#674 = SURFACE_SIDE_STYLE ('',( #2420 ) ) ;
#675 = VECTOR ( 'NONE', #181, 1000.000000000000000 ) ;
#676 = LINE ( 'NONE', #3827, #2102 ) ;
#677 = SURFACE_SIDE_STYLE ('',( #4672 ) ) ;
#678 = PLANE ( 'NONE',  #2953 ) ;
#679 = AXIS2_PLACEMENT_3D ( 'NONE', #5714, #1726, #4431 ) ;
#680 = ORIENTED_EDGE ( 'NONE', *, *, #2330, .T. ) ;
#681 =( NAMED_UNIT ( * ) SI_UNIT ( $, .STERADIAN. ) SOLID_ANGLE_UNIT ( ) );
#682 = CARTESIAN_POINT ( 'NONE',  ( 1.399999999999997247, 5.190000000000000391, 0.5000000000000000000 ) ) ;
#683 = LINE ( 'NONE', #5594, #2164 ) ;
#684 = SURFACE_SIDE_STYLE ('',( #3778 ) ) ;
#685 = STYLED_ITEM ( 'NONE', ( #3419 ), #5431 ) ;
#686 = ORIENTED_EDGE ( 'NONE', *, *, #4147, .F. ) ;
#687 = SURFACE_STYLE_FILL_AREA ( #1616 ) ;
#688 = LINE ( 'NONE', #5546, #408 ) ;
#689 = CARTESIAN_POINT ( 'NONE',  ( -4.823259234548942231, -5.840000000000002522, 0.5000000000000000000 ) ) ;
#690 = DIRECTION ( 'NONE',  ( 0.000000000000000000, 0.000000000000000000, 1.000000000000000000 ) ) ;
#691 = VECTOR ( 'NONE', #5625, 1000.000000000000000 ) ;
#692 = ORIENTED_EDGE ( 'NONE', *, *, #3327, .T. ) ;
#693 =( LENGTH_UNIT ( ) NAMED_UNIT ( * ) SI_UNIT ( .MILLI., .METRE. ) );
#694 = EDGE_CURVE ( 'NONE', #344, #1739, #40, .T. ) ;
#695 = EDGE_CURVE ( 'NONE', #4210, #1550, #3112, .T. ) ;
#696 = ORIENTED_EDGE ( 'NONE', *, *, #1478, .F. ) ;
#697 = PRODUCT_DEFINITION_FORMATION_WITH_SPECIFIED_SOURCE ( 'ANY', '', #2028, .NOT_KNOWN. ) ;
#698 = FILL_AREA_STYLE ('',( #761 ) ) ;
#699 = EDGE_CURVE ( 'NONE', #67, #2327, #2326, .T. ) ;
#700 = EDGE_CURVE ( 'NONE', #3335, #2103, #4985, .T. ) ;
#701 = MECHANICAL_DESIGN_GEOMETRIC_PRESENTATION_REPRESENTATION (  '', ( #3105 ), #406 ) ;
#702 = ORIENTED_EDGE ( 'NONE', *, *, #2892, .F. ) ;
#703 = LINE ( 'NONE', #2475, #169 ) ;
#704 =( LENGTH_UNIT ( ) NAMED_UNIT ( * ) SI_UNIT ( .MILLI., .METRE. ) );
#705 = ORIENTED_EDGE ( 'NONE', *, *, #5281, .F. ) ;
#706 = DIRECTION ( 'NONE',  ( -3.361406246070558709E-16, -1.000000000000000000, 0.000000000000000000 ) ) ;
#707 = VECTOR ( 'NONE', #3264, 1000.000000000000000 ) ;
#708 =( LENGTH_UNIT ( ) NAMED_UNIT ( * ) SI_UNIT ( .MILLI., .METRE. ) );
#709 = VECTOR ( 'NONE', #5327, 1000.000000000000000 ) ;
#710 = ORIENTED_EDGE ( 'NONE', *, *, #1578, .T. ) ;
#711 = PLANE ( 'NONE',  #3428 ) ;
#712 = LINE ( 'NONE', #5193, #2011 ) ;
#713 = CARTESIAN_POINT ( 'NONE',  ( -1.400000000000009681, 5.190000000000000391, 0.000000000000000000 ) ) ;
#714 = CARTESIAN_POINT ( 'NONE',  ( -3.800000000000013589, 4.499823100075543536, 0.5000000000000000000 ) ) ;
#715 = VECTOR ( 'NONE', #1632, 1000.000000000000000 ) ;
#716 = SURFACE_STYLE_USAGE ( .BOTH. , #1612 ) ;
#717 = EDGE_LOOP ( 'NONE', ( #2770, #2094, #1479, #2194 ) ) ;
#718 = CARTESIAN_POINT ( 'NONE',  ( 4.182670137274078215, -1.790000000000002478, 0.5000000000000000000 ) ) ;
#719 = STYLED_ITEM ( 'NONE', ( #2038 ), #1134 ) ;
#720 = DIRECTION ( 'NONE',  ( -1.000000000000000000, 0.000000000000000000, 0.000000000000000000 ) ) ;
#721 = PLANE ( 'NONE',  #5457 ) ;
#722 = ORIENTED_EDGE ( 'NONE', *, *, #1757, .T. ) ;
#723 = AXIS2_PLACEMENT_3D ( 'NONE', #2736, #3203, #4989 ) ;
#724 = DIRECTION ( 'NONE',  ( 0.000000000000000000, 0.000000000000000000, -1.000000000000000000 ) ) ;
#725 = ORIENTED_EDGE ( 'NONE', *, *, #3176, .T. ) ;
#726 = SURFACE_STYLE_FILL_AREA ( #2036 ) ;
#727 = DIRECTION ( 'NONE',  ( -8.673617379884051249E-15, 0.000000000000000000, 1.000000000000000000 ) ) ;
#728 = EDGE_CURVE ( 'NONE', #5253, #921, #5391, .T. ) ;
#729 = VERTEX_POINT ( 'NONE', #3140 ) ;
#730 = CARTESIAN_POINT ( 'NONE',  ( -1.400000000000009681, 5.790000000000000036, 0.5000000000000000000 ) ) ;
#731 =( NAMED_UNIT ( * ) SI_UNIT ( $, .STERADIAN. ) SOLID_ANGLE_UNIT ( ) );
#732 = EDGE_CURVE ( 'NONE', #3340, #3606, #19, .T. ) ;
#733 = EDGE_CURVE ( 'NONE', #2765, #3858, #2265, .T. ) ;
#734 = DIRECTION ( 'NONE',  ( 1.000000000000000000, -0.000000000000000000, -0.000000000000000000 ) ) ;
#735 = VECTOR ( 'NONE', #494, 1000.000000000000000 ) ;
#736 = CARTESIAN_POINT ( 'NONE',  ( -0.2000000000000074496, 5.790000000000000036, 0.5000000000000000000 ) ) ;
#737 = PRESENTATION_LAYER_ASSIGNMENT (  '', '', ( #3605 ) ) ;
#738 = PRESENTATION_LAYER_ASSIGNMENT (  '', '', ( #4641 ) ) ;
#739 = AXIS2_PLACEMENT_3D ( 'NONE', #3201, #1826, #2670 ) ;
#740 = ORIENTED_EDGE ( 'NONE', *, *, #324, .T. ) ;
#741 = SURFACE_STYLE_FILL_AREA ( #2077 ) ;
#742 = PLANE ( 'NONE',  #3572 ) ;
#743 = CARTESIAN_POINT ( 'NONE',  ( 2.600000000000000533, 4.499823100075543536, 0.000000000000000000 ) ) ;
#744 = EDGE_CURVE ( 'NONE', #870, #4982, #1827, .T. ) ;
#745 = CARTESIAN_POINT ( 'NONE',  ( -4.823259234548942231, 0.8099999999999973888, 0.5000000000000000000 ) ) ;
#746 =( GEOMETRIC_REPRESENTATION_CONTEXT ( 3 ) GLOBAL_UNCERTAINTY_ASSIGNED_CONTEXT ( ( #3483 ) ) GLOBAL_UNIT_ASSIGNED_CONTEXT ( ( #5213, #4782, #3459 ) ) REPRESENTATION_CONTEXT ( 'NONE', 'WORKASPACE' ) );
#747 = VECTOR ( 'NONE', #3346, 1000.000000000000000 ) ;
#748 = LINE ( 'NONE', #1643, #691 ) ;
#749 = ORIENTED_EDGE ( 'NONE', *, *, #1407, .T. ) ;
#750 =( LENGTH_UNIT ( ) NAMED_UNIT ( * ) SI_UNIT ( .MILLI., .METRE. ) );
#751 = VECTOR ( 'NONE', #4160, 1000.000000000000000 ) ;
#752 = FACE_OUTER_BOUND ( 'NONE', #3665, .T. ) ;
#753 = CIRCLE ( 'NONE', #4094, 0.09999999999999982514 ) ;
#754 = CARTESIAN_POINT ( 'NONE',  ( 4.560097823754071911, 4.850097823754071946, 2.299999999999999822 ) ) ;
#755 = FILL_AREA_STYLE ('',( #2923 ) ) ;
#756 = ORIENTED_EDGE ( 'NONE', *, *, #516, .F. ) ;
#757 = PRESENTATION_LAYER_ASSIGNMENT (  '', '', ( #5486 ) ) ;
#758 = DIRECTION ( 'NONE',  ( 0.000000000000000000, 0.000000000000000000, -1.000000000000000000 ) ) ;
#759 = PLANE ( 'NONE',  #5516 ) ;
#760 = ORIENTED_EDGE ( 'NONE', *, *, #2545, .F. ) ;
#761 = FILL_AREA_STYLE_COLOUR ( '', #2809 ) ;
#762 = EDGE_LOOP ( 'NONE', ( #1272, #5550, #5011, #3945 ) ) ;
#763 = DIRECTION ( 'NONE',  ( -0.000000000000000000, -1.000000000000000000, -0.000000000000000000 ) ) ;
#764 = AXIS2_PLACEMENT_3D ( 'NONE', #2448, #3733, #2850 ) ;
#765 = UNCERTAINTY_MEASURE_WITH_UNIT (LENGTH_MEASURE( 1.000000000000000082E-05 ), #4735, 'distance_accuracy_value', 'NONE');
#766 = CARTESIAN_POINT ( 'NONE',  ( 0.1999999999999948763, 5.790000000000000036, 0.5000000000000000000 ) ) ;
#767 = EDGE_LOOP ( 'NONE', ( #283, #1046, #1595, #4296, #3759, #5618, #1504, #3664, #2572, #211, #1251, #4319, #5522, #244, #4635, #1129, #5334, #5763, #2894, #4501, #4173, #5527, #1421, #5191, #1113, #5117, #2430, #5387 ) ) ;
#768 = EDGE_CURVE ( 'NONE', #3286, #2324, #4954, .T. ) ;
#769 = ADVANCED_FACE ( 'NONE', ( #218 ), #1573, .F. ) ;
#770 = COLOUR_RGB ( '',0.2941176470588235392, 0.2941176470588235392, 0.2941176470588235392 ) ;
#771 = ORIENTED_EDGE ( 'NONE', *, *, #5593, .T. ) ;
#772 = CARTESIAN_POINT ( 'NONE',  ( 3.400000000000001243, 3.790000000000000036, 0.5000000000000000000 ) ) ;
#773 = ORIENTED_EDGE ( 'NONE', *, *, #1363, .T. ) ;
#774 =( LENGTH_UNIT ( ) NAMED_UNIT ( * ) SI_UNIT ( .MILLI., .METRE. ) );
#775 = MECHANICAL_DESIGN_GEOMETRIC_PRESENTATION_REPRESENTATION (  '', ( #4024 ), #5053 ) ;
#776 = CARTESIAN_POINT ( 'NONE',  ( 3.937576565366517567, 0.8099999999999973888, 0.5000000000000000000 ) ) ;
#777 = ORIENTED_EDGE ( 'NONE', *, *, #5039, .T. ) ;
#778 = PLANE ( 'NONE',  #160 ) ;
#779 = MECHANICAL_DESIGN_GEOMETRIC_PRESENTATION_REPRESENTATION (  '', ( #2348 ), #2249 ) ;
#780 = DIRECTION ( 'NONE',  ( 0.000000000000000000, 0.000000000000000000, -1.000000000000000000 ) ) ;
#781 = CARTESIAN_POINT ( 'NONE',  ( -4.823259234548942231, -1.790000000000002478, 0.5000000000000000000 ) ) ;
#782 = UNCERTAINTY_MEASURE_WITH_UNIT (LENGTH_MEASURE( 1.000000000000000082E-05 ), #2744, 'distance_accuracy_value', 'NONE');
#783 = ORIENTED_EDGE ( 'NONE', *, *, #1091, .F. ) ;
#784 = COLOUR_RGB ( '',0.8431372549019607865, 0.8431372549019607865, 0.8431372549019607865 ) ;
#785 = SURFACE_STYLE_USAGE ( .BOTH. , #4800 ) ;
#786 = DIRECTION ( 'NONE',  ( -0.000000000000000000, 1.000000000000000000, -0.000000000000000000 ) ) ;
#787 = EDGE_CURVE ( 'NONE', #1468, #2351, #676, .T. ) ;
#788 = ORIENTED_EDGE ( 'NONE', *, *, #2712, .T. ) ;
#789 = DIRECTION ( 'NONE',  ( 1.000000000000000000, 0.000000000000000000, -0.000000000000000000 ) ) ;
#790 = DIRECTION ( 'NONE',  ( -0.000000000000000000, -1.000000000000000000, -0.000000000000000000 ) ) ;
#791 = DIRECTION ( 'NONE',  ( 1.000000000000000000, -0.000000000000000000, -0.000000000000000000 ) ) ;
#792 = MECHANICAL_DESIGN_GEOMETRIC_PRESENTATION_REPRESENTATION (  '', ( #3291 ), #1990 ) ;
#793 = ORIENTED_EDGE ( 'NONE', *, *, #2255, .F. ) ;
#794 = DIRECTION ( 'NONE',  ( 1.000000000000000000, -0.000000000000000000, -0.000000000000000000 ) ) ;
#795 = FACE_OUTER_BOUND ( 'NONE', #277, .T. ) ;
#796 = CARTESIAN_POINT ( 'NONE',  ( -4.182670137274078215, -5.090000000000002522, 0.000000000000000000 ) ) ;
#797 = ORIENTED_EDGE ( 'NONE', *, *, #5497, .T. ) ;
#798 = ORIENTED_EDGE ( 'NONE', *, *, #3292, .T. ) ;
#799 =( NAMED_UNIT ( * ) SI_UNIT ( $, .STERADIAN. ) SOLID_ANGLE_UNIT ( ) );
#800 = VECTOR ( 'NONE', #1724, 1000.000000000000000 ) ;
#801 =( NAMED_UNIT ( * ) PLANE_ANGLE_UNIT ( ) SI_UNIT ( $, .RADIAN. ) );
#802 = EDGE_CURVE ( 'NONE', #1694, #1256, #2390, .T. ) ;
#803 = CARTESIAN_POINT ( 'NONE',  ( 0.9999999999999947820, 5.790000000000000036, 0.000000000000000000 ) ) ;
#804 = VECTOR ( 'NONE', #2733, 1000.000000000000000 ) ;
#805 = CARTESIAN_POINT ( 'NONE',  ( -4.800973193125843252, 5.190000000000000391, 0.5999999999999569011 ) ) ;
#806 = ORIENTED_EDGE ( 'NONE', *, *, #3387, .F. ) ;
#807 = CARTESIAN_POINT ( 'NONE',  ( 4.272026497535696521, 4.187026497535694780, 2.399999999999999911 ) ) ;
#808 = CARTESIAN_POINT ( 'NONE',  ( 4.600000000000000533, 5.790000000000000036, 0.000000000000000000 ) ) ;
#809 = SURFACE_STYLE_USAGE ( .BOTH. , #1698 ) ;
#810 = AXIS2_PLACEMENT_3D ( 'NONE', #4698, #4223, #2045 ) ;
#811 = EDGE_CURVE ( 'NONE', #618, #2648, #5045, .T. ) ;
#812 = EDGE_CURVE ( 'NONE', #17, #5459, #2941, .T. ) ;
#813 = VERTEX_POINT ( 'NONE', #2905 ) ;
#814 = PLANE ( 'NONE',  #679 ) ;
#815 = AXIS2_PLACEMENT_3D ( 'NONE', #1167, #1110, #2933 ) ;
#816 = VERTEX_POINT ( 'NONE', #2823 ) ;
#817 = SURFACE_STYLE_USAGE ( .BOTH. , #896 ) ;
#818 = DIRECTION ( 'NONE',  ( 1.000000000000000000, 1.218997426458039145E-15, 8.673617379884051249E-15 ) ) ;
#819 = CARTESIAN_POINT ( 'NONE',  ( -4.823259234548942231, 0.8099999999999973888, 0.5000000000000000000 ) ) ;
#820 =( LENGTH_UNIT ( ) NAMED_UNIT ( * ) SI_UNIT ( .MILLI., .METRE. ) );
#821 = COLOUR_RGB ( '',0.2941176470588235392, 0.2941176470588235392, 0.2941176470588235392 ) ;
#822 = CARTESIAN_POINT ( 'NONE',  ( 4.823259234548942231, -5.090000000000002522, 0.000000000000000000 ) ) ;
#823 = SURFACE_SIDE_STYLE ('',( #2591 ) ) ;
#824 = UNCERTAINTY_MEASURE_WITH_UNIT (LENGTH_MEASURE( 1.000000000000000082E-05 ), #5159, 'distance_accuracy_value', 'NONE');
#825 = VERTEX_POINT ( 'NONE', #4192 ) ;
#826 = CARTESIAN_POINT ( 'NONE',  ( 4.600000000000000533, 5.790000000000000036, 0.5000000000000000000 ) ) ;
#827 = FACE_OUTER_BOUND ( 'NONE', #5511, .T. ) ;
#828 = VECTOR ( 'NONE', #5764, 1000.000000000000000 ) ;
#829 = DIRECTION ( 'NONE',  ( 0.000000000000000000, -1.000000000000000000, 0.000000000000000000 ) ) ;
#830 =( LENGTH_UNIT ( ) NAMED_UNIT ( * ) SI_UNIT ( .MILLI., .METRE. ) );
#831 = STYLED_ITEM ( 'NONE', ( #1368 ), #2481 ) ;
#832 = PRODUCT_CONTEXT ( 'NONE', #1024, 'mechanical' ) ;
#833 = ORIENTED_EDGE ( 'NONE', *, *, #2713, .T. ) ;
#834 = CARTESIAN_POINT ( 'NONE',  ( 3.800000000000001155, 5.190000000000000391, 2.399999999999999911 ) ) ;
#835 = DIRECTION ( 'NONE',  ( -0.000000000000000000, 1.000000000000000000, -0.000000000000000000 ) ) ;
#836 = VECTOR ( 'NONE', #3856, 1000.000000000000000 ) ;
#837 = VECTOR ( 'NONE', #4973, 1000.000000000000000 ) ;
#838 = CARTESIAN_POINT ( 'NONE',  ( -4.823259234548942231, 0.8099999999999973888, 0.000000000000000000 ) ) ;
#839 = CARTESIAN_POINT ( 'NONE',  ( 2.600000000000000533, 4.499823100075543536, 0.5000000000000000000 ) ) ;
#840 = PRESENTATION_LAYER_ASSIGNMENT (  '', '', ( #451 ) ) ;
#841 = VECTOR ( 'NONE', #3181, 1000.000000000000000 ) ;
#842 = ADVANCED_FACE ( 'NONE', ( #2446 ), #3796, .F. ) ;
#843 = ORIENTED_EDGE ( 'NONE', *, *, #1372, .T. ) ;
#844 = FILL_AREA_STYLE_COLOUR ( '', #4905 ) ;
#845 = ADVANCED_FACE ( 'NONE', ( #3763 ), #249, .T. ) ;
#846 = CARTESIAN_POINT ( 'NONE',  ( 3.937576565366517567, 0.9099999999999973666, 0.5000000000000000000 ) ) ;
#847 = FILL_AREA_STYLE_COLOUR ( '', #3625 ) ;
#848 = PRESENTATION_LAYER_ASSIGNMENT (  '', '', ( #5024 ) ) ;
#849 = FACE_OUTER_BOUND ( 'NONE', #4626, .T. ) ;
#850 = EDGE_CURVE ( 'NONE', #3168, #5171, #1601, .T. ) ;
#851 = ORIENTED_EDGE ( 'NONE', *, *, #850, .T. ) ;
#852 = CARTESIAN_POINT ( 'NONE',  ( 4.600000000000000533, 5.790000000000000036, 0.000000000000000000 ) ) ;
#853 = FILL_AREA_STYLE ('',( #2621 ) ) ;
#854 = SURFACE_SIDE_STYLE ('',( #3055 ) ) ;
#855 = ORIENTED_EDGE ( 'NONE', *, *, #2157, .T. ) ;
#856 = ORIENTED_EDGE ( 'NONE', *, *, #2081, .F. ) ;
#857 = CARTESIAN_POINT ( 'NONE',  ( 4.900000000000000355, -5.190000000000000391, 0.3944444506222559710 ) ) ;
#858 = DIRECTION ( 'NONE',  ( 1.000000000000000000, -0.000000000000000000, -0.000000000000000000 ) ) ;
#859 = EDGE_LOOP ( 'NONE', ( #2474, #2673, #2211, #1870 ) ) ;
#860 = FACE_OUTER_BOUND ( 'NONE', #1364, .T. ) ;
#861 = FILL_AREA_STYLE ('',( #912 ) ) ;
#862 = CARTESIAN_POINT ( 'NONE',  ( 0.000000000000000000, 0.000000000000000000, 0.5000000000000000000 ) ) ;
#863 = ORIENTED_EDGE ( 'NONE', *, *, #5390, .T. ) ;
#864 = LINE ( 'NONE', #5254, #2124 ) ;
#865 = SURFACE_STYLE_USAGE ( .BOTH. , #1241 ) ;
#866 = CARTESIAN_POINT ( 'NONE',  ( -4.182670137274078215, -1.790000000000002478, 0.5000000000000000000 ) ) ;
#867 = PRESENTATION_LAYER_ASSIGNMENT (  '', '', ( #3370 ) ) ;
#868 =( LENGTH_UNIT ( ) NAMED_UNIT ( * ) SI_UNIT ( .MILLI., .METRE. ) );
#869 =( GEOMETRIC_REPRESENTATION_CONTEXT ( 3 ) GLOBAL_UNCERTAINTY_ASSIGNED_CONTEXT ( ( #5657 ) ) GLOBAL_UNIT_ASSIGNED_CONTEXT ( ( #1497, #4681, #1527 ) ) REPRESENTATION_CONTEXT ( 'NONE', 'WORKASPACE' ) );
#870 = VERTEX_POINT ( 'NONE', #1054 ) ;
#871 = CARTESIAN_POINT ( 'NONE',  ( -4.182670137274078215, -5.090000000000002522, 0.5000000000000000000 ) ) ;
#872 = PRESENTATION_STYLE_ASSIGNMENT (( #1843 ) ) ;
#873 = VECTOR ( 'NONE', #1748, 1000.000000000000000 ) ;
#874 = EDGE_CURVE ( 'NONE', #5166, #3060, #4289, .T. ) ;
#875 =( LENGTH_UNIT ( ) NAMED_UNIT ( * ) SI_UNIT ( .MILLI., .METRE. ) );
#876 = STYLED_ITEM ( 'NONE', ( #4337 ), #5422 ) ;
#877 = DIRECTION ( 'NONE',  ( 1.671217221557617617E-16, -1.000000000000000000, 0.000000000000000000 ) ) ;
#878 = EDGE_CURVE ( 'NONE', #3652, #1751, #2073, .T. ) ;
#879 = AXIS2_PLACEMENT_3D ( 'NONE', #531, #4938, #89 ) ;
#880 = ADVANCED_FACE ( 'NONE', ( #1488 ), #3855, .T. ) ;
#881 = ORIENTED_EDGE ( 'NONE', *, *, #1010, .T. ) ;
#882 = ORIENTED_EDGE ( 'NONE', *, *, #4756, .F. ) ;
#883 = CARTESIAN_POINT ( 'NONE',  ( 4.600000000000000533, 3.790000000000000036, 0.5000000000000000000 ) ) ;
#884 = LINE ( 'NONE', #3085, #3966 ) ;
#885 = VERTEX_POINT ( 'NONE', #612 ) ;
#886 =( NAMED_UNIT ( * ) PLANE_ANGLE_UNIT ( ) SI_UNIT ( $, .RADIAN. ) );
#887 = SURFACE_STYLE_USAGE ( .BOTH. , #5247 ) ;
#888 =( NAMED_UNIT ( * ) PLANE_ANGLE_UNIT ( ) SI_UNIT ( $, .RADIAN. ) );
#889 = AXIS2_PLACEMENT_3D ( 'NONE', #205, #4687, #268 ) ;
#890 = ORIENTED_EDGE ( 'NONE', *, *, #3795, .F. ) ;
#891 = DIRECTION ( 'NONE',  ( 0.000000000000000000, 0.000000000000000000, -1.000000000000000000 ) ) ;
#892 = DIRECTION ( 'NONE',  ( 0.000000000000000000, 0.000000000000000000, -1.000000000000000000 ) ) ;
#893 = VECTOR ( 'NONE', #5620, 1000.000000000000000 ) ;
#894 = LINE ( 'NONE', #2660, #2914 ) ;
#895 = ORIENTED_EDGE ( 'NONE', *, *, #2652, .F. ) ;
#896 = SURFACE_SIDE_STYLE ('',( #332 ) ) ;
#897 = STYLED_ITEM ( 'NONE', ( #3637 ), #1048 ) ;
#898 = DIRECTION ( 'NONE',  ( 0.000000000000000000, 0.000000000000000000, -1.000000000000000000 ) ) ;
#899 =( NAMED_UNIT ( * ) SI_UNIT ( $, .STERADIAN. ) SOLID_ANGLE_UNIT ( ) );
#900 = PRESENTATION_LAYER_ASSIGNMENT (  '', '', ( #1912 ) ) ;
#901 = LINE ( 'NONE', #3080, #5709 ) ;
#902 = PRESENTATION_LAYER_ASSIGNMENT (  '', '', ( #1458 ) ) ;
#903 = SURFACE_STYLE_FILL_AREA ( #4949 ) ;
#904 = ORIENTED_EDGE ( 'NONE', *, *, #3320, .F. ) ;
#905 = EDGE_LOOP ( 'NONE', ( #554, #5050, #4780, #1793 ) ) ;
#906 = ADVANCED_FACE ( 'NONE', ( #1280 ), #1253, .F. ) ;
#907 = SURFACE_STYLE_FILL_AREA ( #3642 ) ;
#908 = EDGE_CURVE ( 'NONE', #175, #2114, #1544, .T. ) ;
#909 = DIRECTION ( 'NONE',  ( 0.000000000000000000, 1.000000000000000000, 0.000000000000000000 ) ) ;
#910 = EDGE_LOOP ( 'NONE', ( #551, #3211, #3057, #3487 ) ) ;
#911 = DIRECTION ( 'NONE',  ( 0.000000000000000000, 0.000000000000000000, 1.000000000000000000 ) ) ;
#912 = FILL_AREA_STYLE_COLOUR ( '', #4452 ) ;
#913 = ORIENTED_EDGE ( 'NONE', *, *, #938, .T. ) ;
#914 =( LENGTH_UNIT ( ) NAMED_UNIT ( * ) SI_UNIT ( .MILLI., .METRE. ) );
#915 = DIRECTION ( 'NONE',  ( -2.168404344971008868E-16, -1.000000000000000000, 0.000000000000000000 ) ) ;
#916 = CARTESIAN_POINT ( 'NONE',  ( 3.937576565366517567, 0.8099999999999973888, 0.000000000000000000 ) ) ;
#917 = MECHANICAL_DESIGN_GEOMETRIC_PRESENTATION_REPRESENTATION (  '', ( #2399 ), #2769 ) ;
#918 = DIRECTION ( 'NONE',  ( 1.000000000000000000, 1.671217221557609235E-16, 0.000000000000000000 ) ) ;
#919 = CARTESIAN_POINT ( 'NONE',  ( 4.823259234548942231, -1.790000000000002478, 0.5000000000000000000 ) ) ;
#920 = ORIENTED_EDGE ( 'NONE', *, *, #3942, .T. ) ;
#921 = VERTEX_POINT ( 'NONE', #5671 ) ;
#922 = DIRECTION ( 'NONE',  ( 1.000000000000000000, 0.000000000000000000, -0.000000000000000000 ) ) ;
#923 = VECTOR ( 'NONE', #3764, 1000.000000000000000 ) ;
#924 = CARTESIAN_POINT ( 'NONE',  ( -3.800000000000013589, 5.790000000000000036, 0.5000000000000000000 ) ) ;
#925 = SURFACE_STYLE_FILL_AREA ( #4912 ) ;
#926 =( GEOMETRIC_REPRESENTATION_CONTEXT ( 3 ) GLOBAL_UNCERTAINTY_ASSIGNED_CONTEXT ( ( #4497 ) ) GLOBAL_UNIT_ASSIGNED_CONTEXT ( ( #1079, #5580, #5554 ) ) REPRESENTATION_CONTEXT ( 'NONE', 'WORKASPACE' ) );
#927 = DIRECTION ( 'NONE',  ( 0.000000000000000000, -1.000000000000000000, 0.000000000000000000 ) ) ;
#928 = CARTESIAN_POINT ( 'NONE',  ( -3.937576565366517567, 0.9099999999999973666, 0.5000000000000000000 ) ) ;
#929 = COLOUR_RGB ( '',0.8431372549019607865, 0.8431372549019607865, 0.8431372549019607865 ) ;
#930 =( NAMED_UNIT ( * ) SI_UNIT ( $, .STERADIAN. ) SOLID_ANGLE_UNIT ( ) );
#931 = ORIENTED_EDGE ( 'NONE', *, *, #4332, .T. ) ;
#932 = ORIENTED_EDGE ( 'NONE', *, *, #1091, .T. ) ;
#933 = DIRECTION ( 'NONE',  ( -1.000000000000000000, 0.000000000000000000, 0.000000000000000000 ) ) ;
#934 = ORIENTED_EDGE ( 'NONE', *, *, #2087, .T. ) ;
#935 = CARTESIAN_POINT ( 'NONE',  ( -2.600000000000012079, 5.190000000000000391, 2.399999999999999911 ) ) ;
#936 = CARTESIAN_POINT ( 'NONE',  ( -2.200000000000009504, 5.790000000000000036, 0.000000000000000000 ) ) ;
#937 = UNCERTAINTY_MEASURE_WITH_UNIT (LENGTH_MEASURE( 1.000000000000000082E-05 ), #5712, 'distance_accuracy_value', 'NONE');
#938 = EDGE_CURVE ( 'NONE', #1886, #4050, #1226, .T. ) ;
#939 = EDGE_CURVE ( 'NONE', #2731, #3555, #5268, .T. ) ;
#940 = SURFACE_SIDE_STYLE ('',( #1342 ) ) ;
#941 = ORIENTED_EDGE ( 'NONE', *, *, #4966, .F. ) ;
#942 =( NAMED_UNIT ( * ) SI_UNIT ( $, .STERADIAN. ) SOLID_ANGLE_UNIT ( ) );
#943 = ADVANCED_FACE ( 'NONE', ( #4781 ), #5641, .F. ) ;
#944 = EDGE_CURVE ( 'NONE', #5500, #626, #2096, .T. ) ;
#945 =( NAMED_UNIT ( * ) SI_UNIT ( $, .STERADIAN. ) SOLID_ANGLE_UNIT ( ) );
#946 = FILL_AREA_STYLE_COLOUR ( '', #5430 ) ;
#947 = VERTEX_POINT ( 'NONE', #4866 ) ;
#948 = EDGE_LOOP ( 'NONE', ( #5529, #3875, #5743, #2936 ) ) ;
#949 = CARTESIAN_POINT ( 'NONE',  ( -2.600000000000012079, 5.190000000000000391, 0.5000000000000000000 ) ) ;
#950 = AXIS2_PLACEMENT_3D ( 'NONE', #1941, #5407, #475 ) ;
#951 = SURFACE_SIDE_STYLE ('',( #1811 ) ) ;
#952 = FILL_AREA_STYLE ('',( #4437 ) ) ;
#953 = PRESENTATION_LAYER_ASSIGNMENT (  '', '', ( #5688 ) ) ;
#954 = FILL_AREA_STYLE ('',( #2785 ) ) ;
#955 = DIRECTION ( 'NONE',  ( -0.000000000000000000, 1.000000000000000000, -0.000000000000000000 ) ) ;
#956 = ORIENTED_EDGE ( 'NONE', *, *, #811, .T. ) ;
#957 = CARTESIAN_POINT ( 'NONE',  ( -4.823259234548942231, -5.840000000000002522, 0.5000000000000000000 ) ) ;
#958 = COLOUR_RGB ( '',0.2941176470588235392, 0.2941176470588235392, 0.2941176470588235392 ) ;
#959 = CARTESIAN_POINT ( 'NONE',  ( 4.182670137274078215, -1.790000000000002478, 0.5000000000000000000 ) ) ;
#960 = DIRECTION ( 'NONE',  ( 0.000000000000000000, 0.000000000000000000, 1.000000000000000000 ) ) ;
#961 = ORIENTED_EDGE ( 'NONE', *, *, #3043, .T. ) ;
#962 = ORIENTED_EDGE ( 'NONE', *, *, #4853, .T. ) ;
#963 = AXIS2_PLACEMENT_3D ( 'NONE', #3223, #1908, #5035 ) ;
#964 = VERTEX_POINT ( 'NONE', #2590 ) ;
#965 = LINE ( 'NONE', #4871, #2129 ) ;
#966 = LINE ( 'NONE', #1796, #985 ) ;
#967 = ORIENTED_EDGE ( 'NONE', *, *, #1659, .F. ) ;
#968 = VECTOR ( 'NONE', #5401, 1000.000000000000000 ) ;
#969 = FILL_AREA_STYLE ('',( #1456 ) ) ;
#970 = DIRECTION ( 'NONE',  ( 0.000000000000000000, -1.000000000000000000, -0.000000000000000000 ) ) ;
#971 =( NAMED_UNIT ( * ) SI_UNIT ( $, .STERADIAN. ) SOLID_ANGLE_UNIT ( ) );
#972 = ORIENTED_EDGE ( 'NONE', *, *, #1090, .F. ) ;
#973 = SURFACE_STYLE_FILL_AREA ( #1001 ) ;
#974 = SURFACE_STYLE_USAGE ( .BOTH. , #3676 ) ;
#975 = ADVANCED_FACE ( 'NONE', ( #2181 ), #4758, .F. ) ;
#976 = CARTESIAN_POINT ( 'NONE',  ( -4.800973193125843252, 5.190000000000000391, 0.5999999999999569011 ) ) ;
#977 = SURFACE_STYLE_USAGE ( .BOTH. , #3711 ) ;
#978 = ORIENTED_EDGE ( 'NONE', *, *, #5593, .F. ) ;
#979 = DIRECTION ( 'NONE',  ( -1.000000000000000000, -0.000000000000000000, -0.000000000000000000 ) ) ;
#980 = SURFACE_SIDE_STYLE ('',( #3631 ) ) ;
#981 = EDGE_CURVE ( 'NONE', #5042, #1615, #4515, .T. ) ;
#982 = EDGE_CURVE ( 'NONE', #1343, #5367, #2620, .T. ) ;
#983 = PRESENTATION_STYLE_ASSIGNMENT (( #418 ) ) ;
#984 = CARTESIAN_POINT ( 'NONE',  ( 0.1999999999999950429, 5.190000000000000391, 0.5000000000000000000 ) ) ;
#985 = VECTOR ( 'NONE', #130, 1000.000000000000000 ) ;
#986 = ORIENTED_EDGE ( 'NONE', *, *, #3502, .T. ) ;
#987 = CARTESIAN_POINT ( 'NONE',  ( -4.600000000000013856, 5.790000000000000036, 0.000000000000000000 ) ) ;
#988 = EDGE_LOOP ( 'NONE', ( #1598, #2777, #454, #1925 ) ) ;
#989 = VECTOR ( 'NONE', #790, 1000.000000000000000 ) ;
#990 = ORIENTED_EDGE ( 'NONE', *, *, #3253, .F. ) ;
#991 = DIRECTION ( 'NONE',  ( -1.000000000000000000, -0.000000000000000000, -0.000000000000000000 ) ) ;
#992 = CARTESIAN_POINT ( 'NONE',  ( -1.000000000000006661, 4.499823100075543536, 0.5000000000000000000 ) ) ;
#993 = ORIENTED_EDGE ( 'NONE', *, *, #2226, .F. ) ;
#994 = DIRECTION ( 'NONE',  ( 1.000000000000000000, -0.000000000000000000, -0.000000000000000000 ) ) ;
#995 = CARTESIAN_POINT ( 'NONE',  ( 4.560097823754071911, 3.810457007522609978E-16, 2.399999999999999911 ) ) ;
#996 = UNCERTAINTY_MEASURE_WITH_UNIT (LENGTH_MEASURE( 1.000000000000000082E-05 ), #156, 'distance_accuracy_value', 'NONE');
#997 = PLANE ( 'NONE',  #3926 ) ;
#998 = COLOUR_RGB ( '',0.9607843137254902244, 0.9607843137254902244, 0.9607843137254902244 ) ;
#999 = SURFACE_STYLE_USAGE ( .BOTH. , #4991 ) ;
#1000 = ORIENTED_EDGE ( 'NONE', *, *, #5675, .T. ) ;
#1001 = FILL_AREA_STYLE ('',( #492 ) ) ;
#1002 = FILL_AREA_STYLE ('',( #561 ) ) ;
#1003 = CARTESIAN_POINT ( 'NONE',  ( -4.560097823754070134, -4.850097823754071946, 2.299999999999999822 ) ) ;
#1004 = DIRECTION ( 'NONE',  ( -0.000000000000000000, 1.000000000000000000, -0.000000000000000000 ) ) ;
#1005 = ORIENTED_EDGE ( 'NONE', *, *, #1980, .F. ) ;
#1006 = ORIENTED_EDGE ( 'NONE', *, *, #1268, .T. ) ;
#1007 = FILL_AREA_STYLE ('',( #2374 ) ) ;
#1008 = PRESENTATION_LAYER_ASSIGNMENT (  '', '', ( #5386 ) ) ;
#1009 = UNCERTAINTY_MEASURE_WITH_UNIT (LENGTH_MEASURE( 1.000000000000000082E-05 ), #5232, 'distance_accuracy_value', 'NONE');
#1010 = EDGE_CURVE ( 'NONE', #344, #2612, #1736, .T. ) ;
#1011 = FILL_AREA_STYLE ('',( #506 ) ) ;
#1012 = EDGE_CURVE ( 'NONE', #1538, #3748, #2644, .T. ) ;
#1013 = VECTOR ( 'NONE', #5759, 1000.000000000000000 ) ;
#1014 = VECTOR ( 'NONE', #3921, 1000.000000000000000 ) ;
#1015 = EDGE_LOOP ( 'NONE', ( #4344, #4549, #1795, #3437 ) ) ;
#1016 = CARTESIAN_POINT ( 'NONE',  ( -3.400000000000011902, 5.790000000000000036, 0.5000000000000000000 ) ) ;
#1017 = SURFACE_STYLE_USAGE ( .BOTH. , #5499 ) ;
#1018 = COLOUR_RGB ( '',0.8431372549019607865, 0.8431372549019607865, 0.8431372549019607865 ) ;
#1019 = AXIS2_PLACEMENT_3D ( 'NONE', #643, #1115, #2043 ) ;
#1020 = ORIENTED_EDGE ( 'NONE', *, *, #38, .T. ) ;
#1021 = ADVANCED_FACE ( 'NONE', ( #2967 ), #511, .T. ) ;
#1022 = VECTOR ( 'NONE', #3564, 1000.000000000000000 ) ;
#1023 = CIRCLE ( 'NONE', #5574, 0.1000000000000001166 ) ;
#1024 = APPLICATION_CONTEXT ( 'automotive_design' ) ;
#1025 = EDGE_LOOP ( 'NONE', ( #5756, #669, #1918, #4103 ) ) ;
#1026 = DIRECTION ( 'NONE',  ( 0.000000000000000000, 0.000000000000000000, -1.000000000000000000 ) ) ;
#1027 = PLANE ( 'NONE',  #2099 ) ;
#1028 = ORIENTED_EDGE ( 'NONE', *, *, #143, .F. ) ;
#1029 = CARTESIAN_POINT ( 'NONE',  ( 4.600000000000001421, 5.190000000000000391, 2.399999999999999911 ) ) ;
#1030 =( GEOMETRIC_REPRESENTATION_CONTEXT ( 3 ) GLOBAL_UNCERTAINTY_ASSIGNED_CONTEXT ( ( #5373 ) ) GLOBAL_UNIT_ASSIGNED_CONTEXT ( ( #504, #1844, #3192 ) ) REPRESENTATION_CONTEXT ( 'NONE', 'WORKASPACE' ) );
#1031 = DIRECTION ( 'NONE',  ( 0.000000000000000000, 0.000000000000000000, -1.000000000000000000 ) ) ;
#1032 = VERTEX_POINT ( 'NONE', #2757 ) ;
#1033 = CARTESIAN_POINT ( 'NONE',  ( 4.182670137274078215, -5.090000000000002522, 0.5000000000000000000 ) ) ;
#1034 = ORIENTED_EDGE ( 'NONE', *, *, #501, .F. ) ;
#1035 = CARTESIAN_POINT ( 'NONE',  ( 4.647026497535695633, 3.883095355858115376E-16, 2.399999999999999911 ) ) ;
#1036 =( NAMED_UNIT ( * ) SI_UNIT ( $, .STERADIAN. ) SOLID_ANGLE_UNIT ( ) );
#1037 = DIRECTION ( 'NONE',  ( 1.000000000000000000, -0.000000000000000000, -0.000000000000000000 ) ) ;
#1038 = FILL_AREA_STYLE ('',( #3680 ) ) ;
#1039 = EDGE_LOOP ( 'NONE', ( #102, #4357, #2662, #4490 ) ) ;
#1040 = ORIENTED_EDGE ( 'NONE', *, *, #215, .T. ) ;
#1041 =( GEOMETRIC_REPRESENTATION_CONTEXT ( 3 ) GLOBAL_UNCERTAINTY_ASSIGNED_CONTEXT ( ( #1418 ) ) GLOBAL_UNIT_ASSIGNED_CONTEXT ( ( #615, #166, #4196 ) ) REPRESENTATION_CONTEXT ( 'NONE', 'WORKASPACE' ) );
#1042 = FACE_OUTER_BOUND ( 'NONE', #859, .T. ) ;
#1043 = LINE ( 'NONE', #745, #4931 ) ;
#1044 = FACE_OUTER_BOUND ( 'NONE', #642, .T. ) ;
#1045 = VECTOR ( 'NONE', #1624, 1000.000000000000000 ) ;
#1046 = ORIENTED_EDGE ( 'NONE', *, *, #2583, .F. ) ;
#1047 = DIRECTION ( 'NONE',  ( 0.000000000000000000, 0.000000000000000000, -1.000000000000000000 ) ) ;
#1048 = ADVANCED_FACE ( 'NONE', ( #1359 ), #4948, .T. ) ;
#1049 =( GEOMETRIC_REPRESENTATION_CONTEXT ( 3 ) GLOBAL_UNCERTAINTY_ASSIGNED_CONTEXT ( ( #1229 ) ) GLOBAL_UNIT_ASSIGNED_CONTEXT ( ( #4715, #1651, #4744 ) ) REPRESENTATION_CONTEXT ( 'NONE', 'WORKASPACE' ) );
#1050 = VERTEX_POINT ( 'NONE', #42 ) ;
#1051 = COLOUR_RGB ( '',0.2941176470588235392, 0.2941176470588235392, 0.2941176470588235392 ) ;
#1052 = ORIENTED_EDGE ( 'NONE', *, *, #4822, .T. ) ;
#1053 = PLANE ( 'NONE',  #3909 ) ;
#1054 = CARTESIAN_POINT ( 'NONE',  ( -4.659124630628227237, -4.850097823754071946, 2.313917310096006208 ) ) ;
#1055 = CARTESIAN_POINT ( 'NONE',  ( 4.272026497535696521, 4.187026497535694780, 2.399999999999999911 ) ) ;
#1056 = EDGE_CURVE ( 'NONE', #3322, #577, #3106, .T. ) ;
#1057 = EDGE_CURVE ( 'NONE', #4512, #4353, #5380, .T. ) ;
#1058 = CARTESIAN_POINT ( 'NONE',  ( 0.000000000000000000, -4.937026497535695668, 2.399999999999999911 ) ) ;
#1059 = UNCERTAINTY_MEASURE_WITH_UNIT (LENGTH_MEASURE( 1.000000000000000082E-05 ), #3693, 'distance_accuracy_value', 'NONE');
#1060 = VECTOR ( 'NONE', #4606, 1000.000000000000000 ) ;
#1061 = EDGE_LOOP ( 'NONE', ( #4015, #3413, #1314, #1279 ) ) ;
#1062 = DIRECTION ( 'NONE',  ( 0.000000000000000000, 1.000000000000000000, 0.000000000000000000 ) ) ;
#1063 = VECTOR ( 'NONE', #5151, 1000.000000000000000 ) ;
#1064 = ORIENTED_EDGE ( 'NONE', *, *, #5766, .T. ) ;
#1065 = CARTESIAN_POINT ( 'NONE',  ( -2.600000000000012079, 5.790000000000000036, 0.000000000000000000 ) ) ;
#1066 = DIRECTION ( 'NONE',  ( -0.000000000000000000, 1.000000000000000000, 0.000000000000000000 ) ) ;
#1067 = DIRECTION ( 'NONE',  ( -0.1378445374916255073, 0.1378445374916254518, -0.9808148484639899189 ) ) ;
#1068 = VECTOR ( 'NONE', #3401, 1000.000000000000000 ) ;
#1069 = ORIENTED_EDGE ( 'NONE', *, *, #2963, .T. ) ;
#1070 = DIRECTION ( 'NONE',  ( -0.000000000000000000, -0.000000000000000000, -1.000000000000000000 ) ) ;
#1071 = DIRECTION ( 'NONE',  ( 1.000000000000000000, -0.000000000000000000, -0.000000000000000000 ) ) ;
#1072 = CARTESIAN_POINT ( 'NONE',  ( 4.182670137274078215, -5.090000000000002522, 0.5000000000000000000 ) ) ;
#1073 = UNCERTAINTY_MEASURE_WITH_UNIT (LENGTH_MEASURE( 1.000000000000000082E-05 ), #868, 'distance_accuracy_value', 'NONE');
#1074 = ORIENTED_EDGE ( 'NONE', *, *, #4068, .F. ) ;
#1075 = LINE ( 'NONE', #1105, #575 ) ;
#1076 = DIRECTION ( 'NONE',  ( 1.000000000000000000, -0.000000000000000000, 0.000000000000000000 ) ) ;
#1077 = VERTEX_POINT ( 'NONE', #5008 ) ;
#1078 = PLANE ( 'NONE',  #815 ) ;
#1079 =( LENGTH_UNIT ( ) NAMED_UNIT ( * ) SI_UNIT ( .MILLI., .METRE. ) );
#1080 = STYLED_ITEM ( 'NONE', ( #4765 ), #591 ) ;
#1081 = ORIENTED_EDGE ( 'NONE', *, *, #5320, .T. ) ;
#1082 = ORIENTED_EDGE ( 'NONE', *, *, #3103, .T. ) ;
#1083 = DIRECTION ( 'NONE',  ( 0.000000000000000000, 1.000000000000000000, 0.000000000000000000 ) ) ;
#1084 = DIRECTION ( 'NONE',  ( 0.000000000000000000, -0.000000000000000000, 1.000000000000000000 ) ) ;
#1085 =( GEOMETRIC_REPRESENTATION_CONTEXT ( 3 ) GLOBAL_UNCERTAINTY_ASSIGNED_CONTEXT ( ( #522 ) ) GLOBAL_UNIT_ASSIGNED_CONTEXT ( ( #704, #5100, #5583 ) ) REPRESENTATION_CONTEXT ( 'NONE', 'WORKASPACE' ) );
#1086 = CARTESIAN_POINT ( 'NONE',  ( 2.199999999999997069, 0.000000000000000000, 0.000000000000000000 ) ) ;
#1087 =( NAMED_UNIT ( * ) SI_UNIT ( $, .STERADIAN. ) SOLID_ANGLE_UNIT ( ) );
#1088 = LINE ( 'NONE', #1548, #4868 ) ;
#1089 = VECTOR ( 'NONE', #2233, 1000.000000000000000 ) ;
#1090 = EDGE_CURVE ( 'NONE', #5470, #128, #4072, .T. ) ;
#1091 = EDGE_CURVE ( 'NONE', #3858, #618, #4563, .T. ) ;
#1092 = ORIENTED_EDGE ( 'NONE', *, *, #2216, .T. ) ;
#1093 = DIRECTION ( 'NONE',  ( 0.000000000000000000, -0.000000000000000000, 1.000000000000000000 ) ) ;
#1094 = LINE ( 'NONE', #3861, #893 ) ;
#1095 = ORIENTED_EDGE ( 'NONE', *, *, #3103, .F. ) ;
#1096 = MECHANICAL_DESIGN_GEOMETRIC_PRESENTATION_REPRESENTATION (  '', ( #337 ), #1647 ) ;
#1097 = PLANE ( 'NONE',  #4119 ) ;
#1098 = SURFACE_SIDE_STYLE ('',( #2807 ) ) ;
#1099 = EDGE_CURVE ( 'NONE', #1570, #2988, #1423, .T. ) ;
#1100 = PRESENTATION_LAYER_ASSIGNMENT (  '', '', ( #338 ) ) ;
#1101 = ORIENTED_EDGE ( 'NONE', *, *, #5288, .T. ) ;
#1102 = LINE ( 'NONE', #3361, #3133 ) ;
#1103 =( LENGTH_UNIT ( ) NAMED_UNIT ( * ) SI_UNIT ( .MILLI., .METRE. ) );
#1104 = EDGE_LOOP ( 'NONE', ( #1653, #4456, #4992, #4678 ) ) ;
#1105 = CARTESIAN_POINT ( 'NONE',  ( -4.149999999999999467, -5.840000000000002522, 0.5000000000000000000 ) ) ;
#1106 = CARTESIAN_POINT ( 'NONE',  ( -2.600000000000012079, 4.499823100075543536, 0.5000000000000000000 ) ) ;
#1107 = VERTEX_POINT ( 'NONE', #68 ) ;
#1108 = SURFACE_STYLE_USAGE ( .BOTH. , #2931 ) ;
#1109 = COLOUR_RGB ( '',0.7921568627450980005, 0.8196078431372548767, 0.9333333333333333481 ) ;
#1110 = DIRECTION ( 'NONE',  ( 0.000000000000000000, 1.000000000000000000, -0.000000000000000000 ) ) ;
#1111 = PLANE ( 'NONE',  #1579 ) ;
#1112 = VECTOR ( 'NONE', #994, 1000.000000000000000 ) ;
#1113 = ORIENTED_EDGE ( 'NONE', *, *, #4013, .F. ) ;
#1114 = ORIENTED_EDGE ( 'NONE', *, *, #3321, .F. ) ;
#1115 = DIRECTION ( 'NONE',  ( 1.000000000000000000, 0.000000000000000000, 0.000000000000000000 ) ) ;
#1116 = STYLED_ITEM ( 'NONE', ( #3731 ), #3723 ) ;
#1117 = FILL_AREA_STYLE_COLOUR ( '', #419 ) ;
#1118 = VECTOR ( 'NONE', #307, 1000.000000000000000 ) ;
#1119 = CARTESIAN_POINT ( 'NONE',  ( 4.800973193125842364, 5.190000000000000391, 0.5999999999999569011 ) ) ;
#1120 = SURFACE_SIDE_STYLE ('',( #4293 ) ) ;
#1121 = STYLED_ITEM ( 'NONE', ( #2383 ), #3872 ) ;
#1122 = CARTESIAN_POINT ( 'NONE',  ( 4.823259234548942231, -5.190000000000000391, 2.399999999999999911 ) ) ;
#1123 = ORIENTED_EDGE ( 'NONE', *, *, #466, .F. ) ;
#1124 = ORIENTED_EDGE ( 'NONE', *, *, #4966, .T. ) ;
#1125 = CARTESIAN_POINT ( 'NONE',  ( -2.200000000000009059, 5.190000000000000391, 2.399999999999999911 ) ) ;
#1126 = ADVANCED_FACE ( 'NONE', ( #1975 ), #1078, .F. ) ;
#1127 = ADVANCED_FACE ( 'NONE', ( #5526 ), #573, .F. ) ;
#1128 = SURFACE_SIDE_STYLE ('',( #1961 ) ) ;
#1129 = ORIENTED_EDGE ( 'NONE', *, *, #2589, .F. ) ;
#1130 =( NAMED_UNIT ( * ) SI_UNIT ( $, .STERADIAN. ) SOLID_ANGLE_UNIT ( ) );
#1131 = LINE ( 'NONE', #2404, #1742 ) ;
#1132 = EDGE_CURVE ( 'NONE', #1207, #4775, #5552, .T. ) ;
#1133 = UNCERTAINTY_MEASURE_WITH_UNIT (LENGTH_MEASURE( 1.000000000000000082E-05 ), #2721, 'distance_accuracy_value', 'NONE');
#1134 = ADVANCED_FACE ( 'NONE', ( #3791 ), #2349, .T. ) ;
#1135 = ORIENTED_EDGE ( 'NONE', *, *, #2745, .T. ) ;
#1136 = CARTESIAN_POINT ( 'NONE',  ( 4.659124630628229013, 3.893204660044585121E-16, 2.313917310096006208 ) ) ;
#1137 = ORIENTED_EDGE ( 'NONE', *, *, #5704, .F. ) ;
#1138 = PRESENTATION_STYLE_ASSIGNMENT (( #1108 ) ) ;
#1139 = SURFACE_STYLE_USAGE ( .BOTH. , #214 ) ;
#1140 = FACE_OUTER_BOUND ( 'NONE', #5176, .T. ) ;
#1141 = ORIENTED_EDGE ( 'NONE', *, *, #3209, .F. ) ;
#1142 = CARTESIAN_POINT ( 'NONE',  ( -4.560097823754071023, -4.850097823754071946, 2.399999999999999911 ) ) ;
#1143 = AXIS2_PLACEMENT_3D ( 'NONE', #2033, #299, #1533 ) ;
#1144 = DIRECTION ( 'NONE',  ( -8.673617379884051249E-15, 0.000000000000000000, 1.000000000000000000 ) ) ;
#1145 = SURFACE_STYLE_USAGE ( .BOTH. , #1120 ) ;
#1146 = VECTOR ( 'NONE', #4120, 1000.000000000000000 ) ;
#1147 = ORIENTED_EDGE ( 'NONE', *, *, #1300, .T. ) ;
#1148 = ORIENTED_EDGE ( 'NONE', *, *, #700, .T. ) ;
#1149 = FILL_AREA_STYLE_COLOUR ( '', #3673 ) ;
#1150 = CARTESIAN_POINT ( 'NONE',  ( -2.200000000000008615, 4.499823100075543536, 0.5000000000000000000 ) ) ;
#1151 = DIRECTION ( 'NONE',  ( 1.000000000000000000, -0.000000000000000000, 0.000000000000000000 ) ) ;
#1152 = CARTESIAN_POINT ( 'NONE',  ( -2.200000000000008615, 4.499823100075543536, 0.5000000000000000000 ) ) ;
#1153 =( GEOMETRIC_REPRESENTATION_CONTEXT ( 3 ) GLOBAL_UNCERTAINTY_ASSIGNED_CONTEXT ( ( #2525 ) ) GLOBAL_UNIT_ASSIGNED_CONTEXT ( ( #875, #2642, #1766 ) ) REPRESENTATION_CONTEXT ( 'NONE', 'WORKASPACE' ) );
#1154 = ADVANCED_FACE ( 'NONE', ( #2414 ), #4594, .F. ) ;
#1155 = ORIENTED_EDGE ( 'NONE', *, *, #5250, .T. ) ;
#1156 = CARTESIAN_POINT ( 'NONE',  ( -2.600000000000012079, 5.790000000000000036, 0.5000000000000000000 ) ) ;
#1157 = CARTESIAN_POINT ( 'NONE',  ( -1.000000000000007327, 5.790000000000000036, 0.5000000000000000000 ) ) ;
#1158 = FILL_AREA_STYLE ('',( #2064 ) ) ;
#1159 = VECTOR ( 'NONE', #1498, 1000.000000000000000 ) ;
#1160 = ORIENTED_EDGE ( 'NONE', *, *, #1721, .F. ) ;
#1161 = FILL_AREA_STYLE ('',( #5150 ) ) ;
#1162 = LINE ( 'NONE', #2896, #3285 ) ;
#1163 = ADVANCED_FACE ( 'NONE', ( #606 ), #1507, .T. ) ;
#1164 = ORIENTED_EDGE ( 'NONE', *, *, #38, .F. ) ;
#1165 = SURFACE_STYLE_FILL_AREA ( #698 ) ;
#1166 = EDGE_CURVE ( 'NONE', #92, #463, #2148, .T. ) ;
#1167 = CARTESIAN_POINT ( 'NONE',  ( 2.600000000000000533, 4.499823100075543536, 0.5000000000000000000 ) ) ;
#1168 =( NAMED_UNIT ( * ) SI_UNIT ( $, .STERADIAN. ) SOLID_ANGLE_UNIT ( ) );
#1169 = COLOUR_RGB ( '',0.2941176470588235392, 0.2941176470588235392, 0.2941176470588235392 ) ;
#1170 = SURFACE_STYLE_USAGE ( .BOTH. , #5267 ) ;
#1171 = LINE ( 'NONE', #3563, #4925 ) ;
#1172 = CARTESIAN_POINT ( 'NONE',  ( -4.600000000000013856, 3.790000000000000036, 0.5000000000000000000 ) ) ;
#1173 = CARTESIAN_POINT ( 'NONE',  ( 2.600000000000000533, 5.190000000000000391, 2.399999999999999911 ) ) ;
#1174 = UNCERTAINTY_MEASURE_WITH_UNIT (LENGTH_MEASURE( 1.000000000000000082E-05 ), #56, 'distance_accuracy_value', 'NONE');
#1175 = DIRECTION ( 'NONE',  ( 0.000000000000000000, 0.9902680687415710281, -0.1391731009600615798 ) ) ;
#1176 = MECHANICAL_DESIGN_GEOMETRIC_PRESENTATION_REPRESENTATION (  '', ( #1447 ), #416 ) ;
#1177 = AXIS2_PLACEMENT_3D ( 'NONE', #5185, #1663, #2999 ) ;
#1178 = ORIENTED_EDGE ( 'NONE', *, *, #5667, .T. ) ;
#1179 = DIRECTION ( 'NONE',  ( 0.000000000000000000, 0.000000000000000000, 1.000000000000000000 ) ) ;
#1180 = LINE ( 'NONE', #2949, #4657 ) ;
#1181 = CARTESIAN_POINT ( 'NONE',  ( 4.823259234548942231, -5.090000000000002522, 0.5000000000000000000 ) ) ;
#1182 = MECHANICAL_DESIGN_GEOMETRIC_PRESENTATION_REPRESENTATION (  '', ( #43 ), #2655 ) ;
#1183 = PRESENTATION_STYLE_ASSIGNMENT (( #4204 ) ) ;
#1184 = CARTESIAN_POINT ( 'NONE',  ( 4.823259234548942231, -5.090000000000002522, 0.000000000000000000 ) ) ;
#1185 = VERTEX_POINT ( 'NONE', #1626 ) ;
#1186 = SURFACE_SIDE_STYLE ('',( #687 ) ) ;
#1187 = SURFACE_STYLE_FILL_AREA ( #2029 ) ;
#1188 = LINE ( 'NONE', #294, #4753 ) ;
#1189 = FACE_OUTER_BOUND ( 'NONE', #161, .T. ) ;
#1190 = UNCERTAINTY_MEASURE_WITH_UNIT (LENGTH_MEASURE( 1.000000000000000082E-05 ), #2688, 'distance_accuracy_value', 'NONE');
#1191 = ORIENTED_EDGE ( 'NONE', *, *, #3387, .T. ) ;
#1192 = LINE ( 'NONE', #2895, #675 ) ;
#1193 = VECTOR ( 'NONE', #50, 1000.000000000000000 ) ;
#1194 = CARTESIAN_POINT ( 'NONE',  ( -1.000000000000006661, 4.499823100075543536, 0.000000000000000000 ) ) ;
#1195 = ORIENTED_EDGE ( 'NONE', *, *, #3042, .T. ) ;
#1196 =( NAMED_UNIT ( * ) SI_UNIT ( $, .STERADIAN. ) SOLID_ANGLE_UNIT ( ) );
#1197 = FACE_OUTER_BOUND ( 'NONE', #1025, .T. ) ;
#1198 = COLOUR_RGB ( '',0.2941176470588235392, 0.2941176470588235392, 0.2941176470588235392 ) ;
#1199 = CARTESIAN_POINT ( 'NONE',  ( -4.899999999999997691, -5.190000000000000391, 0.5000000000000000000 ) ) ;
#1200 = ADVANCED_FACE ( 'NONE', ( #1197 ), #5691, .T. ) ;
#1201 = EDGE_CURVE ( 'NONE', #5062, #1207, #5263, .T. ) ;
#1202 =( LENGTH_UNIT ( ) NAMED_UNIT ( * ) SI_UNIT ( .MILLI., .METRE. ) );
#1203 = LINE ( 'NONE', #5747, #5749 ) ;
#1204 = DIRECTION ( 'NONE',  ( 1.000000000000000000, -1.680703123035279354E-16, 0.000000000000000000 ) ) ;
#1205 = MECHANICAL_DESIGN_GEOMETRIC_PRESENTATION_REPRESENTATION (  '', ( #5559 ), #1666 ) ;
#1206 = EDGE_CURVE ( 'NONE', #175, #4442, #2175, .T. ) ;
#1207 = VERTEX_POINT ( 'NONE', #1247 ) ;
#1208 = FACE_OUTER_BOUND ( 'NONE', #5685, .T. ) ;
#1209 = DIRECTION ( 'NONE',  ( 1.000000000000000000, 0.000000000000000000, 0.000000000000000000 ) ) ;
#1210 = AXIS2_PLACEMENT_3D ( 'NONE', #4017, #4465, #472 ) ;
#1211 = CARTESIAN_POINT ( 'NONE',  ( -4.823259234548942231, -1.790000000000002478, 0.000000000000000000 ) ) ;
#1212 = EDGE_LOOP ( 'NONE', ( #1871, #1997, #5444, #75 ) ) ;
#1213 =( LENGTH_UNIT ( ) NAMED_UNIT ( * ) SI_UNIT ( .MILLI., .METRE. ) );
#1214 = SURFACE_STYLE_USAGE ( .BOTH. , #3331 ) ;
#1215 = DIRECTION ( 'NONE',  ( 0.1378445374916257016, -0.1378445374916254518, -0.9808148484639899189 ) ) ;
#1216 = LINE ( 'NONE', #460, #2023 ) ;
#1217 = ORIENTED_EDGE ( 'NONE', *, *, #5637, .T. ) ;
#1218 = SURFACE_STYLE_USAGE ( .BOTH. , #4408 ) ;
#1219 = LINE ( 'NONE', #272, #112 ) ;
#1220 = EDGE_LOOP ( 'NONE', ( #5336, #5487, #155, #1147 ) ) ;
#1221 = LINE ( 'NONE', #2960, #2801 ) ;
#1222 = CARTESIAN_POINT ( 'NONE',  ( -1.400000000000009681, 5.790000000000000036, 0.000000000000000000 ) ) ;
#1223 = ORIENTED_EDGE ( 'NONE', *, *, #3043, .F. ) ;
#1224 = EDGE_CURVE ( 'NONE', #297, #3388, #303, .T. ) ;
#1225 = DIRECTION ( 'NONE',  ( 0.000000000000000000, 0.000000000000000000, 1.000000000000000000 ) ) ;
#1226 = LINE ( 'NONE', #3458, #4416 ) ;
#1227 = CARTESIAN_POINT ( 'NONE',  ( -3.400000000000011902, 4.499823100075543536, 0.5000000000000000000 ) ) ;
#1228 = VECTOR ( 'NONE', #2050, 1000.000000000000000 ) ;
#1229 = UNCERTAINTY_MEASURE_WITH_UNIT (LENGTH_MEASURE( 1.000000000000000082E-05 ), #4715, 'distance_accuracy_value', 'NONE');
#1230 = VERTEX_POINT ( 'NONE', #1274 ) ;
#1231 = ORIENTED_EDGE ( 'NONE', *, *, #5115, .F. ) ;
#1232 = EDGE_CURVE ( 'NONE', #947, #4897, #3881, .T. ) ;
#1233 =( LENGTH_UNIT ( ) NAMED_UNIT ( * ) SI_UNIT ( .MILLI., .METRE. ) );
#1234 = EDGE_CURVE ( 'NONE', #3636, #1894, #3049, .T. ) ;
#1235 = SURFACE_STYLE_USAGE ( .BOTH. , #5279 ) ;
#1236 = COLOUR_RGB ( '',0.2941176470588235392, 0.2941176470588235392, 0.2941176470588235392 ) ;
#1237 = PLANE ( 'NONE',  #1240 ) ;
#1238 = ORIENTED_EDGE ( 'NONE', *, *, #4075, .F. ) ;
#1239 = CARTESIAN_POINT ( 'NONE',  ( -2.200000000000009504, 5.790000000000000036, 0.5000000000000000000 ) ) ;
#1240 = AXIS2_PLACEMENT_3D ( 'NONE', #862, #2603, #3864 ) ;
#1241 = SURFACE_SIDE_STYLE ('',( #2222 ) ) ;
#1242 = ORIENTED_EDGE ( 'NONE', *, *, #2408, .F. ) ;
#1243 = FILL_AREA_STYLE ('',( #2144 ) ) ;
#1244 = ORIENTED_EDGE ( 'NONE', *, *, #2576, .T. ) ;
#1245 = LINE ( 'NONE', #3961, #5363 ) ;
#1246 = VECTOR ( 'NONE', #5515, 1000.000000000000000 ) ;
#1247 = CARTESIAN_POINT ( 'NONE',  ( 4.823259234548942231, -1.790000000000002478, 0.5000000000000000000 ) ) ;
#1248 = CARTESIAN_POINT ( 'NONE',  ( 4.182670137274078215, -5.090000000000002522, 0.5000000000000000000 ) ) ;
#1249 = FILL_AREA_STYLE_COLOUR ( '', #5061 ) ;
#1250 = VECTOR ( 'NONE', #3326, 1000.000000000000000 ) ;
#1251 = ORIENTED_EDGE ( 'NONE', *, *, #5701, .F. ) ;
#1252 = ORIENTED_EDGE ( 'NONE', *, *, #1685, .F. ) ;
#1253 = PLANE ( 'NONE',  #5630 ) ;
#1254 = PRESENTATION_STYLE_ASSIGNMENT (( #4784 ) ) ;
#1255 = AXIS2_PLACEMENT_3D ( 'NONE', #4468, #2235, #5489 ) ;
#1256 = VERTEX_POINT ( 'NONE', #1732 ) ;
#1257 = CARTESIAN_POINT ( 'NONE',  ( -4.560097823754070134, -4.949124630628229049, 2.313917310096006208 ) ) ;
#1258 = ORIENTED_EDGE ( 'NONE', *, *, #467, .F. ) ;
#1259 = VECTOR ( 'NONE', #660, 1000.000000000000227 ) ;
#1260 =( NAMED_UNIT ( * ) PLANE_ANGLE_UNIT ( ) SI_UNIT ( $, .RADIAN. ) );
#1261 = ADVANCED_FACE ( 'NONE', ( #4386 ), #4341, .F. ) ;
#1262 = EDGE_CURVE ( 'NONE', #5166, #947, #5178, .T. ) ;
#1263 = VECTOR ( 'NONE', #2542, 1000.000000000000000 ) ;
#1264 = ORIENTED_EDGE ( 'NONE', *, *, #2790, .T. ) ;
#1265 = CARTESIAN_POINT ( 'NONE',  ( 4.600000000000000533, 3.790000000000000036, 0.000000000000000000 ) ) ;
#1266 = VECTOR ( 'NONE', #280, 1000.000000000000000 ) ;
#1267 = ORIENTED_EDGE ( 'NONE', *, *, #2822, .F. ) ;
#1268 = EDGE_CURVE ( 'NONE', #2612, #598, #1271, .T. ) ;
#1269 = CARTESIAN_POINT ( 'NONE',  ( -1.400000000000010569, 2.352984372249408993E-16, 0.000000000000000000 ) ) ;
#1270 = FACE_OUTER_BOUND ( 'NONE', #717, .T. ) ;
#1271 = CIRCLE ( 'NONE', #1729, 0.09999999999999982514 ) ;
#1272 = ORIENTED_EDGE ( 'NONE', *, *, #5251, .F. ) ;
#1273 = FACE_OUTER_BOUND ( 'NONE', #767, .T. ) ;
#1274 = CARTESIAN_POINT ( 'NONE',  ( 4.560097823754071911, 4.949124630628229049, 2.313917310096006208 ) ) ;
#1275 = PRESENTATION_STYLE_ASSIGNMENT (( #1706 ) ) ;
#1276 = VECTOR ( 'NONE', #5003, 1000.000000000000000 ) ;
#1277 = CARTESIAN_POINT ( 'NONE',  ( -3.400000000000011902, 5.790000000000000036, 0.000000000000000000 ) ) ;
#1278 = COLOUR_RGB ( '',0.8431372549019607865, 0.8431372549019607865, 0.8431372549019607865 ) ;
#1279 = ORIENTED_EDGE ( 'NONE', *, *, #4668, .F. ) ;
#1280 = FACE_OUTER_BOUND ( 'NONE', #4596, .T. ) ;
#1281 = UNCERTAINTY_MEASURE_WITH_UNIT (LENGTH_MEASURE( 1.000000000000000082E-05 ), #5318, 'distance_accuracy_value', 'NONE');
#1282 = LINE ( 'NONE', #4394, #3078 ) ;
#1283 = ORIENTED_EDGE ( 'NONE', *, *, #3604, .F. ) ;
#1284 = ORIENTED_EDGE ( 'NONE', *, *, #1866, .T. ) ;
#1285 = VECTOR ( 'NONE', #3983, 1000.000000000000000 ) ;
#1286 = CARTESIAN_POINT ( 'NONE',  ( -4.647026497535694745, -7.766190711716229765E-16, 2.399999999999999911 ) ) ;
#1287 = VECTOR ( 'NONE', #2740, 1000.000000000000000 ) ;
#1288 = DIRECTION ( 'NONE',  ( 0.000000000000000000, 1.000000000000000000, 0.000000000000000000 ) ) ;
#1289 = LINE ( 'NONE', #1672, #873 ) ;
#1290 =( GEOMETRIC_REPRESENTATION_CONTEXT ( 3 ) GLOBAL_UNCERTAINTY_ASSIGNED_CONTEXT ( ( #1812 ) ) GLOBAL_UNIT_ASSIGNED_CONTEXT ( ( #2884, #228, #5565 ) ) REPRESENTATION_CONTEXT ( 'NONE', 'WORKASPACE' ) );
#1291 = APPLICATION_PROTOCOL_DEFINITION ( 'draft international standard', 'automotive_design', 1998, #1024 ) ;
#1292 = EDGE_LOOP ( 'NONE', ( #4312, #5029, #1677, #5735 ) ) ;
#1293 = CARTESIAN_POINT ( 'NONE',  ( -0.2000000000000075606, 4.499823100075543536, 0.000000000000000000 ) ) ;
#1294 =( NAMED_UNIT ( * ) PLANE_ANGLE_UNIT ( ) SI_UNIT ( $, .RADIAN. ) );
#1295 = LINE ( 'NONE', #4881, #2316 ) ;
#1296 = EDGE_CURVE ( 'NONE', #3505, #2297, #365, .T. ) ;
#1297 = VECTOR ( 'NONE', #2071, 1000.000000000000000 ) ;
#1298 = FACE_OUTER_BOUND ( 'NONE', #2091, .T. ) ;
#1299 = ORIENTED_EDGE ( 'NONE', *, *, #3758, .F. ) ;
#1300 = EDGE_CURVE ( 'NONE', #2699, #2497, #2585, .T. ) ;
#1301 = EDGE_CURVE ( 'NONE', #5065, #825, #2559, .T. ) ;
#1302 = SURFACE_STYLE_USAGE ( .BOTH. , #5664 ) ;
#1303 = LINE ( 'NONE', #3077, #4662 ) ;
#1304 = FACE_OUTER_BOUND ( 'NONE', #24, .T. ) ;
#1305 = DIRECTION ( 'NONE',  ( 0.000000000000000000, -1.000000000000000000, 0.000000000000000000 ) ) ;
#1306 =( LENGTH_UNIT ( ) NAMED_UNIT ( * ) SI_UNIT ( .MILLI., .METRE. ) );
#1307 = VERTEX_POINT ( 'NONE', #2640 ) ;
#1308 = ORIENTED_EDGE ( 'NONE', *, *, #2472, .T. ) ;
#1309 = DIRECTION ( 'NONE',  ( 0.000000000000000000, 1.000000000000000000, 0.000000000000000000 ) ) ;
#1310 = SURFACE_STYLE_FILL_AREA ( #4001 ) ;
#1311 = SURFACE_STYLE_FILL_AREA ( #3086 ) ;
#1312 = FACE_OUTER_BOUND ( 'NONE', #4309, .T. ) ;
#1313 = CARTESIAN_POINT ( 'NONE',  ( -1.400000000000009903, 4.499823100075543536, 0.5000000000000000000 ) ) ;
#1314 = ORIENTED_EDGE ( 'NONE', *, *, #694, .F. ) ;
#1315 = PLANE ( 'NONE',  #4823 ) ;
#1316 = CARTESIAN_POINT ( 'NONE',  ( -4.823259234548942231, -5.090000000000002522, 0.5000000000000000000 ) ) ;
#1317 = VECTOR ( 'NONE', #3901, 1000.000000000000000 ) ;
#1318 = LINE ( 'NONE', #2115, #5048 ) ;
#1319 = ADVANCED_FACE ( 'NONE', ( #5405 ), #2256, .T. ) ;
#1320 = DIRECTION ( 'NONE',  ( 0.000000000000000000, -1.000000000000000000, 0.000000000000000000 ) ) ;
#1321 = ORIENTED_EDGE ( 'NONE', *, *, #2216, .F. ) ;
#1322 =( NAMED_UNIT ( * ) PLANE_ANGLE_UNIT ( ) SI_UNIT ( $, .RADIAN. ) );
#1323 = DIRECTION ( 'NONE',  ( 0.000000000000000000, 0.000000000000000000, -1.000000000000000000 ) ) ;
#1324 =( NAMED_UNIT ( * ) PLANE_ANGLE_UNIT ( ) SI_UNIT ( $, .RADIAN. ) );
#1325 = VECTOR ( 'NONE', #225, 1000.000000000000000 ) ;
#1326 = ADVANCED_FACE ( 'NONE', ( #4067 ), #4526, .T. ) ;
#1327 = CARTESIAN_POINT ( 'NONE',  ( 0.9999999999999947820, 5.790000000000000036, 0.5000000000000000000 ) ) ;
#1328 = EDGE_CURVE ( 'NONE', #1777, #2945, #2665, .T. ) ;
#1329 = DIRECTION ( 'NONE',  ( -1.000000000000000000, -0.000000000000000000, -0.000000000000000000 ) ) ;
#1330 = DIRECTION ( 'NONE',  ( -2.521054684552918662E-16, 1.000000000000000000, -0.000000000000000000 ) ) ;
#1331 = CARTESIAN_POINT ( 'NONE',  ( 4.272026497535696521, 4.187026497535694780, 2.389999999999999680 ) ) ;
#1332 = VECTOR ( 'NONE', #264, 1000.000000000000000 ) ;
#1333 = ORIENTED_EDGE ( 'NONE', *, *, #474, .T. ) ;
#1334 = ORIENTED_EDGE ( 'NONE', *, *, #694, .T. ) ;
#1335 = FACE_OUTER_BOUND ( 'NONE', #146, .T. ) ;
#1336 = DIRECTION ( 'NONE',  ( -1.000000000000000000, 8.758857983683575809E-15, 0.000000000000000000 ) ) ;
#1337 = ORIENTED_EDGE ( 'NONE', *, *, #3968, .F. ) ;
#1338 = PLANE ( 'NONE',  #1664 ) ;
#1339 = CARTESIAN_POINT ( 'NONE',  ( -4.823259234548942231, -5.090000000000002522, 0.5000000000000000000 ) ) ;
#1340 = SURFACE_STYLE_USAGE ( .BOTH. , #4004 ) ;
#1341 = AXIS2_PLACEMENT_3D ( 'NONE', #2695, #2403, #1817 ) ;
#1342 = SURFACE_STYLE_FILL_AREA ( #1430 ) ;
#1343 = VERTEX_POINT ( 'NONE', #4100 ) ;
#1344 = CARTESIAN_POINT ( 'NONE',  ( -2.600000000000012079, 4.499823100075543536, 0.5000000000000000000 ) ) ;
#1345 = ORIENTED_EDGE ( 'NONE', *, *, #1757, .F. ) ;
#1346 = FACE_OUTER_BOUND ( 'NONE', #988, .T. ) ;
#1347 = DIRECTION ( 'NONE',  ( -1.000000000000000000, -1.680703123035279354E-16, 0.000000000000000000 ) ) ;
#1348 = VECTOR ( 'NONE', #278, 1000.000000000000000 ) ;
#1349 =( NAMED_UNIT ( * ) SI_UNIT ( $, .STERADIAN. ) SOLID_ANGLE_UNIT ( ) );
#1350 = DIRECTION ( 'NONE',  ( 0.000000000000000000, -0.000000000000000000, 1.000000000000000000 ) ) ;
#1351 = VERTEX_POINT ( 'NONE', #5370 ) ;
#1352 = SURFACE_STYLE_FILL_AREA ( #5460 ) ;
#1353 = VECTOR ( 'NONE', #2476, 1000.000000000000000 ) ;
#1354 = LINE ( 'NONE', #5212, #3432 ) ;
#1355 = DIRECTION ( 'NONE',  ( 1.680703123035279354E-16, 1.000000000000000000, 0.000000000000000000 ) ) ;
#1356 = VECTOR ( 'NONE', #5209, 1000.000000000000000 ) ;
#1357 = LINE ( 'NONE', #3567, #21 ) ;
#1358 = LINE ( 'NONE', #3129, #2833 ) ;
#1359 = FACE_OUTER_BOUND ( 'NONE', #2385, .T. ) ;
#1360 = VECTOR ( 'NONE', #1620, 1000.000000000000114 ) ;
#1361 = CARTESIAN_POINT ( 'NONE',  ( 3.937576565366517567, 0.9099999999999973666, 0.5000000000000000000 ) ) ;
#1362 = ADVANCED_FACE ( 'NONE', ( #1787 ), #4942, .T. ) ;
#1363 = EDGE_CURVE ( 'NONE', #4926, #2271, #664, .T. ) ;
#1364 = EDGE_LOOP ( 'NONE', ( #2715, #3006, #2132, #4134 ) ) ;
#1365 = EDGE_LOOP ( 'NONE', ( #533, #5631, #3638, #2467 ) ) ;
#1366 = AXIS2_PLACEMENT_3D ( 'NONE', #5341, #2992, #789 ) ;
#1367 = ORIENTED_EDGE ( 'NONE', *, *, #2429, .F. ) ;
#1368 = PRESENTATION_STYLE_ASSIGNMENT (( #2296 ) ) ;
#1369 = DIRECTION ( 'NONE',  ( 0.000000000000000000, 0.000000000000000000, -1.000000000000000000 ) ) ;
#1370 = ORIENTED_EDGE ( 'NONE', *, *, #3185, .T. ) ;
#1371 = DIRECTION ( 'NONE',  ( -3.361406246070558709E-16, -1.000000000000000000, 0.000000000000000000 ) ) ;
#1372 = EDGE_CURVE ( 'NONE', #1623, #5706, #5032, .T. ) ;
#1373 = EDGE_CURVE ( 'NONE', #729, #3048, #3334, .T. ) ;
#1374 = SURFACE_SIDE_STYLE ('',( #5358 ) ) ;
#1375 = PRESENTATION_LAYER_ASSIGNMENT (  '', '', ( #2399 ) ) ;
#1376 = ORIENTED_EDGE ( 'NONE', *, *, #3912, .T. ) ;
#1377 = PRESENTATION_STYLE_ASSIGNMENT (( #974 ) ) ;
#1378 = FACE_OUTER_BOUND ( 'NONE', #429, .T. ) ;
#1379 =( GEOMETRIC_REPRESENTATION_CONTEXT ( 3 ) GLOBAL_UNCERTAINTY_ASSIGNED_CONTEXT ( ( #3028 ) ) GLOBAL_UNIT_ASSIGNED_CONTEXT ( ( #4615, #171, #4844 ) ) REPRESENTATION_CONTEXT ( 'NONE', 'WORKASPACE' ) );
#1380 = VECTOR ( 'NONE', #4008, 1000.000000000000000 ) ;
#1381 = CARTESIAN_POINT ( 'NONE',  ( -0.2000000000000075606, 4.499823100075543536, 0.5000000000000000000 ) ) ;
#1382 = FACE_OUTER_BOUND ( 'NONE', #1212, .T. ) ;
#1383 = ORIENTED_EDGE ( 'NONE', *, *, #142, .F. ) ;
#1384 = CARTESIAN_POINT ( 'NONE',  ( 2.600000000000000533, 4.499823100075543536, 0.5000000000000000000 ) ) ;
#1385 = AXIS2_PLACEMENT_3D ( 'NONE', #1574, #614, #1984 ) ;
#1386 = COLOUR_RGB ( '',0.2941176470588235392, 0.2941176470588235392, 0.2941176470588235392 ) ;
#1387 = CARTESIAN_POINT ( 'NONE',  ( -4.899999999999997691, -5.190000000000000391, 0.000000000000000000 ) ) ;
#1388 = SURFACE_STYLE_USAGE ( .BOTH. , #3661 ) ;
#1389 = SURFACE_STYLE_FILL_AREA ( #2750 ) ;
#1390 = VERTEX_POINT ( 'NONE', #4240 ) ;
#1391 = COLOUR_RGB ( '',0.8431372549019607865, 0.8431372549019607865, 0.8431372549019607865 ) ;
#1392 =( NAMED_UNIT ( * ) SI_UNIT ( $, .STERADIAN. ) SOLID_ANGLE_UNIT ( ) );
#1393 = ORIENTED_EDGE ( 'NONE', *, *, #4756, .T. ) ;
#1394 = FACE_OUTER_BOUND ( 'NONE', #3607, .T. ) ;
#1395 = DIRECTION ( 'NONE',  ( -1.000000000000000000, 0.000000000000000000, -0.000000000000000000 ) ) ;
#1396 = DIRECTION ( 'NONE',  ( 0.000000000000000000, 1.000000000000000000, -0.000000000000000000 ) ) ;
#1397 = ORIENTED_EDGE ( 'NONE', *, *, #878, .F. ) ;
#1398 = ORIENTED_EDGE ( 'NONE', *, *, #2330, .F. ) ;
#1399 = ADVANCED_FACE ( 'NONE', ( #4587 ), #4125, .F. ) ;
#1400 = ORIENTED_EDGE ( 'NONE', *, *, #5695, .T. ) ;
#1401 =( NAMED_UNIT ( * ) PLANE_ANGLE_UNIT ( ) SI_UNIT ( $, .RADIAN. ) );
#1402 = CARTESIAN_POINT ( 'NONE',  ( 3.400000000000001243, 3.790000000000000036, 0.5000000000000000000 ) ) ;
#1403 = COLOUR_RGB ( '',0.2941176470588235392, 0.2941176470588235392, 0.2941176470588235392 ) ;
#1404 = UNCERTAINTY_MEASURE_WITH_UNIT (LENGTH_MEASURE( 1.000000000000000082E-05 ), #914, 'distance_accuracy_value', 'NONE');
#1405 = PRESENTATION_STYLE_ASSIGNMENT (( #4930 ) ) ;
#1406 = SURFACE_STYLE_FILL_AREA ( #4058 ) ;
#1407 = EDGE_CURVE ( 'NONE', #3243, #2032, #4558, .T. ) ;
#1408 = ADVANCED_FACE ( 'NONE', ( #1042 ), #1967, .F. ) ;
#1409 = VECTOR ( 'NONE', #2593, 1000.000000000000000 ) ;
#1410 = VERTEX_POINT ( 'NONE', #150 ) ;
#1411 = PRESENTATION_STYLE_ASSIGNMENT (( #464 ) ) ;
#1412 = CARTESIAN_POINT ( 'NONE',  ( -4.182670137274078215, -1.790000000000002478, 0.5000000000000000000 ) ) ;
#1413 = LINE ( 'NONE', #88, #3851 ) ;
#1414 = LINE ( 'NONE', #3187, #5525 ) ;
#1415 = ORIENTED_EDGE ( 'NONE', *, *, #4494, .F. ) ;
#1416 = ORIENTED_EDGE ( 'NONE', *, *, #802, .F. ) ;
#1417 = STYLED_ITEM ( 'NONE', ( #4211 ), #4618 ) ;
#1418 = UNCERTAINTY_MEASURE_WITH_UNIT (LENGTH_MEASURE( 1.000000000000000082E-05 ), #615, 'distance_accuracy_value', 'NONE');
#1419 = VECTOR ( 'NONE', #1557, 1000.000000000000000 ) ;
#1420 = PLANE ( 'NONE',  #950 ) ;
#1421 = ORIENTED_EDGE ( 'NONE', *, *, #4047, .F. ) ;
#1422 = MECHANICAL_DESIGN_GEOMETRIC_PRESENTATION_REPRESENTATION (  '', ( #1696 ), #298 ) ;
#1423 = LINE ( 'NONE', #3544, #326 ) ;
#1424 = ORIENTED_EDGE ( 'NONE', *, *, #3037, .T. ) ;
#1425 = EDGE_LOOP ( 'NONE', ( #4007, #2185, #4154, #5663 ) ) ;
#1426 = CARTESIAN_POINT ( 'NONE',  ( 0.1999999999999952094, 4.499823100075543536, 0.5000000000000000000 ) ) ;
#1427 = DIRECTION ( 'NONE',  ( 0.000000000000000000, -0.000000000000000000, 1.000000000000000000 ) ) ;
#1428 = CARTESIAN_POINT ( 'NONE',  ( 4.600000000000000533, 5.790000000000000036, 0.5000000000000000000 ) ) ;
#1429 = MECHANICAL_DESIGN_GEOMETRIC_PRESENTATION_REPRESENTATION (  '', ( #4129 ), #4878 ) ;
#1430 = FILL_AREA_STYLE ('',( #2737 ) ) ;
#1431 = COLOUR_RGB ( '',0.7921568627450980005, 0.8196078431372548767, 0.9333333333333333481 ) ;
#1432 = ORIENTED_EDGE ( 'NONE', *, *, #623, .F. ) ;
#1433 = LINE ( 'NONE', #4993, #253 ) ;
#1434 = SURFACE_STYLE_USAGE ( .BOTH. , #527 ) ;
#1435 = FILL_AREA_STYLE ('',( #2773 ) ) ;
#1436 = ADVANCED_FACE ( 'NONE', ( #5088 ), #4209, .T. ) ;
#1437 = EDGE_CURVE ( 'NONE', #5492, #3853, #2461, .T. ) ;
#1438 = CARTESIAN_POINT ( 'NONE',  ( 4.823259234548942231, -1.790000000000002478, 0.000000000000000000 ) ) ;
#1439 = CARTESIAN_POINT ( 'NONE',  ( -4.182670137274078215, -1.790000000000002478, 0.5000000000000000000 ) ) ;
#1440 = ORIENTED_EDGE ( 'NONE', *, *, #5495, .T. ) ;
#1441 = CARTESIAN_POINT ( 'NONE',  ( 0.1999999999999952094, 4.499823100075543536, 0.000000000000000000 ) ) ;
#1442 =( NAMED_UNIT ( * ) PLANE_ANGLE_UNIT ( ) SI_UNIT ( $, .RADIAN. ) );
#1443 = MECHANICAL_DESIGN_GEOMETRIC_PRESENTATION_REPRESENTATION (  '', ( #1799 ), #4051 ) ;
#1444 = SURFACE_SIDE_STYLE ('',( #1875 ) ) ;
#1445 = EDGE_CURVE ( 'NONE', #5356, #964, #3783, .T. ) ;
#1446 = SURFACE_STYLE_FILL_AREA ( #4561 ) ;
#1447 = STYLED_ITEM ( 'NONE', ( #2948 ), #498 ) ;
#1448 = ORIENTED_EDGE ( 'NONE', *, *, #4139, .T. ) ;
#1449 = DIRECTION ( 'NONE',  ( 0.000000000000000000, 1.000000000000000000, 0.000000000000000000 ) ) ;
#1450 = VECTOR ( 'NONE', #4504, 1000.000000000000000 ) ;
#1451 = ORIENTED_EDGE ( 'NONE', *, *, #3537, .F. ) ;
#1452 = ORIENTED_EDGE ( 'NONE', *, *, #4869, .F. ) ;
#1453 = ORIENTED_EDGE ( 'NONE', *, *, #69, .F. ) ;
#1454 = VERTEX_POINT ( 'NONE', #2065 ) ;
#1455 = LINE ( 'NONE', #2266, #5294 ) ;
#1456 = FILL_AREA_STYLE_COLOUR ( '', #1556 ) ;
#1457 = DIRECTION ( 'NONE',  ( 0.000000000000000000, 1.000000000000000000, 0.000000000000000000 ) ) ;
#1458 = STYLED_ITEM ( 'NONE', ( #2691 ), #1362 ) ;
#1459 = LINE ( 'NONE', #3233, #3944 ) ;
#1460 = ORIENTED_EDGE ( 'NONE', *, *, #4220, .F. ) ;
#1461 = CARTESIAN_POINT ( 'NONE',  ( -1.000000000000006883, 5.190000000000000391, 2.399999999999999911 ) ) ;
#1462 = FACE_OUTER_BOUND ( 'NONE', #2220, .T. ) ;
#1463 =( GEOMETRIC_REPRESENTATION_CONTEXT ( 3 ) GLOBAL_UNCERTAINTY_ASSIGNED_CONTEXT ( ( #2798 ) ) GLOBAL_UNIT_ASSIGNED_CONTEXT ( ( #5030, #1469, #500 ) ) REPRESENTATION_CONTEXT ( 'NONE', 'WORKASPACE' ) );
#1464 = DIRECTION ( 'NONE',  ( 8.356086107788086850E-17, -1.000000000000000000, 0.000000000000000000 ) ) ;
#1465 = DIRECTION ( 'NONE',  ( -5.042109369105837323E-16, 1.000000000000000000, -0.000000000000000000 ) ) ;
#1466 = DIRECTION ( 'NONE',  ( 0.000000000000000000, -1.000000000000000000, 0.000000000000000000 ) ) ;
#1467 = EDGE_CURVE ( 'NONE', #3052, #1589, #2729, .T. ) ;
#1468 = VERTEX_POINT ( 'NONE', #781 ) ;
#1469 =( NAMED_UNIT ( * ) PLANE_ANGLE_UNIT ( ) SI_UNIT ( $, .RADIAN. ) );
#1470 = PRESENTATION_STYLE_ASSIGNMENT (( #3215 ) ) ;
#1471 = VECTOR ( 'NONE', #3623, 1000.000000000000000 ) ;
#1472 = VECTOR ( 'NONE', #5571, 1000.000000000000000 ) ;
#1473 = FILL_AREA_STYLE_COLOUR ( '', #4009 ) ;
#1474 = UNCERTAINTY_MEASURE_WITH_UNIT (LENGTH_MEASURE( 1.000000000000000082E-05 ), #3221, 'distance_accuracy_value', 'NONE');
#1475 = CYLINDRICAL_SURFACE ( 'NONE', #4022, 0.1000000000000001166 ) ;
#1476 = DIRECTION ( 'NONE',  ( 1.000000000000000000, 0.000000000000000000, 0.000000000000000000 ) ) ;
#1477 = VECTOR ( 'NONE', #5244, 1000.000000000000000 ) ;
#1478 = EDGE_CURVE ( 'NONE', #4817, #3606, #1216, .T. ) ;
#1479 = ORIENTED_EDGE ( 'NONE', *, *, #4013, .T. ) ;
#1480 = ADVANCED_FACE ( 'NONE', ( #1189 ), #3844, .F. ) ;
#1481 = DIRECTION ( 'NONE',  ( -0.000000000000000000, 0.000000000000000000, -1.000000000000000000 ) ) ;
#1482 = CARTESIAN_POINT ( 'NONE',  ( -3.800000000000013589, 4.499823100075543536, 0.5000000000000000000 ) ) ;
#1483 = VECTOR ( 'NONE', #2890, 1000.000000000000000 ) ;
#1484 = VERTEX_POINT ( 'NONE', #4003 ) ;
#1485 = MECHANICAL_DESIGN_GEOMETRIC_PRESENTATION_REPRESENTATION (  '', ( #1121 ), #926 ) ;
#1486 = VECTOR ( 'NONE', #2955, 1000.000000000000000 ) ;
#1487 = ORIENTED_EDGE ( 'NONE', *, *, #1445, .T. ) ;
#1488 = FACE_OUTER_BOUND ( 'NONE', #2322, .T. ) ;
#1489 = EDGE_LOOP ( 'NONE', ( #4872, #2554, #4245, #4025 ) ) ;
#1490 = CARTESIAN_POINT ( 'NONE',  ( -4.560097823754071911, 4.850097823754071946, 2.299999999999999822 ) ) ;
#1491 = CARTESIAN_POINT ( 'NONE',  ( 3.522026497535696077, 4.187026497535694780, 2.389999999999999680 ) ) ;
#1492 = VECTOR ( 'NONE', #5592, 1000.000000000000000 ) ;
#1493 = DIRECTION ( 'NONE',  ( 0.000000000000000000, 0.000000000000000000, -1.000000000000000000 ) ) ;
#1494 = ORIENTED_EDGE ( 'NONE', *, *, #5288, .F. ) ;
#1495 = DIRECTION ( 'NONE',  ( 0.000000000000000000, 0.000000000000000000, -1.000000000000000000 ) ) ;
#1496 = DIRECTION ( 'NONE',  ( -1.000000000000000000, -1.680703123035279354E-16, 0.000000000000000000 ) ) ;
#1497 =( LENGTH_UNIT ( ) NAMED_UNIT ( * ) SI_UNIT ( .MILLI., .METRE. ) );
#1498 = DIRECTION ( 'NONE',  ( 1.000000000000000000, -0.000000000000000000, -0.000000000000000000 ) ) ;
#1499 = ORIENTED_EDGE ( 'NONE', *, *, #3283, .T. ) ;
#1500 = CARTESIAN_POINT ( 'NONE',  ( -4.823259234548942231, -1.790000000000002478, 0.000000000000000000 ) ) ;
#1501 = CARTESIAN_POINT ( 'NONE',  ( 1.399999999999997247, 5.790000000000000036, 0.5000000000000000000 ) ) ;
#1502 =( LENGTH_UNIT ( ) NAMED_UNIT ( * ) SI_UNIT ( .MILLI., .METRE. ) );
#1503 = DIRECTION ( 'NONE',  ( -0.000000000000000000, 0.000000000000000000, -1.000000000000000000 ) ) ;
#1504 = ORIENTED_EDGE ( 'NONE', *, *, #4799, .F. ) ;
#1505 = STYLED_ITEM ( 'NONE', ( #4529 ), #4530 ) ;
#1506 = EDGE_LOOP ( 'NONE', ( #54, #1034, #3098, #4228 ) ) ;
#1507 = PLANE ( 'NONE',  #2020 ) ;
#1508 = DIRECTION ( 'NONE',  ( 0.000000000000000000, -0.000000000000000000, -1.000000000000000000 ) ) ;
#1509 = EDGE_CURVE ( 'NONE', #3985, #1981, #3551, .T. ) ;
#1510 = ADVANCED_FACE ( 'NONE', ( #5330 ), #5600, .T. ) ;
#1511 = ORIENTED_EDGE ( 'NONE', *, *, #1509, .F. ) ;
#1512 = VECTOR ( 'NONE', #4425, 1000.000000000000000 ) ;
#1513 = ORIENTED_EDGE ( 'NONE', *, *, #2646, .F. ) ;
#1514 = CARTESIAN_POINT ( 'NONE',  ( -0.2000000000000074496, 5.790000000000000036, 0.5000000000000000000 ) ) ;
#1515 = DIRECTION ( 'NONE',  ( -0.000000000000000000, 1.000000000000000000, -0.000000000000000000 ) ) ;
#1516 = DIRECTION ( 'NONE',  ( 1.000000000000000000, 0.000000000000000000, 0.000000000000000000 ) ) ;
#1517 = CARTESIAN_POINT ( 'NONE',  ( 4.900000000000000355, -5.117756129431178636, 0.5999999999999484634 ) ) ;
#1518 =( GEOMETRIC_REPRESENTATION_CONTEXT ( 3 ) GLOBAL_UNCERTAINTY_ASSIGNED_CONTEXT ( ( #4689 ) ) GLOBAL_UNIT_ASSIGNED_CONTEXT ( ( #1622, #1534, #2004 ) ) REPRESENTATION_CONTEXT ( 'NONE', 'WORKASPACE' ) );
#1519 = EDGE_CURVE ( 'NONE', #3892, #2251, #2553, .T. ) ;
#1520 = FILL_AREA_STYLE_COLOUR ( '', #5056 ) ;
#1521 = ORIENTED_EDGE ( 'NONE', *, *, #5039, .F. ) ;
#1522 = CARTESIAN_POINT ( 'NONE',  ( 3.800000000000000711, 5.190000000000000391, 0.5000000000000000000 ) ) ;
#1523 = MECHANICAL_DESIGN_GEOMETRIC_PRESENTATION_REPRESENTATION (  '', ( #4874 ), #5426 ) ;
#1524 = SURFACE_SIDE_STYLE ('',( #1584 ) ) ;
#1525 = FILL_AREA_STYLE ('',( #3383 ) ) ;
#1526 = COLOUR_RGB ( '',0.8431372549019607865, 0.8431372549019607865, 0.8431372549019607865 ) ;
#1527 =( NAMED_UNIT ( * ) SI_UNIT ( $, .STERADIAN. ) SOLID_ANGLE_UNIT ( ) );
#1528 =( NAMED_UNIT ( * ) SI_UNIT ( $, .STERADIAN. ) SOLID_ANGLE_UNIT ( ) );
#1529 = ORIENTED_EDGE ( 'NONE', *, *, #3398, .F. ) ;
#1530 = PRESENTATION_STYLE_ASSIGNMENT (( #5518 ) ) ;
#1531 = CARTESIAN_POINT ( 'NONE',  ( 0.1999999999999948763, 5.790000000000000036, 0.000000000000000000 ) ) ;
#1532 = ORIENTED_EDGE ( 'NONE', *, *, #9, .F. ) ;
#1533 = DIRECTION ( 'NONE',  ( 0.000000000000000000, -0.000000000000000000, 1.000000000000000000 ) ) ;
#1534 =( NAMED_UNIT ( * ) PLANE_ANGLE_UNIT ( ) SI_UNIT ( $, .RADIAN. ) );
#1535 = VERTEX_POINT ( 'NONE', #1339 ) ;
#1536 = SURFACE_SIDE_STYLE ('',( #726 ) ) ;
#1537 = AXIS2_PLACEMENT_3D ( 'NONE', #229, #652, #5081 ) ;
#1538 = VERTEX_POINT ( 'NONE', #4771 ) ;
#1539 = VERTEX_POINT ( 'NONE', #2653 ) ;
#1540 = ADVANCED_FACE ( 'NONE', ( #325 ), #721, .T. ) ;
#1541 = DIRECTION ( 'NONE',  ( -1.000000000000000000, -8.356086107788046175E-17, 0.000000000000000000 ) ) ;
#1542 = EDGE_CURVE ( 'NONE', #1808, #3652, #3144, .T. ) ;
#1543 = FILL_AREA_STYLE ('',( #1117 ) ) ;
#1544 = CIRCLE ( 'NONE', #5170, 0.3750000000000003331 ) ;
#1545 = LINE ( 'NONE', #5131, #923 ) ;
#1546 = DIRECTION ( 'NONE',  ( 1.000000000000000000, 0.000000000000000000, 0.000000000000000000 ) ) ;
#1547 = CARTESIAN_POINT ( 'NONE',  ( -4.461582618623269880, -4.751582618623272580, 3.000972107782180043 ) ) ;
#1548 = CARTESIAN_POINT ( 'NONE',  ( 3.937576565366517567, 0.9099999999999973666, 0.5000000000000000000 ) ) ;
#1549 = AXIS2_PLACEMENT_3D ( 'NONE', #4187, #4666, #4158 ) ;
#1550 = VERTEX_POINT ( 'NONE', #4084 ) ;
#1551 = EDGE_CURVE ( 'NONE', #2324, #1694, #2704, .T. ) ;
#1552 = SURFACE_SIDE_STYLE ('',( #3771 ) ) ;
#1553 = EDGE_CURVE ( 'NONE', #4215, #4634, #4956, .T. ) ;
#1554 = CARTESIAN_POINT ( 'NONE',  ( 4.182670137274078215, -1.790000000000002478, 0.5000000000000000000 ) ) ;
#1555 = LINE ( 'NONE', #5566, #2774 ) ;
#1556 = COLOUR_RGB ( '',0.8431372549019607865, 0.8431372549019607865, 0.8431372549019607865 ) ;
#1557 = DIRECTION ( 'NONE',  ( 0.000000000000000000, 0.000000000000000000, -1.000000000000000000 ) ) ;
#1558 = MECHANICAL_DESIGN_GEOMETRIC_PRESENTATION_REPRESENTATION (  '', ( #3504 ), #5189 ) ;
#1559 = ORIENTED_EDGE ( 'NONE', *, *, #4572, .T. ) ;
#1560 = CARTESIAN_POINT ( 'NONE',  ( 2.600000000000000533, 4.499823100075543536, 0.5000000000000000000 ) ) ;
#1561 = CARTESIAN_POINT ( 'NONE',  ( 3.897026497535696077, 4.187026497535694780, 2.399999999999999911 ) ) ;
#1562 = SURFACE_STYLE_USAGE ( .BOTH. , #5523 ) ;
#1563 = ORIENTED_EDGE ( 'NONE', *, *, #1010, .F. ) ;
#1564 = CARTESIAN_POINT ( 'NONE',  ( -3.400000000000011902, 4.499823100075543536, 0.5000000000000000000 ) ) ;
#1565 = VECTOR ( 'NONE', #627, 1000.000000000000000 ) ;
#1566 = FILL_AREA_STYLE_COLOUR ( '', #2570 ) ;
#1567 = DIRECTION ( 'NONE',  ( -1.000000000000000000, 0.000000000000000000, -0.000000000000000000 ) ) ;
#1568 = STYLED_ITEM ( 'NONE', ( #2569 ), #3426 ) ;
#1569 = AXIS2_PLACEMENT_3D ( 'NONE', #1426, #3667, #4421 ) ;
#1570 = VERTEX_POINT ( 'NONE', #3699 ) ;
#1571 = LINE ( 'NONE', #4163, #747 ) ;
#1572 = PRESENTATION_LAYER_ASSIGNMENT (  '', '', ( #4746 ) ) ;
#1573 = PLANE ( 'NONE',  #613 ) ;
#1574 = CARTESIAN_POINT ( 'NONE',  ( 0.000000000000000000, 4.937026497535695668, 2.399999999999999911 ) ) ;
#1575 = DIRECTION ( 'NONE',  ( 0.000000000000000000, 0.000000000000000000, -1.000000000000000000 ) ) ;
#1576 = UNCERTAINTY_MEASURE_WITH_UNIT (LENGTH_MEASURE( 1.000000000000000082E-05 ), #1858, 'distance_accuracy_value', 'NONE');
#1577 = LINE ( 'NONE', #736, #1228 ) ;
#1578 = EDGE_CURVE ( 'NONE', #73, #3388, #133, .T. ) ;
#1579 = AXIS2_PLACEMENT_3D ( 'NONE', #1911, #3282, #574 ) ;
#1580 = SURFACE_STYLE_USAGE ( .BOTH. , #3454 ) ;
#1581 = VECTOR ( 'NONE', #86, 1000.000000000000000 ) ;
#1582 = ORIENTED_EDGE ( 'NONE', *, *, #1684, .T. ) ;
#1583 = SURFACE_SIDE_STYLE ('',( #4612 ) ) ;
#1584 = SURFACE_STYLE_FILL_AREA ( #4705 ) ;
#1585 = DIRECTION ( 'NONE',  ( 0.000000000000000000, -0.000000000000000000, 1.000000000000000000 ) ) ;
#1586 = EDGE_CURVE ( 'NONE', #2722, #5303, #22, .T. ) ;
#1587 = ADVANCED_FACE ( 'NONE', ( #80 ), #3646, .T. ) ;
#1588 = CARTESIAN_POINT ( 'NONE',  ( -2.600000000000012079, 5.790000000000000036, 0.5000000000000000000 ) ) ;
#1589 = VERTEX_POINT ( 'NONE', #105 ) ;
#1590 = DIRECTION ( 'NONE',  ( 0.9902680687415710281, 0.000000000000000000, 0.1391731009600615798 ) ) ;
#1591 = DIRECTION ( 'NONE',  ( 0.000000000000000000, 0.000000000000000000, 1.000000000000000000 ) ) ;
#1592 = UNCERTAINTY_MEASURE_WITH_UNIT (LENGTH_MEASURE( 1.000000000000000082E-05 ), #3444, 'distance_accuracy_value', 'NONE');
#1593 = EDGE_LOOP ( 'NONE', ( #4704, #565, #4221, #1321 ) ) ;
#1594 = CARTESIAN_POINT ( 'NONE',  ( -2.600000000000012079, 5.790000000000000036, 0.5000000000000000000 ) ) ;
#1595 = ORIENTED_EDGE ( 'NONE', *, *, #1866, .F. ) ;
#1596 = STYLED_ITEM ( 'NONE', ( #1254 ), #4359 ) ;
#1597 = CARTESIAN_POINT ( 'NONE',  ( 2.600000000000000533, 5.190000000000000391, 0.5000000000000000000 ) ) ;
#1598 = ORIENTED_EDGE ( 'NONE', *, *, #3436, .F. ) ;
#1599 = DIRECTION ( 'NONE',  ( -0.000000000000000000, -0.000000000000000000, -1.000000000000000000 ) ) ;
#1600 = MECHANICAL_DESIGN_GEOMETRIC_PRESENTATION_REPRESENTATION (  '', ( #3370 ), #1049 ) ;
#1601 = LINE ( 'NONE', #3378, #4145 ) ;
#1602 = LINE ( 'NONE', #3289, #644 ) ;
#1603 =( NAMED_UNIT ( * ) PLANE_ANGLE_UNIT ( ) SI_UNIT ( $, .RADIAN. ) );
#1604 = DIRECTION ( 'NONE',  ( -0.1378445374916254518, -0.1378445374916254795, -0.9808148484639900300 ) ) ;
#1605 = AXIS2_PLACEMENT_3D ( 'NONE', #4616, #2859, #4709 ) ;
#1606 = ORIENTED_EDGE ( 'NONE', *, *, #4139, .F. ) ;
#1607 = CARTESIAN_POINT ( 'NONE',  ( -1.400000000000009681, 5.790000000000000036, 0.5000000000000000000 ) ) ;
#1608 = SURFACE_SIDE_STYLE ('',( #2915 ) ) ;
#1609 = PRESENTATION_STYLE_ASSIGNMENT (( #5591 ) ) ;
#1610 = AXIS2_PLACEMENT_3D ( 'NONE', #135, #4197, #3911 ) ;
#1611 = DIRECTION ( 'NONE',  ( -1.000000000000000000, 0.000000000000000000, 0.000000000000000000 ) ) ;
#1612 = SURFACE_SIDE_STYLE ('',( #495 ) ) ;
#1613 = CARTESIAN_POINT ( 'NONE',  ( -4.823259234548942231, -5.840000000000002522, 0.5000000000000000000 ) ) ;
#1614 = MECHANICAL_DESIGN_GEOMETRIC_PRESENTATION_REPRESENTATION (  '', ( #4785 ), #2548 ) ;
#1615 = VERTEX_POINT ( 'NONE', #1491 ) ;
#1616 = FILL_AREA_STYLE ('',( #5597 ) ) ;
#1617 = CARTESIAN_POINT ( 'NONE',  ( -4.182670137274078215, -5.090000000000002522, 0.5000000000000000000 ) ) ;
#1618 = EDGE_CURVE ( 'NONE', #1107, #4098, #1830, .T. ) ;
#1619 = EDGE_CURVE ( 'NONE', #3599, #3111, #586, .T. ) ;
#1620 = DIRECTION ( 'NONE',  ( -0.1378445374916257016, -0.1378445374916254795, 0.9808148484639899189 ) ) ;
#1621 = EDGE_LOOP ( 'NONE', ( #2264, #83, #5309, #4755, #548, #137 ) ) ;
#1622 =( LENGTH_UNIT ( ) NAMED_UNIT ( * ) SI_UNIT ( .MILLI., .METRE. ) );
#1623 = VERTEX_POINT ( 'NONE', #3581 ) ;
#1624 = DIRECTION ( 'NONE',  ( -0.000000000000000000, -0.000000000000000000, -1.000000000000000000 ) ) ;
#1625 = EDGE_CURVE ( 'NONE', #3190, #485, #5047, .T. ) ;
#1626 = CARTESIAN_POINT ( 'NONE',  ( 0.5999999999999998668, -5.840000000000001634, 0.000000000000000000 ) ) ;
#1627 = VECTOR ( 'NONE', #4621, 1000.000000000000000 ) ;
#1628 = CARTESIAN_POINT ( 'NONE',  ( 0.9999999999999947820, 0.000000000000000000, 0.000000000000000000 ) ) ;
#1629 = ORIENTED_EDGE ( 'NONE', *, *, #4998, .F. ) ;
#1630 = CARTESIAN_POINT ( 'NONE',  ( 4.560097823754071911, 4.850097823754071946, 2.299999999999999822 ) ) ;
#1631 = LINE ( 'NONE', #4288, #1297 ) ;
#1632 = DIRECTION ( 'NONE',  ( 0.000000000000000000, -1.000000000000000000, 0.000000000000000000 ) ) ;
#1633 = DIRECTION ( 'NONE',  ( 0.000000000000000000, 1.000000000000000000, -0.000000000000000000 ) ) ;
#1634 =( LENGTH_UNIT ( ) NAMED_UNIT ( * ) SI_UNIT ( .MILLI., .METRE. ) );
#1635 = VECTOR ( 'NONE', #4423, 1000.000000000000000 ) ;
#1636 = VECTOR ( 'NONE', #5158, 1000.000000000000000 ) ;
#1637 = ORIENTED_EDGE ( 'NONE', *, *, #2971, .F. ) ;
#1638 = LINE ( 'NONE', #402, #1014 ) ;
#1639 = FILL_AREA_STYLE_COLOUR ( '', #5536 ) ;
#1640 = SURFACE_STYLE_FILL_AREA ( #4002 ) ;
#1641 = DIRECTION ( 'NONE',  ( 1.000000000000000000, -0.000000000000000000, -0.000000000000000000 ) ) ;
#1642 = CARTESIAN_POINT ( 'NONE',  ( 1.399999999999997247, 5.190000000000000391, 0.000000000000000000 ) ) ;
#1643 = CARTESIAN_POINT ( 'NONE',  ( 3.400000000000001243, 5.790000000000000036, 0.000000000000000000 ) ) ;
#1644 = ORIENTED_EDGE ( 'NONE', *, *, #507, .F. ) ;
#1645 = DIRECTION ( 'NONE',  ( 1.000000000000000000, 0.000000000000000000, 0.000000000000000000 ) ) ;
#1646 = FILL_AREA_STYLE_COLOUR ( '', #3204 ) ;
#1647 =( GEOMETRIC_REPRESENTATION_CONTEXT ( 3 ) GLOBAL_UNCERTAINTY_ASSIGNED_CONTEXT ( ( #1576 ) ) GLOBAL_UNIT_ASSIGNED_CONTEXT ( ( #1858, #5418, #2267 ) ) REPRESENTATION_CONTEXT ( 'NONE', 'WORKASPACE' ) );
#1648 = PLANE ( 'NONE',  #4371 ) ;
#1649 =( NAMED_UNIT ( * ) PLANE_ANGLE_UNIT ( ) SI_UNIT ( $, .RADIAN. ) );
#1650 = ORIENTED_EDGE ( 'NONE', *, *, #5320, .F. ) ;
#1651 =( NAMED_UNIT ( * ) PLANE_ANGLE_UNIT ( ) SI_UNIT ( $, .RADIAN. ) );
#1652 = VECTOR ( 'NONE', #5717, 1000.000000000000000 ) ;
#1653 = ORIENTED_EDGE ( 'NONE', *, *, #3804, .F. ) ;
#1654 = DIRECTION ( 'NONE',  ( -1.000000000000000000, 0.000000000000000000, 0.000000000000000000 ) ) ;
#1655 = DIRECTION ( 'NONE',  ( 0.000000000000000000, 1.000000000000000000, 0.000000000000000000 ) ) ;
#1656 = AXIS2_PLACEMENT_3D ( 'NONE', #1809, #4972, #3592 ) ;
#1657 = FILL_AREA_STYLE ('',( #847 ) ) ;
#1658 = EDGE_CURVE ( 'NONE', #4050, #3335, #2796, .T. ) ;
#1659 = EDGE_CURVE ( 'NONE', #4509, #729, #2826, .T. ) ;
#1660 = VECTOR ( 'NONE', #3813, 1000.000000000000000 ) ;
#1661 = CARTESIAN_POINT ( 'NONE',  ( -4.182670137274078215, -5.090000000000002522, 0.5000000000000000000 ) ) ;
#1662 = LINE ( 'NONE', #5316, #646 ) ;
#1663 = DIRECTION ( 'NONE',  ( 0.000000000000000000, 1.000000000000000000, -0.000000000000000000 ) ) ;
#1664 = AXIS2_PLACEMENT_3D ( 'NONE', #3669, #2674, #521 ) ;
#1665 =( LENGTH_UNIT ( ) NAMED_UNIT ( * ) SI_UNIT ( .MILLI., .METRE. ) );
#1666 =( GEOMETRIC_REPRESENTATION_CONTEXT ( 3 ) GLOBAL_UNCERTAINTY_ASSIGNED_CONTEXT ( ( #1404 ) ) GLOBAL_UNIT_ASSIGNED_CONTEXT ( ( #914, #4033, #2682 ) ) REPRESENTATION_CONTEXT ( 'NONE', 'WORKASPACE' ) );
#1667 = COLOUR_RGB ( '',0.8431372549019607865, 0.8431372549019607865, 0.8431372549019607865 ) ;
#1668 = STYLED_ITEM ( 'NONE', ( #257 ), #2254 ) ;
#1669 = ORIENTED_EDGE ( 'NONE', *, *, #256, .F. ) ;
#1670 = CARTESIAN_POINT ( 'NONE',  ( 0.1999999999999952094, 4.499823100075543536, 0.000000000000000000 ) ) ;
#1671 = VECTOR ( 'NONE', #2282, 1000.000000000000000 ) ;
#1672 = CARTESIAN_POINT ( 'NONE',  ( -1.400000000000009903, 4.499823100075543536, 0.5000000000000000000 ) ) ;
#1673 = ORIENTED_EDGE ( 'NONE', *, *, #4295, .F. ) ;
#1674 = CARTESIAN_POINT ( 'NONE',  ( 4.823259234548942231, -5.090000000000002522, 0.5000000000000000000 ) ) ;
#1675 = VECTOR ( 'NONE', #1288, 1000.000000000000000 ) ;
#1676 = CARTESIAN_POINT ( 'NONE',  ( 4.560097823754071023, -4.949124630628229049, 2.313917310096006208 ) ) ;
#1677 = ORIENTED_EDGE ( 'NONE', *, *, #4890, .T. ) ;
#1678 = DIRECTION ( 'NONE',  ( 0.000000000000000000, -0.000000000000000000, 1.000000000000000000 ) ) ;
#1679 = ORIENTED_EDGE ( 'NONE', *, *, #5734, .T. ) ;
#1680 = DIRECTION ( 'NONE',  ( -0.1378445374916224819, 0.1378445374916248689, 0.9808148484639905851 ) ) ;
#1681 = DIRECTION ( 'NONE',  ( -0.000000000000000000, 1.000000000000000000, -0.000000000000000000 ) ) ;
#1682 =( GEOMETRIC_REPRESENTATION_CONTEXT ( 3 ) GLOBAL_UNCERTAINTY_ASSIGNED_CONTEXT ( ( #4560 ) ) GLOBAL_UNIT_ASSIGNED_CONTEXT ( ( #1665, #5188, #4347 ) ) REPRESENTATION_CONTEXT ( 'NONE', 'WORKASPACE' ) );
#1683 = CARTESIAN_POINT ( 'NONE',  ( 1.399999999999997469, 4.499823100075543536, 0.000000000000000000 ) ) ;
#1684 = EDGE_CURVE ( 'NONE', #3381, #4935, #220, .T. ) ;
#1685 = EDGE_CURVE ( 'NONE', #4897, #3179, #2907, .T. ) ;
#1686 = FACE_OUTER_BOUND ( 'NONE', #2534, .T. ) ;
#1687 = VECTOR ( 'NONE', #5091, 1000.000000000000000 ) ;
#1688 = ORIENTED_EDGE ( 'NONE', *, *, #1301, .T. ) ;
#1689 = CARTESIAN_POINT ( 'NONE',  ( -4.823259234548942231, 0.8099999999999973888, 0.5000000000000000000 ) ) ;
#1690 = DIRECTION ( 'NONE',  ( 1.000000000000000000, 0.000000000000000000, 0.000000000000000000 ) ) ;
#1691 = ADVANCED_FACE ( 'NONE', ( #193 ), #3349, .F. ) ;
#1692 = MECHANICAL_DESIGN_GEOMETRIC_PRESENTATION_REPRESENTATION (  '', ( #3374 ), #869 ) ;
#1693 = DIRECTION ( 'NONE',  ( 0.000000000000000000, 0.000000000000000000, 1.000000000000000000 ) ) ;
#1694 = VERTEX_POINT ( 'NONE', #2017 ) ;
#1695 =( NAMED_UNIT ( * ) SI_UNIT ( $, .STERADIAN. ) SOLID_ANGLE_UNIT ( ) );
#1696 = STYLED_ITEM ( 'NONE', ( #1987 ), #5070 ) ;
#1697 = CARTESIAN_POINT ( 'NONE',  ( 3.800000000000000711, 5.790000000000000036, 0.5000000000000000000 ) ) ;
#1698 = SURFACE_SIDE_STYLE ('',( #3448 ) ) ;
#1699 = PRODUCT_DEFINITION_CONTEXT ( 'detailed design', #1824, 'design' ) ;
#1700 = ORIENTED_EDGE ( 'NONE', *, *, #2623, .F. ) ;
#1701 = CARTESIAN_POINT ( 'NONE',  ( 3.522026497535696077, 4.187026497535694780, 2.389999999999999680 ) ) ;
#1702 = EDGE_LOOP ( 'NONE', ( #856, #1415, #653, #932 ) ) ;
#1703 = LINE ( 'NONE', #3562, #528 ) ;
#1704 = VECTOR ( 'NONE', #2637, 1000.000000000000000 ) ;
#1705 = CARTESIAN_POINT ( 'NONE',  ( 2.600000000000000533, 4.499823100075543536, 0.5000000000000000000 ) ) ;
#1706 = SURFACE_STYLE_USAGE ( .BOTH. , #336 ) ;
#1707 = DIRECTION ( 'NONE',  ( 0.000000000000000000, -0.000000000000000000, 1.000000000000000000 ) ) ;
#1708 = CARTESIAN_POINT ( 'NONE',  ( -2.600000000000012079, 4.499823100075543536, 0.5000000000000000000 ) ) ;
#1709 = DIRECTION ( 'NONE',  ( 1.000000000000000000, 0.000000000000000000, 0.000000000000000000 ) ) ;
#1710 = PLANE ( 'NONE',  #4851 ) ;
#1711 = ORIENTED_EDGE ( 'NONE', *, *, #3758, .T. ) ;
#1712 = EDGE_CURVE ( 'NONE', #1910, #1307, #4673, .T. ) ;
#1713 = ORIENTED_EDGE ( 'NONE', *, *, #1090, .T. ) ;
#1714 = CARTESIAN_POINT ( 'NONE',  ( -1.000000000000007105, 5.190000000000000391, 0.000000000000000000 ) ) ;
#1715 = LINE ( 'NONE', #3464, #1635 ) ;
#1716 = STYLED_ITEM ( 'NONE', ( #1753 ), #323 ) ;
#1717 = DIRECTION ( 'NONE',  ( 1.000000000000000000, 0.000000000000000000, -0.000000000000000000 ) ) ;
#1718 = DIRECTION ( 'NONE',  ( 0.000000000000000000, 1.000000000000000000, -0.000000000000000000 ) ) ;
#1719 = VECTOR ( 'NONE', #5219, 1000.000000000000000 ) ;
#1720 = EDGE_CURVE ( 'NONE', #4198, #401, #251, .T. ) ;
#1721 = EDGE_CURVE ( 'NONE', #3853, #2444, #2048, .T. ) ;
#1722 = ORIENTED_EDGE ( 'NONE', *, *, #582, .F. ) ;
#1723 = FILL_AREA_STYLE_COLOUR ( '', #4439 ) ;
#1724 = DIRECTION ( 'NONE',  ( 1.000000000000000000, -0.000000000000000000, -0.000000000000000000 ) ) ;
#1725 = AXIS2_PLACEMENT_3D ( 'NONE', #4049, #3225, #5409 ) ;
#1726 = DIRECTION ( 'NONE',  ( 1.000000000000000000, 1.671217221557617370E-16, -0.000000000000000000 ) ) ;
#1727 =( NAMED_UNIT ( * ) SI_UNIT ( $, .STERADIAN. ) SOLID_ANGLE_UNIT ( ) );
#1728 =( BOUNDED_CURVE ( )  B_SPLINE_CURVE ( 3, ( #3045, #5228, #439, #3503 ),
 .UNSPECIFIED., .F., .T. ) 
 B_SPLINE_CURVE_WITH_KNOTS ( ( 4, 4 ),
 ( 2.346509308523877291, 3.122222290252850030 ),
 .UNSPECIFIED. ) 
 CURVE ( )  GEOMETRIC_REPRESENTATION_ITEM ( )  RATIONAL_B_SPLINE_CURVE ( ( 1.000000000000000000, 0.9504812478446618140, 0.9504812478446618140, 1.000000000000000000 ) ) 
 REPRESENTATION_ITEM ( '' )  );
#1729 = AXIS2_PLACEMENT_3D ( 'NONE', #4719, #818, #727 ) ;
#1730 = VERTEX_POINT ( 'NONE', #5102 ) ;
#1731 = FILL_AREA_STYLE ('',( #4802 ) ) ;
#1732 = CARTESIAN_POINT ( 'NONE',  ( -4.600000000000013856, 3.790000000000000036, 0.000000000000000000 ) ) ;
#1733 = VECTOR ( 'NONE', #4514, 1000.000000000000000 ) ;
#1734 = AXIS2_PLACEMENT_3D ( 'NONE', #31, #5368, #567 ) ;
#1735 = LINE ( 'NONE', #1683, #4340 ) ;
#1736 = LINE ( 'NONE', #3513, #3486 ) ;
#1737 = CARTESIAN_POINT ( 'NONE',  ( -4.149999999999999467, -5.840000000000002522, 0.5000000000000000000 ) ) ;
#1738 = DIRECTION ( 'NONE',  ( 1.000000000000000000, 0.000000000000000000, 0.000000000000000000 ) ) ;
#1739 = VERTEX_POINT ( 'NONE', #5557 ) ;
#1740 = ORIENTED_EDGE ( 'NONE', *, *, #3138, .T. ) ;
#1741 = CARTESIAN_POINT ( 'NONE',  ( 4.827756129431176824, -5.190000000000000391, 0.5999999999999570122 ) ) ;
#1742 = VECTOR ( 'NONE', #5287, 1000.000000000000000 ) ;
#1743 = VECTOR ( 'NONE', #3237, 1000.000000000000000 ) ;
#1744 = PLANE ( 'NONE',  #3421 ) ;
#1745 = DIRECTION ( 'NONE',  ( 0.000000000000000000, 0.000000000000000000, -1.000000000000000000 ) ) ;
#1746 = ADVANCED_FACE ( 'NONE', ( #3828 ), #678, .T. ) ;
#1747 = STYLED_ITEM ( 'NONE', ( #4873 ), #3463 ) ;
#1748 = DIRECTION ( 'NONE',  ( 0.000000000000000000, 0.000000000000000000, -1.000000000000000000 ) ) ;
#1749 = AXIS2_PLACEMENT_3D ( 'NONE', #1607, #1062, #1093 ) ;
#1750 = CARTESIAN_POINT ( 'NONE',  ( 0.000000000000000000, 0.000000000000000000, 0.000000000000000000 ) ) ;
#1751 = VERTEX_POINT ( 'NONE', #4726 ) ;
#1752 = DIRECTION ( 'NONE',  ( 0.000000000000000000, 0.000000000000000000, -1.000000000000000000 ) ) ;
#1753 = PRESENTATION_STYLE_ASSIGNMENT (( #865 ) ) ;
#1754 =( NAMED_UNIT ( * ) SI_UNIT ( $, .STERADIAN. ) SOLID_ANGLE_UNIT ( ) );
#1755 = VECTOR ( 'NONE', #1951, 1000.000000000000000 ) ;
#1756 = EDGE_CURVE ( 'NONE', #2114, #175, #3410, .T. ) ;
#1757 = EDGE_CURVE ( 'NONE', #3606, #2437, #2392, .T. ) ;
#1758 =( NAMED_UNIT ( * ) PLANE_ANGLE_UNIT ( ) SI_UNIT ( $, .RADIAN. ) );
#1759 = LINE ( 'NONE', #4383, #1704 ) ;
#1760 = COLOUR_RGB ( '',0.8431372549019607865, 0.8431372549019607865, 0.8431372549019607865 ) ;
#1761 = VECTOR ( 'NONE', #2170, 1000.000000000000000 ) ;
#1762 = ORIENTED_EDGE ( 'NONE', *, *, #340, .T. ) ;
#1763 = LINE ( 'NONE', #5342, #2225 ) ;
#1764 = CARTESIAN_POINT ( 'NONE',  ( 0.000000000000000000, 4.850097823754071946, 2.299999999999999822 ) ) ;
#1765 = CARTESIAN_POINT ( 'NONE',  ( -4.899999999999999467, 5.190000000000000391, 0.3944444506222559710 ) ) ;
#1766 =( NAMED_UNIT ( * ) SI_UNIT ( $, .STERADIAN. ) SOLID_ANGLE_UNIT ( ) );
#1767 = CARTESIAN_POINT ( 'NONE',  ( -1.000000000000006661, 4.499823100075543536, 0.000000000000000000 ) ) ;
#1768 = FILL_AREA_STYLE_COLOUR ( '', #131 ) ;
#1769 = ORIENTED_EDGE ( 'NONE', *, *, #1234, .T. ) ;
#1770 = ORIENTED_EDGE ( 'NONE', *, *, #1970, .T. ) ;
#1771 = CARTESIAN_POINT ( 'NONE',  ( -3.937576565366517567, 0.8099999999999973888, 0.000000000000000000 ) ) ;
#1772 = VECTOR ( 'NONE', #4318, 1000.000000000000000 ) ;
#1773 = CARTESIAN_POINT ( 'NONE',  ( 4.600000000000000533, 0.000000000000000000, 0.000000000000000000 ) ) ;
#1774 = FILL_AREA_STYLE_COLOUR ( '', #3239 ) ;
#1775 = FILL_AREA_STYLE ('',( #3523 ) ) ;
#1776 = CARTESIAN_POINT ( 'NONE',  ( 0.000000000000000000, 0.000000000000000000, 0.000000000000000000 ) ) ;
#1777 = VERTEX_POINT ( 'NONE', #442 ) ;
#1778 = CARTESIAN_POINT ( 'NONE',  ( 4.800973193125841476, -5.190000000000000391, 0.5999999999999569011 ) ) ;
#1779 = CARTESIAN_POINT ( 'NONE',  ( 3.400000000000001243, 3.790000000000000036, 0.5000000000000000000 ) ) ;
#1780 = LINE ( 'NONE', #5741, #2072 ) ;
#1781 = FILL_AREA_STYLE ('',( #2611 ) ) ;
#1782 = EDGE_CURVE ( 'NONE', #2612, #1107, #1245, .T. ) ;
#1783 = VERTEX_POINT ( 'NONE', #3023 ) ;
#1784 = ORIENTED_EDGE ( 'NONE', *, *, #4493, .F. ) ;
#1785 = ADVANCED_FACE ( 'NONE', ( #3986 ), #2613, .F. ) ;
#1786 = LINE ( 'NONE', #4757, #3821 ) ;
#1787 = FACE_OUTER_BOUND ( 'NONE', #2076, .T. ) ;
#1788 = CARTESIAN_POINT ( 'NONE',  ( -3.800000000000013589, 5.790000000000000036, 0.5000000000000000000 ) ) ;
#1789 = MECHANICAL_DESIGN_GEOMETRIC_PRESENTATION_REPRESENTATION (  '', ( #2816 ), #477 ) ;
#1790 = VECTOR ( 'NONE', #3024, 1000.000000000000000 ) ;
#1791 = EDGE_CURVE ( 'NONE', #3636, #2722, #2202, .T. ) ;
#1792 = DIRECTION ( 'NONE',  ( 0.000000000000000000, 0.000000000000000000, -1.000000000000000000 ) ) ;
#1793 = ORIENTED_EDGE ( 'NONE', *, *, #4649, .F. ) ;
#1794 = EDGE_CURVE ( 'NONE', #5125, #1077, #1703, .T. ) ;
#1795 = ORIENTED_EDGE ( 'NONE', *, *, #2680, .F. ) ;
#1796 = CARTESIAN_POINT ( 'NONE',  ( -4.899999999999999467, 5.190000000000000391, 0.000000000000000000 ) ) ;
#1797 = DIRECTION ( 'NONE',  ( -1.000000000000000000, -2.521054684552918662E-16, 0.000000000000000000 ) ) ;
#1798 = COLOUR_RGB ( '',0.2941176470588235392, 0.2941176470588235392, 0.2941176470588235392 ) ;
#1799 = STYLED_ITEM ( 'NONE', ( #2832 ), #360 ) ;
#1800 = ORIENTED_EDGE ( 'NONE', *, *, #850, .F. ) ;
#1801 = SURFACE_SIDE_STYLE ('',( #973 ) ) ;
#1802 = SURFACE_SIDE_STYLE ('',( #140 ) ) ;
#1803 = AXIS2_PLACEMENT_3D ( 'NONE', #4541, #1336, #4447 ) ;
#1804 = VECTOR ( 'NONE', #2724, 1000.000000000000000 ) ;
#1805 = CARTESIAN_POINT ( 'NONE',  ( 4.600000000000000533, 3.790000000000000036, 0.5000000000000000000 ) ) ;
#1806 = PLANE ( 'NONE',  #3100 ) ;
#1807 = ORIENTED_EDGE ( 'NONE', *, *, #812, .T. ) ;
#1808 = VERTEX_POINT ( 'NONE', #3904 ) ;
#1809 = CARTESIAN_POINT ( 'NONE',  ( 3.400000000000001243, 3.790000000000000036, 0.5000000000000000000 ) ) ;
#1810 = MECHANICAL_DESIGN_GEOMETRIC_PRESENTATION_REPRESENTATION (  '', ( #2942 ), #5082 ) ;
#1811 = SURFACE_STYLE_FILL_AREA ( #4941 ) ;
#1812 = UNCERTAINTY_MEASURE_WITH_UNIT (LENGTH_MEASURE( 1.000000000000000082E-05 ), #2884, 'distance_accuracy_value', 'NONE');
#1813 = EDGE_CURVE ( 'NONE', #3083, #4384, #5553, .T. ) ;
#1814 = SURFACE_STYLE_USAGE ( .BOTH. , #505 ) ;
#1815 = VECTOR ( 'NONE', #2500, 1000.000000000000000 ) ;
#1816 = ORIENTED_EDGE ( 'NONE', *, *, #2790, .F. ) ;
#1817 = DIRECTION ( 'NONE',  ( 0.000000000000000000, 0.000000000000000000, -1.000000000000000000 ) ) ;
#1818 =( NAMED_UNIT ( * ) SI_UNIT ( $, .STERADIAN. ) SOLID_ANGLE_UNIT ( ) );
#1819 =( NAMED_UNIT ( * ) PLANE_ANGLE_UNIT ( ) SI_UNIT ( $, .RADIAN. ) );
#1820 = ADVANCED_FACE ( 'NONE', ( #1273 ), #4827, .T. ) ;
#1821 = ADVANCED_FACE ( 'NONE', ( #2558 ), #2120, .T. ) ;
#1822 = ORIENTED_EDGE ( 'NONE', *, *, #433, .F. ) ;
#1823 = MECHANICAL_DESIGN_GEOMETRIC_PRESENTATION_REPRESENTATION (  '', ( #5464 ), #3046 ) ;
#1824 = APPLICATION_CONTEXT ( 'automotive_design' ) ;
#1825 = ORIENTED_EDGE ( 'NONE', *, *, #4975, .F. ) ;
#1826 = DIRECTION ( 'NONE',  ( -1.000000000000000000, 0.000000000000000000, 0.000000000000000000 ) ) ;
#1827 = LINE ( 'NONE', #3610, #2935 ) ;
#1828 = ORIENTED_EDGE ( 'NONE', *, *, #3640, .F. ) ;
#1829 = CARTESIAN_POINT ( 'NONE',  ( 3.400000000000001243, 5.790000000000000036, 0.5000000000000000000 ) ) ;
#1830 = LINE ( 'NONE', #995, #4429 ) ;
#1831 = FACE_OUTER_BOUND ( 'NONE', #2012, .T. ) ;
#1832 = ADVANCED_FACE ( 'NONE', ( #1872 ), #2342, .F. ) ;
#1833 = VECTOR ( 'NONE', #3069, 1000.000000000000000 ) ;
#1834 = ORIENTED_EDGE ( 'NONE', *, *, #2970, .T. ) ;
#1835 = CARTESIAN_POINT ( 'NONE',  ( 0.1999999999999948763, 5.790000000000000036, 0.5000000000000000000 ) ) ;
#1836 = LINE ( 'NONE', #4092, #1471 ) ;
#1837 = CARTESIAN_POINT ( 'NONE',  ( 4.823259234548942231, -1.790000000000002478, 0.000000000000000000 ) ) ;
#1838 = CARTESIAN_POINT ( 'NONE',  ( -4.823259234548942231, 0.8099999999999973888, 0.000000000000000000 ) ) ;
#1839 = VERTEX_POINT ( 'NONE', #2252 ) ;
#1840 =( NAMED_UNIT ( * ) PLANE_ANGLE_UNIT ( ) SI_UNIT ( $, .RADIAN. ) );
#1841 = AXIS2_PLACEMENT_3D ( 'NONE', #5184, #1225, #2997 ) ;
#1842 = LINE ( 'NONE', #2749, #1671 ) ;
#1843 = SURFACE_STYLE_USAGE ( .BOTH. , #64 ) ;
#1844 =( NAMED_UNIT ( * ) PLANE_ANGLE_UNIT ( ) SI_UNIT ( $, .RADIAN. ) );
#1845 = PRESENTATION_LAYER_ASSIGNMENT (  '', '', ( #362 ) ) ;
#1846 = CARTESIAN_POINT ( 'NONE',  ( 0.9999999999999947820, 5.190000000000000391, 0.5000000000000000000 ) ) ;
#1847 = VECTOR ( 'NONE', #4994, 1000.000000000000000 ) ;
#1848 = CARTESIAN_POINT ( 'NONE',  ( -4.899999999999999467, 5.190000000000000391, 0.000000000000000000 ) ) ;
#1849 = ORIENTED_EDGE ( 'NONE', *, *, #4571, .F. ) ;
#1850 =( GEOMETRIC_REPRESENTATION_CONTEXT ( 3 ) GLOBAL_UNCERTAINTY_ASSIGNED_CONTEXT ( ( #2693 ) ) GLOBAL_UNIT_ASSIGNED_CONTEXT ( ( #774, #2811, #4588 ) ) REPRESENTATION_CONTEXT ( 'NONE', 'WORKASPACE' ) );
#1851 =( LENGTH_UNIT ( ) NAMED_UNIT ( * ) SI_UNIT ( .MILLI., .METRE. ) );
#1852 = ORIENTED_EDGE ( 'NONE', *, *, #2371, .T. ) ;
#1853 = ORIENTED_EDGE ( 'NONE', *, *, #1166, .T. ) ;
#1854 = ADVANCED_FACE ( 'NONE', ( #117 ), #599, .T. ) ;
#1855 = EDGE_CURVE ( 'NONE', #2027, #190, #147, .T. ) ;
#1856 = CARTESIAN_POINT ( 'NONE',  ( 4.600000000000000533, 5.790000000000000036, 0.5000000000000000000 ) ) ;
#1857 = VERTEX_POINT ( 'NONE', #2280 ) ;
#1858 =( LENGTH_UNIT ( ) NAMED_UNIT ( * ) SI_UNIT ( .MILLI., .METRE. ) );
#1859 = MECHANICAL_DESIGN_GEOMETRIC_PRESENTATION_REPRESENTATION (  '', ( #2526 ), #2797 ) ;
#1860 = UNCERTAINTY_MEASURE_WITH_UNIT (LENGTH_MEASURE( 1.000000000000000082E-05 ), #2319, 'distance_accuracy_value', 'NONE');
#1861 = CARTESIAN_POINT ( 'NONE',  ( -4.182670137274078215, -1.790000000000002478, 0.5000000000000000000 ) ) ;
#1862 = FACE_OUTER_BOUND ( 'NONE', #4157, .T. ) ;
#1863 = COLOUR_RGB ( '',0.2941176470588235392, 0.2941176470588235392, 0.2941176470588235392 ) ;
#1864 = ORIENTED_EDGE ( 'NONE', *, *, #2646, .T. ) ;
#1865 = LINE ( 'NONE', #3653, #3810 ) ;
#1866 = EDGE_CURVE ( 'NONE', #885, #297, #4910, .T. ) ;
#1867 = FACE_OUTER_BOUND ( 'NONE', #5136, .T. ) ;
#1868 = LINE ( 'NONE', #4679, #4838 ) ;
#1869 = LINE ( 'NONE', #563, #3182 ) ;
#1870 = ORIENTED_EDGE ( 'NONE', *, *, #1685, .T. ) ;
#1871 = ORIENTED_EDGE ( 'NONE', *, *, #2151, .F. ) ;
#1872 = FACE_OUTER_BOUND ( 'NONE', #2959, .T. ) ;
#1873 = COLOUR_RGB ( '',0.8431372549019607865, 0.8431372549019607865, 0.8431372549019607865 ) ;
#1874 = FILL_AREA_STYLE_COLOUR ( '', #998 ) ;
#1875 = SURFACE_STYLE_FILL_AREA ( #3835 ) ;
#1876 = UNCERTAINTY_MEASURE_WITH_UNIT (LENGTH_MEASURE( 1.000000000000000082E-05 ), #1233, 'distance_accuracy_value', 'NONE');
#1877 = VECTOR ( 'NONE', #5485, 1000.000000000000000 ) ;
#1878 =( LENGTH_UNIT ( ) NAMED_UNIT ( * ) SI_UNIT ( .MILLI., .METRE. ) );
#1879 = LINE ( 'NONE', #1848, #2910 ) ;
#1880 = ORIENTED_EDGE ( 'NONE', *, *, #4683, .F. ) ;
#1881 = AXIS2_PLACEMENT_3D ( 'NONE', #2767, #3582, #2706 ) ;
#1882 = PRESENTATION_STYLE_ASSIGNMENT (( #4533 ) ) ;
#1883 = PLANE ( 'NONE',  #4093 ) ;
#1884 = ORIENTED_EDGE ( 'NONE', *, *, #623, .T. ) ;
#1885 = VECTOR ( 'NONE', #3306, 1000.000000000000000 ) ;
#1886 = VERTEX_POINT ( 'NONE', #949 ) ;
#1887 = ORIENTED_EDGE ( 'NONE', *, *, #5388, .T. ) ;
#1888 =( NAMED_UNIT ( * ) PLANE_ANGLE_UNIT ( ) SI_UNIT ( $, .RADIAN. ) );
#1889 = VECTOR ( 'NONE', #4096, 1000.000000000000000 ) ;
#1890 = DIRECTION ( 'NONE',  ( -8.356086107788089316E-17, 1.000000000000000000, -0.000000000000000000 ) ) ;
#1891 = SURFACE_SIDE_STYLE ('',( #134 ) ) ;
#1892 = EDGE_CURVE ( 'NONE', #339, #1902, #4066, .T. ) ;
#1893 = CYLINDRICAL_SURFACE ( 'NONE', #4959, 0.3750000000000003331 ) ;
#1894 = VERTEX_POINT ( 'NONE', #2747 ) ;
#1895 = VECTOR ( 'NONE', #1792, 1000.000000000000000 ) ;
#1896 = CARTESIAN_POINT ( 'NONE',  ( 4.600000000000000533, 5.190000000000000391, 0.000000000000000000 ) ) ;
#1897 = EDGE_CURVE ( 'NONE', #3400, #2424, #2310, .T. ) ;
#1898 = EDGE_CURVE ( 'NONE', #4448, #520, #1102, .T. ) ;
#1899 = CARTESIAN_POINT ( 'NONE',  ( -4.600000000000013856, 3.790000000000000036, 0.5000000000000000000 ) ) ;
#1900 = VECTOR ( 'NONE', #593, 1000.000000000000000 ) ;
#1901 = FACE_BOUND ( 'NONE', #4115, .T. ) ;
#1902 = VERTEX_POINT ( 'NONE', #2062 ) ;
#1903 = ORIENTED_EDGE ( 'NONE', *, *, #939, .T. ) ;
#1904 = PRESENTATION_STYLE_ASSIGNMENT (( #4524 ) ) ;
#1905 = CARTESIAN_POINT ( 'NONE',  ( 0.1999999999999948763, 5.790000000000000036, 0.5000000000000000000 ) ) ;
#1906 = STYLED_ITEM ( 'NONE', ( #5110 ), #425 ) ;
#1907 = SURFACE_STYLE_USAGE ( .BOTH. , #4499 ) ;
#1908 = DIRECTION ( 'NONE',  ( -1.000000000000000000, 0.000000000000000000, 0.000000000000000000 ) ) ;
#1909 = AXIS2_PLACEMENT_3D ( 'NONE', #1514, #5073, #1084 ) ;
#1910 = VERTEX_POINT ( 'NONE', #1964 ) ;
#1911 = CARTESIAN_POINT ( 'NONE',  ( 3.937576565366517567, 0.8099999999999973888, 0.5000000000000000000 ) ) ;
#1912 = STYLED_ITEM ( 'NONE', ( #872 ), #1326 ) ;
#1913 = ORIENTED_EDGE ( 'NONE', *, *, #1892, .F. ) ;
#1914 = COLOUR_RGB ( '',0.8431372549019607865, 0.8431372549019607865, 0.8431372549019607865 ) ;
#1915 = ORIENTED_EDGE ( 'NONE', *, *, #787, .F. ) ;
#1916 = DIRECTION ( 'NONE',  ( 0.000000000000000000, 0.000000000000000000, 1.000000000000000000 ) ) ;
#1917 = CARTESIAN_POINT ( 'NONE',  ( -0.5999999999999998668, -5.540000000000001812, 0.5000000000000000000 ) ) ;
#1918 = ORIENTED_EDGE ( 'NONE', *, *, #79, .T. ) ;
#1919 = FILL_AREA_STYLE ('',( #1953 ) ) ;
#1920 = CARTESIAN_POINT ( 'NONE',  ( -4.823259234548942231, -5.090000000000002522, 0.000000000000000000 ) ) ;
#1921 = MECHANICAL_DESIGN_GEOMETRIC_PRESENTATION_REPRESENTATION (  '', ( #4628 ), #5179 ) ;
#1922 = CARTESIAN_POINT ( 'NONE',  ( -3.400000000000011902, 5.790000000000000036, 0.5000000000000000000 ) ) ;
#1923 = ORIENTED_EDGE ( 'NONE', *, *, #3979, .T. ) ;
#1924 = DIRECTION ( 'NONE',  ( -0.000000000000000000, -0.000000000000000000, -1.000000000000000000 ) ) ;
#1925 = ORIENTED_EDGE ( 'NONE', *, *, #5315, .T. ) ;
#1926 = MECHANICAL_DESIGN_GEOMETRIC_PRESENTATION_REPRESENTATION (  '', ( #2761 ), #2851 ) ;
#1927 = LINE ( 'NONE', #3677, #3990 ) ;
#1928 = ADVANCED_FACE ( 'NONE', ( #3743 ), #3842, .T. ) ;
#1929 = DIRECTION ( 'NONE',  ( 0.000000000000000000, 1.000000000000000000, 0.000000000000000000 ) ) ;
#1930 = FILL_AREA_STYLE ('',( #946 ) ) ;
#1931 = VERTEX_POINT ( 'NONE', #4685 ) ;
#1932 = CARTESIAN_POINT ( 'NONE',  ( 4.600000000000000533, 3.790000000000000036, 0.000000000000000000 ) ) ;
#1933 =( NAMED_UNIT ( * ) PLANE_ANGLE_UNIT ( ) SI_UNIT ( $, .RADIAN. ) );
#1934 = FACE_OUTER_BOUND ( 'NONE', #3785, .T. ) ;
#1935 = EDGE_CURVE ( 'NONE', #4472, #1539, #3299, .T. ) ;
#1936 = ADVANCED_FACE ( 'NONE', ( #4174 ), #3780, .F. ) ;
#1937 = VECTOR ( 'NONE', #4898, 1000.000000000000000 ) ;
#1938 = FILL_AREA_STYLE ('',( #602 ) ) ;
#1939 = VECTOR ( 'NONE', #891, 1000.000000000000000 ) ;
#1940 = UNCERTAINTY_MEASURE_WITH_UNIT (LENGTH_MEASURE( 1.000000000000000082E-05 ), #1103, 'distance_accuracy_value', 'NONE');
#1941 = CARTESIAN_POINT ( 'NONE',  ( 2.199999999999997069, 5.790000000000000036, 0.5000000000000000000 ) ) ;
#1942 = CARTESIAN_POINT ( 'NONE',  ( -1.000000000000006661, 4.499823100075543536, 0.5000000000000000000 ) ) ;
#1943 = PRESENTATION_LAYER_ASSIGNMENT (  '', '', ( #3611 ) ) ;
#1944 = ORIENTED_EDGE ( 'NONE', *, *, #3688, .T. ) ;
#1945 =( NAMED_UNIT ( * ) PLANE_ANGLE_UNIT ( ) SI_UNIT ( $, .RADIAN. ) );
#1946 = DIRECTION ( 'NONE',  ( 0.000000000000000000, -0.000000000000000000, 1.000000000000000000 ) ) ;
#1947 = ORIENTED_EDGE ( 'NONE', *, *, #1478, .T. ) ;
#1948 = ORIENTED_EDGE ( 'NONE', *, *, #4607, .F. ) ;
#1949 = COLOUR_RGB ( '',0.8431372549019607865, 0.8431372549019607865, 0.8431372549019607865 ) ;
#1950 = VERTEX_POINT ( 'NONE', #1500 ) ;
#1951 = DIRECTION ( 'NONE',  ( -1.000000000000000000, 0.000000000000000000, 0.000000000000000000 ) ) ;
#1952 = DIRECTION ( 'NONE',  ( 0.000000000000000000, 0.000000000000000000, 1.000000000000000000 ) ) ;
#1953 = FILL_AREA_STYLE_COLOUR ( '', #3427 ) ;
#1954 = DIRECTION ( 'NONE',  ( -0.000000000000000000, -0.000000000000000000, -1.000000000000000000 ) ) ;
#1955 = CARTESIAN_POINT ( 'NONE',  ( 0.5999999999999998668, -5.540000000000001812, 0.5000000000000000000 ) ) ;
#1956 = CARTESIAN_POINT ( 'NONE',  ( 4.600000000000000533, 3.790000000000000036, 0.5000000000000000000 ) ) ;
#1957 = ORIENTED_EDGE ( 'NONE', *, *, #2791, .F. ) ;
#1958 = CARTESIAN_POINT ( 'NONE',  ( 4.659124630628229013, 4.850097823754071946, 2.313917310096006208 ) ) ;
#1959 = LINE ( 'NONE', #1554, #5718 ) ;
#1960 = LINE ( 'NONE', #654, #3333 ) ;
#1961 = SURFACE_STYLE_FILL_AREA ( #5054 ) ;
#1962 = LINE ( 'NONE', #1995, #1246 ) ;
#1963 = ORIENTED_EDGE ( 'NONE', *, *, #2616, .F. ) ;
#1964 = CARTESIAN_POINT ( 'NONE',  ( 3.937576565366517567, 0.8099999999999973888, 0.000000000000000000 ) ) ;
#1965 = CARTESIAN_POINT ( 'NONE',  ( -4.899999999999999467, 5.190000000000000391, 0.000000000000000000 ) ) ;
#1966 = AXIS2_PLACEMENT_3D ( 'NONE', #3460, #343, #3516 ) ;
#1967 = PLANE ( 'NONE',  #53 ) ;
#1968 = EDGE_LOOP ( 'NONE', ( #2341, #5596, #2295, #2250 ) ) ;
#1969 = LINE ( 'NONE', #2528, #3648 ) ;
#1970 = EDGE_CURVE ( 'NONE', #5340, #2648, #235, .T. ) ;
#1971 = EDGE_CURVE ( 'NONE', #463, #4303, #4271, .T. ) ;
#1972 = MECHANICAL_DESIGN_GEOMETRIC_PRESENTATION_REPRESENTATION (  '', ( #4680 ), #289 ) ;
#1973 = EDGE_LOOP ( 'NONE', ( #4108, #513, #1784, #471 ) ) ;
#1974 = CARTESIAN_POINT ( 'NONE',  ( 3.522026497535696077, 4.187026497535694780, 2.389999999999999680 ) ) ;
#1975 = FACE_OUTER_BOUND ( 'NONE', #2878, .T. ) ;
#1976 = CARTESIAN_POINT ( 'NONE',  ( -4.823259234548942231, -5.190000000000000391, 0.5000000000000000000 ) ) ;
#1977 = MANIFOLD_SOLID_BREP ( 'Boss-Extrude2[1]', #2090 ) ;
#1978 = ORIENTED_EDGE ( 'NONE', *, *, #334, .T. ) ;
#1979 = EDGE_CURVE ( 'NONE', #2101, #3110, #659, .T. ) ;
#1980 = EDGE_CURVE ( 'NONE', #1839, #1981, #864, .T. ) ;
#1981 = VERTEX_POINT ( 'NONE', #1293 ) ;
#1982 = SURFACE_STYLE_USAGE ( .BOTH. , #674 ) ;
#1983 = DIRECTION ( 'NONE',  ( -1.000000000000000000, -0.000000000000000000, -0.000000000000000000 ) ) ;
#1984 = DIRECTION ( 'NONE',  ( 1.000000000000000000, 0.000000000000000000, 0.000000000000000000 ) ) ;
#1985 = UNCERTAINTY_MEASURE_WITH_UNIT (LENGTH_MEASURE( 1.000000000000000082E-05 ), #3399, 'distance_accuracy_value', 'NONE');
#1986 = CIRCLE ( 'NONE', #481, 0.3750000000000003331 ) ;
#1987 = PRESENTATION_STYLE_ASSIGNMENT (( #1580 ) ) ;
#1988 = ORIENTED_EDGE ( 'NONE', *, *, #2371, .F. ) ;
#1989 = FILL_AREA_STYLE_COLOUR ( '', #2965 ) ;
#1990 =( GEOMETRIC_REPRESENTATION_CONTEXT ( 3 ) GLOBAL_UNCERTAINTY_ASSIGNED_CONTEXT ( ( #1190 ) ) GLOBAL_UNIT_ASSIGNED_CONTEXT ( ( #2688, #5687, #5742 ) ) REPRESENTATION_CONTEXT ( 'NONE', 'WORKASPACE' ) );
#1991 =( NAMED_UNIT ( * ) SI_UNIT ( $, .STERADIAN. ) SOLID_ANGLE_UNIT ( ) );
#1992 = LINE ( 'NONE', #1125, #2671 ) ;
#1993 = MECHANICAL_DESIGN_GEOMETRIC_PRESENTATION_REPRESENTATION (  '', ( #4974 ), #2728 ) ;
#1994 = CARTESIAN_POINT ( 'NONE',  ( 4.800973193125842364, 5.190000000000000391, 0.5999999999999569011 ) ) ;
#1995 = CARTESIAN_POINT ( 'NONE',  ( 0.1999999999999953204, 5.190000000000000391, 2.399999999999999911 ) ) ;
#1996 = PRESENTATION_LAYER_ASSIGNMENT (  '', '', ( #2100 ) ) ;
#1997 = ORIENTED_EDGE ( 'NONE', *, *, #3494, .T. ) ;
#1998 = DIRECTION ( 'NONE',  ( 1.000000000000000000, 0.000000000000000000, 0.000000000000000000 ) ) ;
#1999 = LINE ( 'NONE', #3332, #550 ) ;
#2000 = DIRECTION ( 'NONE',  ( 1.000000000000000000, -0.000000000000000000, 0.000000000000000000 ) ) ;
#2001 = UNCERTAINTY_MEASURE_WITH_UNIT (LENGTH_MEASURE( 1.000000000000000082E-05 ), #1502, 'distance_accuracy_value', 'NONE');
#2002 = VECTOR ( 'NONE', #1071, 1000.000000000000000 ) ;
#2003 = FACE_OUTER_BOUND ( 'NONE', #3485, .T. ) ;
#2004 =( NAMED_UNIT ( * ) SI_UNIT ( $, .STERADIAN. ) SOLID_ANGLE_UNIT ( ) );
#2005 = ORIENTED_EDGE ( 'NONE', *, *, #4721, .F. ) ;
#2006 = SURFACE_STYLE_USAGE ( .BOTH. , #1536 ) ;
#2007 = AXIS2_PLACEMENT_3D ( 'NONE', #1035, #4485, #493 ) ;
#2008 = CARTESIAN_POINT ( 'NONE',  ( 3.400000000000001243, 5.790000000000000036, 0.5000000000000000000 ) ) ;
#2009 = FILL_AREA_STYLE ('',( #4130 ) ) ;
#2010 = ADVANCED_FACE ( 'NONE', ( #5285 ), #2632, .F. ) ;
#2011 = VECTOR ( 'NONE', #259, 1000.000000000000000 ) ;
#2012 = EDGE_LOOP ( 'NONE', ( #4789, #2340, #3310, #1669, #2005 ) ) ;
#2013 = LINE ( 'NONE', #2389, #449 ) ;
#2014 = SURFACE_SIDE_STYLE ('',( #4725 ) ) ;
#2015 = EDGE_CURVE ( 'NONE', #532, #311, #3472, .T. ) ;
#2016 = ADVANCED_FACE ( 'NONE', ( #5310 ), #3868, .F. ) ;
#2017 = CARTESIAN_POINT ( 'NONE',  ( -4.600000000000013856, 3.790000000000000036, 0.5000000000000000000 ) ) ;
#2018 = SURFACE_STYLE_FILL_AREA ( #4259 ) ;
#2019 = LINE ( 'NONE', #4702, #4583 ) ;
#2020 = AXIS2_PLACEMENT_3D ( 'NONE', #3281, #5067, #187 ) ;
#2021 = ORIENTED_EDGE ( 'NONE', *, *, #4117, .F. ) ;
#2022 = LINE ( 'NONE', #2453, #4272 ) ;
#2023 = VECTOR ( 'NONE', #4450, 1000.000000000000000 ) ;
#2024 = FACE_OUTER_BOUND ( 'NONE', #4506, .T. ) ;
#2025 = DIRECTION ( 'NONE',  ( 1.000000000000000000, 0.000000000000000000, 0.000000000000000000 ) ) ;
#2026 = VECTOR ( 'NONE', #734, 1000.000000000000000 ) ;
#2027 = VERTEX_POINT ( 'NONE', #1265 ) ;
#2029 = FILL_AREA_STYLE ('',( #1646 ) ) ;
#2028 = PRODUCT ( 'NVBLS1D1N08H', 'NVBLS1D1N08H', '', ( #832 ) ) ;
#2030 = LINE ( 'NONE', #4770, #5753 ) ;
#2031 = CARTESIAN_POINT ( 'NONE',  ( 1.399999999999997469, 4.499823100075543536, 0.5000000000000000000 ) ) ;
#2032 = VERTEX_POINT ( 'NONE', #5711 ) ;
#2033 = CARTESIAN_POINT ( 'NONE',  ( 4.823259234548942231, -5.090000000000002522, 0.5000000000000000000 ) ) ;
#2034 = FILL_AREA_STYLE_COLOUR ( '', #2083 ) ;
#2035 = ORIENTED_EDGE ( 'NONE', *, *, #1578, .F. ) ;
#2036 = FILL_AREA_STYLE ('',( #3397 ) ) ;
#2037 = STYLED_ITEM ( 'NONE', ( #5226 ), #3108 ) ;
#2038 = PRESENTATION_STYLE_ASSIGNMENT (( #4247 ) ) ;
#2039 = CARTESIAN_POINT ( 'NONE',  ( 4.899999999999999467, 5.090973193125844176, 0.5999999999999569011 ) ) ;
#2040 = COLOUR_RGB ( '',0.8431372549019607865, 0.8431372549019607865, 0.8431372549019607865 ) ;
#2041 = VECTOR ( 'NONE', #4644, 1000.000000000000000 ) ;
#2042 = ORIENTED_EDGE ( 'NONE', *, *, #1618, .F. ) ;
#2043 = DIRECTION ( 'NONE',  ( 0.000000000000000000, 0.000000000000000000, -1.000000000000000000 ) ) ;
#2044 =( GEOMETRIC_REPRESENTATION_CONTEXT ( 3 ) GLOBAL_UNCERTAINTY_ASSIGNED_CONTEXT ( ( #120 ) ) GLOBAL_UNIT_ASSIGNED_CONTEXT ( ( #3107, #453, #930 ) ) REPRESENTATION_CONTEXT ( 'NONE', 'WORKASPACE' ) );
#2045 = DIRECTION ( 'NONE',  ( 0.000000000000000000, -0.000000000000000000, -1.000000000000000000 ) ) ;
#2046 = VECTOR ( 'NONE', #763, 1000.000000000000000 ) ;
#2047 = PRESENTATION_STYLE_ASSIGNMENT (( #2478 ) ) ;
#2048 = LINE ( 'NONE', #1173, #5280 ) ;
#2049 = UNCERTAINTY_MEASURE_WITH_UNIT (LENGTH_MEASURE( 1.000000000000000082E-05 ), #3390, 'distance_accuracy_value', 'NONE');
#2050 = DIRECTION ( 'NONE',  ( 1.000000000000000000, -0.000000000000000000, -0.000000000000000000 ) ) ;
#2051 = ORIENTED_EDGE ( 'NONE', *, *, #3793, .T. ) ;
#2052 = AXIS2_PLACEMENT_3D ( 'NONE', #2313, #2666, #1355 ) ;
#2053 = VECTOR ( 'NONE', #4061, 1000.000000000000000 ) ;
#2054 = ADVANCED_FACE ( 'NONE', ( #5736 ), #1315, .F. ) ;
#2055 = EDGE_CURVE ( 'NONE', #964, #30, #3414, .T. ) ;
#2056 = ORIENTED_EDGE ( 'NONE', *, *, #78, .F. ) ;
#2057 = CYLINDRICAL_SURFACE ( 'NONE', #1537, 0.1000000000000001166 ) ;
#2058 = SURFACE_SIDE_STYLE ('',( #4232 ) ) ;
#2059 = AXIS2_PLACEMENT_3D ( 'NONE', #4733, #1611, #3355 ) ;
#2060 = DIRECTION ( 'NONE',  ( 0.000000000000000000, 0.000000000000000000, 1.000000000000000000 ) ) ;
#2061 = ORIENTED_EDGE ( 'NONE', *, *, #2151, .T. ) ;
#2062 = CARTESIAN_POINT ( 'NONE',  ( 4.149999999999999467, -5.840000000000002522, 0.000000000000000000 ) ) ;
#2063 = FACE_OUTER_BOUND ( 'NONE', #1593, .T. ) ;
#2064 = FILL_AREA_STYLE_COLOUR ( '', #252 ) ;
#2065 = CARTESIAN_POINT ( 'NONE',  ( -4.823259234548942231, 0.8099999999999973888, 0.5000000000000000000 ) ) ;
#2066 = ORIENTED_EDGE ( 'NONE', *, *, #1519, .F. ) ;
#2067 = FACE_OUTER_BOUND ( 'NONE', #5755, .T. ) ;
#2068 = DIRECTION ( 'NONE',  ( 0.000000000000000000, 0.000000000000000000, -1.000000000000000000 ) ) ;
#2069 = LINE ( 'NONE', #819, #74 ) ;
#2070 = ORIENTED_EDGE ( 'NONE', *, *, #3005, .F. ) ;
#2071 = DIRECTION ( 'NONE',  ( 1.000000000000000000, -0.000000000000000000, -0.000000000000000000 ) ) ;
#2072 = VECTOR ( 'NONE', #5659, 1000.000000000000000 ) ;
#2073 = LINE ( 'NONE', #4637, #3679 ) ;
#2074 = CARTESIAN_POINT ( 'NONE',  ( 3.800000000000000711, 5.790000000000000036, 0.5000000000000000000 ) ) ;
#2075 = COLOUR_RGB ( '',0.2941176470588235392, 0.2941176470588235392, 0.2941176470588235392 ) ;
#2076 = EDGE_LOOP ( 'NONE', ( #3371, #3900, #312, #3573 ) ) ;
#2077 = FILL_AREA_STYLE ('',( #5218 ) ) ;
#2078 = SURFACE_SIDE_STYLE ('',( #4265 ) ) ;
#2079 = MECHANICAL_DESIGN_GEOMETRIC_PRESENTATION_REPRESENTATION (  '', ( #3003 ), #390 ) ;
#2080 = LINE ( 'NONE', #4300, #5302 ) ;
#2081 = EDGE_CURVE ( 'NONE', #1931, #618, #2195, .T. ) ;
#2082 = DIRECTION ( 'NONE',  ( -0.000000000000000000, 0.000000000000000000, 1.000000000000000000 ) ) ;
#2083 = COLOUR_RGB ( '',0.8431372549019607865, 0.8431372549019607865, 0.8431372549019607865 ) ;
#2084 = ORIENTED_EDGE ( 'NONE', *, *, #4821, .T. ) ;
#2085 = DIRECTION ( 'NONE',  ( 0.000000000000000000, 0.000000000000000000, -1.000000000000000000 ) ) ;
#2086 = PRESENTATION_STYLE_ASSIGNMENT (( #4875 ) ) ;
#2087 = EDGE_CURVE ( 'NONE', #4619, #4569, #3016, .T. ) ;
#2088 = EDGE_CURVE ( 'NONE', #1615, #5042, #3235, .T. ) ;
#2089 = ORIENTED_EDGE ( 'NONE', *, *, #5390, .F. ) ;
#2090 = CLOSED_SHELL ( 'NONE', ( #622, #2831, #290, #1134, #4933, #4460 ) ) ;
#2091 = EDGE_LOOP ( 'NONE', ( #265, #2669, #2191, #1563 ) ) ;
#2092 = DIRECTION ( 'NONE',  ( 0.000000000000000000, 0.000000000000000000, -1.000000000000000000 ) ) ;
#2093 = DIRECTION ( 'NONE',  ( 0.1378445374916257016, 0.1378445374916254795, -0.9808148484639899189 ) ) ;
#2094 = ORIENTED_EDGE ( 'NONE', *, *, #1979, .F. ) ;
#2095 = LINE ( 'NONE', #730, #4747 ) ;
#2096 = LINE ( 'NONE', #852, #2281 ) ;
#2097 = FILL_AREA_STYLE ('',( #5672 ) ) ;
#2098 = CARTESIAN_POINT ( 'NONE',  ( -3.400000000000011902, 5.790000000000000036, 0.000000000000000000 ) ) ;
#2099 = AXIS2_PLACEMENT_3D ( 'NONE', #2356, #909, #1427 ) ;
#2100 = STYLED_ITEM ( 'NONE', ( #4723 ), #39 ) ;
#2101 = VERTEX_POINT ( 'NONE', #5627 ) ;
#2102 = VECTOR ( 'NONE', #5531, 1000.000000000000000 ) ;
#2103 = VERTEX_POINT ( 'NONE', #3981 ) ;
#2104 = DIRECTION ( 'NONE',  ( 0.000000000000000000, -1.000000000000000000, 0.000000000000000000 ) ) ;
#2105 = CARTESIAN_POINT ( 'NONE',  ( 4.560097823754072799, -4.850097823754071946, 2.299999999999999822 ) ) ;
#2106 = FILL_AREA_STYLE_COLOUR ( '', #2961 ) ;
#2107 =( LENGTH_UNIT ( ) NAMED_UNIT ( * ) SI_UNIT ( .MILLI., .METRE. ) );
#2108 = SURFACE_STYLE_FILL_AREA ( #5707 ) ;
#2109 = EDGE_LOOP ( 'NONE', ( #2289, #3022, #579, #863 ) ) ;
#2110 = CARTESIAN_POINT ( 'NONE',  ( 4.823259234548942231, -5.090000000000002522, 0.000000000000000000 ) ) ;
#2111 =( LENGTH_UNIT ( ) NAMED_UNIT ( * ) SI_UNIT ( .MILLI., .METRE. ) );
#2112 =( LENGTH_UNIT ( ) NAMED_UNIT ( * ) SI_UNIT ( .MILLI., .METRE. ) );
#2113 = UNCERTAINTY_MEASURE_WITH_UNIT (LENGTH_MEASURE( 1.000000000000000082E-05 ), #4901, 'distance_accuracy_value', 'NONE');
#2114 = VERTEX_POINT ( 'NONE', #807 ) ;
#2115 = CARTESIAN_POINT ( 'NONE',  ( 0.000000000000000000, 4.850097823754071946, 2.399999999999999911 ) ) ;
#2116 = PRESENTATION_LAYER_ASSIGNMENT (  '', '', ( #2761 ) ) ;
#2117 = LINE ( 'NONE', #3902, #4968 ) ;
#2118 = ADVANCED_FACE ( 'NONE', ( #4818 ), #778, .T. ) ;
#2119 = ORIENTED_EDGE ( 'NONE', *, *, #4762, .F. ) ;
#2120 = CYLINDRICAL_SURFACE ( 'NONE', #1734, 0.1000000000000001166 ) ;
#2121 = EDGE_CURVE ( 'NONE', #2527, #5109, #2708, .T. ) ;
#2122 = FILL_AREA_STYLE ('',( #3477 ) ) ;
#2123 = SURFACE_STYLE_FILL_AREA ( #5264 ) ;
#2124 = VECTOR ( 'NONE', #5224, 1000.000000000000000 ) ;
#2125 = ADVANCED_FACE ( 'NONE', ( #3621 ), #3117, .F. ) ;
#2126 = ORIENTED_EDGE ( 'NONE', *, *, #3356, .F. ) ;
#2127 =( NAMED_UNIT ( * ) PLANE_ANGLE_UNIT ( ) SI_UNIT ( $, .RADIAN. ) );
#2128 = CARTESIAN_POINT ( 'NONE',  ( -0.2000000000000074496, 5.790000000000000036, 0.5000000000000000000 ) ) ;
#2129 = VECTOR ( 'NONE', #991, 1000.000000000000000 ) ;
#2130 = MECHANICAL_DESIGN_GEOMETRIC_PRESENTATION_REPRESENTATION (  '', ( #4746 ), #2224 ) ;
#2131 = VECTOR ( 'NONE', #4886, 1000.000000000000000 ) ;
#2132 = ORIENTED_EDGE ( 'NONE', *, *, #4326, .T. ) ;
#2133 = DIRECTION ( 'NONE',  ( 1.000000000000000000, 0.000000000000000000, -0.000000000000000000 ) ) ;
#2134 = CARTESIAN_POINT ( 'NONE',  ( 0.9999999999999947820, 4.499823100075543536, 0.5000000000000000000 ) ) ;
#2135 = LINE ( 'NONE', #3409, #4740 ) ;
#2136 = MECHANICAL_DESIGN_GEOMETRIC_PRESENTATION_REPRESENTATION (  '', ( #3914 ), #2875 ) ;
#2137 = MECHANICAL_DESIGN_GEOMETRIC_PRESENTATION_REPRESENTATION (  '', ( #5386 ), #4535 ) ;
#2138 = LINE ( 'NONE', #1211, #4398 ) ;
#2139 = VERTEX_POINT ( 'NONE', #3585 ) ;
#2140 = COLOUR_RGB ( '',0.8431372549019607865, 0.8431372549019607865, 0.8431372549019607865 ) ;
#2141 =( NAMED_UNIT ( * ) SI_UNIT ( $, .STERADIAN. ) SOLID_ANGLE_UNIT ( ) );
#2142 = DIRECTION ( 'NONE',  ( 0.000000000000000000, 0.000000000000000000, -1.000000000000000000 ) ) ;
#2143 = EDGE_LOOP ( 'NONE', ( #5229, #1849, #3729, #4893 ) ) ;
#2144 = FILL_AREA_STYLE_COLOUR ( '', #5322 ) ;
#2145 = PRESENTATION_STYLE_ASSIGNMENT (( #5660 ) ) ;
#2146 = EDGE_LOOP ( 'NONE', ( #292, #610, #5301, #4122 ) ) ;
#2147 = DIRECTION ( 'NONE',  ( 1.000000000000000000, 0.000000000000000000, 0.000000000000000000 ) ) ;
#2148 = LINE ( 'NONE', #2994, #3222 ) ;
#2149 = LINE ( 'NONE', #5692, #4443 ) ;
#2150 = EDGE_CURVE ( 'NONE', #5125, #3243, #3675, .T. ) ;
#2151 = EDGE_CURVE ( 'NONE', #5383, #5277, #4483, .T. ) ;
#2152 = PRESENTATION_LAYER_ASSIGNMENT (  '', '', ( #1596 ) ) ;
#2153 = CARTESIAN_POINT ( 'NONE',  ( 0.000000000000000000, 0.000000000000000000, 0.5000000000000000000 ) ) ;
#2154 = CARTESIAN_POINT ( 'NONE',  ( 3.897026497535696077, 4.187026497535694780, 2.389999999999999680 ) ) ;
#2155 = DIRECTION ( 'NONE',  ( -0.000000000000000000, 0.000000000000000000, 1.000000000000000000 ) ) ;
#2156 = UNCERTAINTY_MEASURE_WITH_UNIT (LENGTH_MEASURE( 1.000000000000000082E-05 ), #2176, 'distance_accuracy_value', 'NONE');
#2157 = EDGE_CURVE ( 'NONE', #1077, #2032, #3208, .T. ) ;
#2158 = EDGE_CURVE ( 'NONE', #3231, #2762, #1433, .T. ) ;
#2159 = VERTEX_POINT ( 'NONE', #560 ) ;
#2160 = DIRECTION ( 'NONE',  ( 0.000000000000000000, 0.000000000000000000, 1.000000000000000000 ) ) ;
#2161 = CARTESIAN_POINT ( 'NONE',  ( 3.400000000000001243, 3.790000000000000036, 0.5000000000000000000 ) ) ;
#2162 = SURFACE_SIDE_STYLE ('',( #1311 ) ) ;
#2163 = DIRECTION ( 'NONE',  ( 0.000000000000000000, 0.000000000000000000, 1.000000000000000000 ) ) ;
#2164 = VECTOR ( 'NONE', #1929, 1000.000000000000000 ) ;
#2165 = SURFACE_SIDE_STYLE ('',( #5308 ) ) ;
#2166 = EDGE_LOOP ( 'NONE', ( #3163, #890, #4060, #2787, #240, #4280, #4206, #162, #3517, #2126, #4670, #3526, #3512, #3255, #5635, #5751, #1637, #5469, #3847, #424, #4654, #941, #203, #482, #1283, #1308, #4555, #5097 ) ) ;
#2167 = DIRECTION ( 'NONE',  ( 0.000000000000000000, -1.000000000000000000, -0.000000000000000000 ) ) ;
#2168 = COLOUR_RGB ( '',0.8431372549019607865, 0.8431372549019607865, 0.8431372549019607865 ) ;
#2169 = PLANE ( 'NONE',  #2925 ) ;
#2170 = DIRECTION ( 'NONE',  ( -1.000000000000000000, -0.000000000000000000, -0.000000000000000000 ) ) ;
#2171 = MECHANICAL_DESIGN_GEOMETRIC_PRESENTATION_REPRESENTATION (  '', ( #3096 ), #1153 ) ;
#2172 = CARTESIAN_POINT ( 'NONE',  ( 3.400000000000001243, 5.790000000000000036, 0.000000000000000000 ) ) ;
#2173 = ORIENTED_EDGE ( 'NONE', *, *, #3614, .T. ) ;
#2174 = MECHANICAL_DESIGN_GEOMETRIC_PRESENTATION_REPRESENTATION (  '', ( #685 ), #4322 ) ;
#2175 = LINE ( 'NONE', #5231, #1356 ) ;
#2176 =( LENGTH_UNIT ( ) NAMED_UNIT ( * ) SI_UNIT ( .MILLI., .METRE. ) );
#2177 = FILL_AREA_STYLE ('',( #1249 ) ) ;
#2178 = MECHANICAL_DESIGN_GEOMETRIC_PRESENTATION_REPRESENTATION (  '', ( #4706 ), #5621 ) ;
#2179 = ORIENTED_EDGE ( 'NONE', *, *, #108, .F. ) ;
#2180 = ADVANCED_FACE ( 'NONE', ( #2246 ), #526, .T. ) ;
#2181 = FACE_OUTER_BOUND ( 'NONE', #5413, .T. ) ;
#2182 = CARTESIAN_POINT ( 'NONE',  ( -4.182670137274078215, -5.090000000000002522, 0.5000000000000000000 ) ) ;
#2183 = LINE ( 'NONE', #310, #5133 ) ;
#2184 = STYLED_ITEM ( 'NONE', ( #4406 ), #290 ) ;
#2185 = ORIENTED_EDGE ( 'NONE', *, *, #5072, .F. ) ;
#2186 = VERTEX_POINT ( 'NONE', #4090 ) ;
#2187 = EDGE_CURVE ( 'NONE', #4619, #1410, #84, .T. ) ;
#2188 = DIRECTION ( 'NONE',  ( -0.000000000000000000, -0.000000000000000000, -1.000000000000000000 ) ) ;
#2189 = EDGE_CURVE ( 'NONE', #5275, #2582, #1865, .T. ) ;
#2190 = DIRECTION ( 'NONE',  ( -0.9902680687415708061, -1.654953050439515672E-16, 0.1391731009600622182 ) ) ;
#2191 = ORIENTED_EDGE ( 'NONE', *, *, #5562, .F. ) ;
#2192 = LINE ( 'NONE', #5306, #3515 ) ;
#2193 = MECHANICAL_DESIGN_GEOMETRIC_PRESENTATION_REPRESENTATION (  '', ( #1080 ), #5538 ) ;
#2194 = ORIENTED_EDGE ( 'NONE', *, *, #4494, .T. ) ;
#2195 = LINE ( 'NONE', #3896, #2214 ) ;
#2196 = CARTESIAN_POINT ( 'NONE',  ( 4.600000000000000533, 3.790000000000000036, 0.5000000000000000000 ) ) ;
#2197 = VECTOR ( 'NONE', #2725, 1000.000000000000000 ) ;
#2198 = PRESENTATION_STYLE_ASSIGNMENT (( #785 ) ) ;
#2199 =( LENGTH_UNIT ( ) NAMED_UNIT ( * ) SI_UNIT ( .MILLI., .METRE. ) );
#2200 = COLOUR_RGB ( '',0.2941176470588235392, 0.2941176470588235392, 0.2941176470588235392 ) ;
#2201 = ORIENTED_EDGE ( 'NONE', *, *, #4934, .F. ) ;
#2202 = LINE ( 'NONE', #3506, #4159 ) ;
#2203 = CARTESIAN_POINT ( 'NONE',  ( -1.000000000000007327, 5.790000000000000036, 0.5000000000000000000 ) ) ;
#2204 = CARTESIAN_POINT ( 'NONE',  ( -2.600000000000012079, 4.499823100075543536, 0.5000000000000000000 ) ) ;
#2205 = VECTOR ( 'NONE', #1745, 1000.000000000000000 ) ;
#2206 = PLANE ( 'NONE',  #3857 ) ;
#2207 = VECTOR ( 'NONE', #3732, 1000.000000000000000 ) ;
#2208 = FILL_AREA_STYLE ('',( #478 ) ) ;
#2209 = FILL_AREA_STYLE ('',( #4470 ) ) ;
#2210 = ORIENTED_EDGE ( 'NONE', *, *, #732, .F. ) ;
#2211 = ORIENTED_EDGE ( 'NONE', *, *, #5502, .F. ) ;
#2212 = COLOUR_RGB ( '',0.8431372549019607865, 0.8431372549019607865, 0.8431372549019607865 ) ;
#2213 = LINE ( 'NONE', #5276, #1719 ) ;
#2214 = VECTOR ( 'NONE', #3527, 1000.000000000000000 ) ;
#2215 = CARTESIAN_POINT ( 'NONE',  ( 3.897026497535696077, 4.187026497535694780, 2.399999999999999911 ) ) ;
#2216 = EDGE_CURVE ( 'NONE', #825, #2401, #5453, .T. ) ;
#2217 = EDGE_CURVE ( 'NONE', #208, #2186, #5021, .T. ) ;
#2218 = MECHANICAL_DESIGN_GEOMETRIC_PRESENTATION_REPRESENTATION (  '', ( #1568 ), #3905 ) ;
#2219 = PRESENTATION_LAYER_ASSIGNMENT (  '', '', ( #4741 ) ) ;
#2220 = EDGE_LOOP ( 'NONE', ( #2179, #749, #4374, #5588 ) ) ;
#2221 = CARTESIAN_POINT ( 'NONE',  ( -0.2000000000000075606, 4.499823100075543536, 0.5000000000000000000 ) ) ;
#2222 = SURFACE_STYLE_FILL_AREA ( #5225 ) ;
#2223 = CARTESIAN_POINT ( 'NONE',  ( 3.937576565366517567, 0.8099999999999973888, 0.000000000000000000 ) ) ;
#2224 =( GEOMETRIC_REPRESENTATION_CONTEXT ( 3 ) GLOBAL_UNCERTAINTY_ASSIGNED_CONTEXT ( ( #5437 ) ) GLOBAL_UNIT_ASSIGNED_CONTEXT ( ( #1306, #1819, #3545 ) ) REPRESENTATION_CONTEXT ( 'NONE', 'WORKASPACE' ) );
#2225 = VECTOR ( 'NONE', #1323, 1000.000000000000000 ) ;
#2226 = EDGE_CURVE ( 'NONE', #4794, #3400, #4578, .T. ) ;
#2227 =( NAMED_UNIT ( * ) SI_UNIT ( $, .STERADIAN. ) SOLID_ANGLE_UNIT ( ) );
#2228 = PLANE ( 'NONE',  #5066 ) ;
#2229 = VECTOR ( 'NONE', #2305, 1000.000000000000000 ) ;
#2230 = ORIENTED_EDGE ( 'NONE', *, *, #3216, .F. ) ;
#2231 = CARTESIAN_POINT ( 'NONE',  ( 0.000000000000000000, 0.000000000000000000, 0.000000000000000000 ) ) ;
#2232 = CARTESIAN_POINT ( 'NONE',  ( 0.5999999999999998668, -5.540000000000001812, 0.000000000000000000 ) ) ;
#2233 = DIRECTION ( 'NONE',  ( -0.000000000000000000, -0.000000000000000000, -1.000000000000000000 ) ) ;
#2234 = CARTESIAN_POINT ( 'NONE',  ( 3.400000000000001243, 5.790000000000000036, 0.5000000000000000000 ) ) ;
#2235 = DIRECTION ( 'NONE',  ( -0.000000000000000000, 0.000000000000000000, 1.000000000000000000 ) ) ;
#2236 = VERTEX_POINT ( 'NONE', #1778 ) ;
#2237 = ORIENTED_EDGE ( 'NONE', *, *, #5079, .T. ) ;
#2238 = CARTESIAN_POINT ( 'NONE',  ( -2.200000000000009504, 5.790000000000000036, 0.5000000000000000000 ) ) ;
#2239 = DIRECTION ( 'NONE',  ( 1.000000000000000000, -0.000000000000000000, -0.000000000000000000 ) ) ;
#2240 = ORIENTED_EDGE ( 'NONE', *, *, #1892, .T. ) ;
#2241 = CARTESIAN_POINT ( 'NONE',  ( -4.862484784730342291, -5.190000000000000391, 0.5279117640514738863 ) ) ;
#2242 = PRESENTATION_STYLE_ASSIGNMENT (( #4958 ) ) ;
#2243 = AXIS2_PLACEMENT_3D ( 'NONE', #2413, #2898, #1654 ) ;
#2244 = CARTESIAN_POINT ( 'NONE',  ( 3.897026497535696077, 4.187026497535694780, 2.389999999999999680 ) ) ;
#2245 = ORIENTED_EDGE ( 'NONE', *, *, #5181, .T. ) ;
#2246 = FACE_OUTER_BOUND ( 'NONE', #5041, .T. ) ;
#2247 = PLANE ( 'NONE',  #5739 ) ;
#2248 = EDGE_CURVE ( 'NONE', #4050, #3636, #3556, .T. ) ;
#2249 =( GEOMETRIC_REPRESENTATION_CONTEXT ( 3 ) GLOBAL_UNCERTAINTY_ASSIGNED_CONTEXT ( ( #2113 ) ) GLOBAL_UNIT_ASSIGNED_CONTEXT ( ( #4901, #524, #4455 ) ) REPRESENTATION_CONTEXT ( 'NONE', 'WORKASPACE' ) );
#2250 = ORIENTED_EDGE ( 'NONE', *, *, #4220, .T. ) ;
#2251 = VERTEX_POINT ( 'NONE', #1958 ) ;
#2252 = CARTESIAN_POINT ( 'NONE',  ( -0.2000000000000074496, 5.790000000000000036, 0.000000000000000000 ) ) ;
#2253 = LINE ( 'NONE', #3377, #2968 ) ;
#2254 = ADVANCED_FACE ( 'NONE', ( #2366 ), #2451, .T. ) ;
#2255 = EDGE_CURVE ( 'NONE', #2032, #4935, #4229, .T. ) ;
#2256 = CYLINDRICAL_SURFACE ( 'NONE', #4418, 0.09999999999999982514 ) ;
#2257 = CARTESIAN_POINT ( 'NONE',  ( 3.400000000000001243, 3.790000000000000036, 0.5000000000000000000 ) ) ;
#2258 = CARTESIAN_POINT ( 'NONE',  ( -4.149999999999999467, -5.540000000000002700, 0.000000000000000000 ) ) ;
#2259 = VECTOR ( 'NONE', #4854, 1000.000000000000000 ) ;
#2260 = CARTESIAN_POINT ( 'NONE',  ( 4.560097823754072799, -4.850097823754071946, 2.299999999999999822 ) ) ;
#2261 = DIRECTION ( 'NONE',  ( -0.000000000000000000, -0.000000000000000000, 1.000000000000000000 ) ) ;
#2262 = PRESENTATION_LAYER_ASSIGNMENT (  '', '', ( #5155 ) ) ;
#2263 = ORIENTED_EDGE ( 'NONE', *, *, #516, .T. ) ;
#2264 = ORIENTED_EDGE ( 'NONE', *, *, #2680, .T. ) ;
#2265 = LINE ( 'NONE', #4055, #4056 ) ;
#2266 = CARTESIAN_POINT ( 'NONE',  ( 0.1999999999999952094, 4.499823100075543536, 0.5000000000000000000 ) ) ;
#2267 =( NAMED_UNIT ( * ) SI_UNIT ( $, .STERADIAN. ) SOLID_ANGLE_UNIT ( ) );
#2268 = UNCERTAINTY_MEASURE_WITH_UNIT (LENGTH_MEASURE( 1.000000000000000082E-05 ), #2396, 'distance_accuracy_value', 'NONE');
#2269 = DIRECTION ( 'NONE',  ( 1.000000000000000000, 0.000000000000000000, -0.000000000000000000 ) ) ;
#2270 = FACE_OUTER_BOUND ( 'NONE', #5010, .T. ) ;
#2271 = VERTEX_POINT ( 'NONE', #1522 ) ;
#2272 = CARTESIAN_POINT ( 'NONE',  ( 1.399999999999997469, 4.499823100075543536, 0.000000000000000000 ) ) ;
#2273 = FACE_OUTER_BOUND ( 'NONE', #3405, .T. ) ;
#2274 = LINE ( 'NONE', #3707, #2053 ) ;
#2275 = COLOUR_RGB ( '',0.2941176470588235392, 0.2941176470588235392, 0.2941176470588235392 ) ;
#2276 = PRESENTATION_STYLE_ASSIGNMENT (( #3588 ) ) ;
#2277 = CARTESIAN_POINT ( 'NONE',  ( -4.182670137274078215, -1.790000000000002478, 0.000000000000000000 ) ) ;
#2278 = ORIENTED_EDGE ( 'NONE', *, *, #3076, .F. ) ;
#2279 = ORIENTED_EDGE ( 'NONE', *, *, #1625, .T. ) ;
#2280 = CARTESIAN_POINT ( 'NONE',  ( 4.899999999999999467, 5.190000000000000391, 0.3944444506222585800 ) ) ;
#2281 = VECTOR ( 'NONE', #794, 1000.000000000000000 ) ;
#2282 = DIRECTION ( 'NONE',  ( 0.000000000000000000, 0.000000000000000000, 1.000000000000000000 ) ) ;
#2283 = DIRECTION ( 'NONE',  ( -1.000000000000000000, -5.042109369105837323E-16, 0.000000000000000000 ) ) ;
#2284 = DIRECTION ( 'NONE',  ( 1.000000000000000000, -0.000000000000000000, -0.000000000000000000 ) ) ;
#2285 = UNCERTAINTY_MEASURE_WITH_UNIT (LENGTH_MEASURE( 1.000000000000000082E-05 ), #1634, 'distance_accuracy_value', 'NONE');
#2286 = PRESENTATION_LAYER_ASSIGNMENT (  '', '', ( #5086 ) ) ;
#2287 = EDGE_CURVE ( 'NONE', #3736, #885, #3705, .T. ) ;
#2288 = EDGE_CURVE ( 'NONE', #5084, #2027, #4263, .T. ) ;
#2289 = ORIENTED_EDGE ( 'NONE', *, *, #2713, .F. ) ;
#2290 = SURFACE_STYLE_USAGE ( .BOTH. , #3992 ) ;
#2291 = SURFACE_STYLE_FILL_AREA ( #5752 ) ;
#2292 = FACE_OUTER_BOUND ( 'NONE', #3200, .T. ) ;
#2293 = VERTEX_POINT ( 'NONE', #651 ) ;
#2294 = ADVANCED_FACE ( 'NONE', ( #2425 ), #711, .T. ) ;
#2295 = ORIENTED_EDGE ( 'NONE', *, *, #4660, .T. ) ;
#2296 = SURFACE_STYLE_USAGE ( .BOTH. , #2732 ) ;
#2297 = VERTEX_POINT ( 'NONE', #3382 ) ;
#2298 = LINE ( 'NONE', #459, #4916 ) ;
#2299 = DIRECTION ( 'NONE',  ( -0.000000000000000000, -0.9902680687415708061, 0.1391731009600622182 ) ) ;
#2300 = CARTESIAN_POINT ( 'NONE',  ( 3.400000000000001243, 3.790000000000000036, 0.000000000000000000 ) ) ;
#2301 = LINE ( 'NONE', #558, #3375 ) ;
#2302 = COLOUR_RGB ( '',0.2941176470588235392, 0.2941176470588235392, 0.2941176470588235392 ) ;
#2303 = ORIENTED_EDGE ( 'NONE', *, *, #4076, .T. ) ;
#2304 = DIRECTION ( 'NONE',  ( -0.000000000000000000, 0.000000000000000000, 1.000000000000000000 ) ) ;
#2305 = DIRECTION ( 'NONE',  ( -1.000000000000000000, 0.000000000000000000, 0.000000000000000000 ) ) ;
#2306 = MECHANICAL_DESIGN_GEOMETRIC_PRESENTATION_REPRESENTATION (  '', ( #1747 ), #541 ) ;
#2307 = MECHANICAL_DESIGN_GEOMETRIC_PRESENTATION_REPRESENTATION (  '', ( #1668 ), #444 ) ;
#2308 = FACE_OUTER_BOUND ( 'NONE', #3212, .T. ) ;
#2309 = ORIENTED_EDGE ( 'NONE', *, *, #1296, .T. ) ;
#2310 = LINE ( 'NONE', #1441, #1660 ) ;
#2311 = AXIS2_PLACEMENT_3D ( 'NONE', #4557, #2343, #4124 ) ;
#2312 = DIRECTION ( 'NONE',  ( -1.000000000000000000, 0.000000000000000000, 0.000000000000000000 ) ) ;
#2313 = CARTESIAN_POINT ( 'NONE',  ( -1.400000000000009681, 5.790000000000000036, 0.5000000000000000000 ) ) ;
#2314 = PRESENTATION_LAYER_ASSIGNMENT (  '', '', ( #1121 ) ) ;
#2315 = LINE ( 'NONE', #3721, #4202 ) ;
#2316 = VECTOR ( 'NONE', #2609, 1000.000000000000114 ) ;
#2317 = DIRECTION ( 'NONE',  ( 0.000000000000000000, 0.000000000000000000, 1.000000000000000000 ) ) ;
#2318 = VERTEX_POINT ( 'NONE', #5163 ) ;
#2319 =( LENGTH_UNIT ( ) NAMED_UNIT ( * ) SI_UNIT ( .MILLI., .METRE. ) );
#2320 = FILL_AREA_STYLE_COLOUR ( '', #2870 ) ;
#2321 = EDGE_CURVE ( 'NONE', #5107, #1570, #4143, .T. ) ;
#2322 = EDGE_LOOP ( 'NONE', ( #1334, #3275, #2347 ) ) ;
#2323 = MECHANICAL_DESIGN_GEOMETRIC_PRESENTATION_REPRESENTATION (  '', ( #366 ), #665 ) ;
#2324 = VERTEX_POINT ( 'NONE', #772 ) ;
#2325 = SURFACE_SIDE_STYLE ('',( #3170 ) ) ;
#2326 = LINE ( 'NONE', #4111, #3303 ) ;
#2327 = VERTEX_POINT ( 'NONE', #3033 ) ;
#2328 = CARTESIAN_POINT ( 'NONE',  ( -4.823259234548942231, -5.090000000000002522, 0.000000000000000000 ) ) ;
#2329 = EDGE_CURVE ( 'NONE', #1857, #3892, #4516, .T. ) ;
#2330 = EDGE_CURVE ( 'NONE', #3806, #1839, #1638, .T. ) ;
#2331 = PRESENTATION_STYLE_ASSIGNMENT (( #5476 ) ) ;
#2332 = UNCERTAINTY_MEASURE_WITH_UNIT (LENGTH_MEASURE( 1.000000000000000082E-05 ), #2718, 'distance_accuracy_value', 'NONE');
#2333 = FILL_AREA_STYLE ('',( #5394 ) ) ;
#2334 = LINE ( 'NONE', #107, #2633 ) ;
#2335 = ORIENTED_EDGE ( 'NONE', *, *, #5612, .F. ) ;
#2336 = CARTESIAN_POINT ( 'NONE',  ( -4.823259234548942231, -5.090000000000002522, 0.5000000000000000000 ) ) ;
#2337 = DIRECTION ( 'NONE',  ( 0.000000000000000000, 0.000000000000000000, 1.000000000000000000 ) ) ;
#2338 = CARTESIAN_POINT ( 'NONE',  ( 3.937576565366517567, 0.9099999999999973666, 0.5000000000000000000 ) ) ;
#2339 = PLANE ( 'NONE',  #487 ) ;
#2340 = ORIENTED_EDGE ( 'NONE', *, *, #5079, .F. ) ;
#2341 = ORIENTED_EDGE ( 'NONE', *, *, #4422, .F. ) ;
#2342 = PLANE ( 'NONE',  #4432 ) ;
#2343 = DIRECTION ( 'NONE',  ( -0.000000000000000000, 0.000000000000000000, 1.000000000000000000 ) ) ;
#2344 =( NAMED_UNIT ( * ) SI_UNIT ( $, .STERADIAN. ) SOLID_ANGLE_UNIT ( ) );
#2345 = UNCERTAINTY_MEASURE_WITH_UNIT (LENGTH_MEASURE( 1.000000000000000082E-05 ), #4281, 'distance_accuracy_value', 'NONE');
#2346 = VECTOR ( 'NONE', #3358, 1000.000000000000000 ) ;
#2347 = ORIENTED_EDGE ( 'NONE', *, *, #3712, .F. ) ;
#2348 = STYLED_ITEM ( 'NONE', ( #490 ), #4967 ) ;
#2349 = PLANE ( 'NONE',  #3492 ) ;
#2350 = FILL_AREA_STYLE_COLOUR ( '', #2510 ) ;
#2351 = VERTEX_POINT ( 'NONE', #1689 ) ;
#2352 = VECTOR ( 'NONE', #123, 1000.000000000000000 ) ;
#2353 = EDGE_CURVE ( 'NONE', #2159, #115, #345, .T. ) ;
#2354 = ORIENTED_EDGE ( 'NONE', *, *, #3603, .T. ) ;
#2355 = FILL_AREA_STYLE ('',( #5012 ) ) ;
#2356 = CARTESIAN_POINT ( 'NONE',  ( -4.823259234548942231, 0.8099999999999973888, 0.5000000000000000000 ) ) ;
#2357 = EDGE_LOOP ( 'NONE', ( #3135, #2042, #1383, #2912 ) ) ;
#2358 = FACE_OUTER_BOUND ( 'NONE', #3888, .T. ) ;
#2359 = VECTOR ( 'NONE', #1320, 1000.000000000000000 ) ;
#2360 = CARTESIAN_POINT ( 'NONE',  ( -2.200000000000008615, 4.499823100075543536, 0.5000000000000000000 ) ) ;
#2361 = CLOSED_SHELL ( 'NONE', ( #5153, #4257, #5431, #4648, #4530, #3108, #3836, #4836, #5148, #3463, #2481, #5422, #845, #1326, #1510, #4005, #2254, #1200, #4180, #323, #4179, #3872, #3538, #3951, #5455, #1021, #1854, #186, #1820, #4146 ) ) ;
#2362 = SURFACE_SIDE_STYLE ('',( #587 ) ) ;
#2363 = EDGE_CURVE ( 'NONE', #2872, #813, #2514, .T. ) ;
#2364 = ADVANCED_FACE ( 'NONE', ( #4812 ), #2977, .F. ) ;
#2365 = ORIENTED_EDGE ( 'NONE', *, *, #4041, .F. ) ;
#2366 = FACE_OUTER_BOUND ( 'NONE', #3956, .T. ) ;
#2367 = ORIENTED_EDGE ( 'NONE', *, *, #5034, .T. ) ;
#2368 = PLANE ( 'NONE',  #2468 ) ;
#2369 = PLANE ( 'NONE',  #3234 ) ;
#2370 = CARTESIAN_POINT ( 'NONE',  ( 3.897026497535696077, 4.187026497535694780, 2.399999999999999911 ) ) ;
#2371 = EDGE_CURVE ( 'NONE', #3934, #626, #5677, .T. ) ;
#2372 = ORIENTED_EDGE ( 'NONE', *, *, #982, .F. ) ;
#2373 = ORIENTED_EDGE ( 'NONE', *, *, #3176, .F. ) ;
#2374 = FILL_AREA_STYLE_COLOUR ( '', #1198 ) ;
#2375 = PRESENTATION_STYLE_ASSIGNMENT (( #3273 ) ) ;
#2376 = PRESENTATION_LAYER_ASSIGNMENT (  '', '', ( #1080 ) ) ;
#2377 = ORIENTED_EDGE ( 'NONE', *, *, #3650, .T. ) ;
#2378 =( NAMED_UNIT ( * ) PLANE_ANGLE_UNIT ( ) SI_UNIT ( $, .RADIAN. ) );
#2379 = SURFACE_STYLE_USAGE ( .BOTH. , #2814 ) ;
#2380 = COLOUR_RGB ( '',0.2941176470588235392, 0.2941176470588235392, 0.2941176470588235392 ) ;
#2381 = ORIENTED_EDGE ( 'NONE', *, *, #2471, .F. ) ;
#2382 = SURFACE_STYLE_FILL_AREA ( #3373 ) ;
#2383 = PRESENTATION_STYLE_ASSIGNMENT (( #5468 ) ) ;
#2384 = VECTOR ( 'NONE', #1655, 1000.000000000000000 ) ;
#2385 = EDGE_LOOP ( 'NONE', ( #1822, #2089, #1853, #962 ) ) ;
#2386 = ORIENTED_EDGE ( 'NONE', *, *, #3014, .F. ) ;
#2387 = AXIS2_PLACEMENT_3D ( 'NONE', #3686, #2782, #1503 ) ;
#2388 = ORIENTED_EDGE ( 'NONE', *, *, #5674, .T. ) ;
#2389 = CARTESIAN_POINT ( 'NONE',  ( -1.400000000000009681, 5.790000000000000036, 0.5000000000000000000 ) ) ;
#2390 = LINE ( 'NONE', #1172, #1636 ) ;
#2391 = CARTESIAN_POINT ( 'NONE',  ( -4.182670137274078215, -5.090000000000002522, 0.000000000000000000 ) ) ;
#2392 = LINE ( 'NONE', #4166, #1652 ) ;
#2393 = UNCERTAINTY_MEASURE_WITH_UNIT (LENGTH_MEASURE( 1.000000000000000082E-05 ), #3539, 'distance_accuracy_value', 'NONE');
#2394 = LINE ( 'NONE', #649, #4778 ) ;
#2395 = ORIENTED_EDGE ( 'NONE', *, *, #333, .F. ) ;
#2396 =( LENGTH_UNIT ( ) NAMED_UNIT ( * ) SI_UNIT ( .MILLI., .METRE. ) );
#2397 = EDGE_CURVE ( 'NONE', #1589, #2527, #4375, .T. ) ;
#2398 = EDGE_CURVE ( 'NONE', #2271, #485, #374, .T. ) ;
#2399 = STYLED_ITEM ( 'NONE', ( #3091 ), #2118 ) ;
#2400 = LINE ( 'NONE', #1613, #3765 ) ;
#2401 = VERTEX_POINT ( 'NONE', #1714 ) ;
#2402 = CARTESIAN_POINT ( 'NONE',  ( -3.400000000000011902, 4.499823100075543536, 0.5000000000000000000 ) ) ;
#2403 = DIRECTION ( 'NONE',  ( 1.000000000000000000, 0.000000000000000000, 0.000000000000000000 ) ) ;
#2404 = CARTESIAN_POINT ( 'NONE',  ( -4.823259234548942231, 0.8099999999999973888, 0.5000000000000000000 ) ) ;
#2405 = PRESENTATION_LAYER_ASSIGNMENT (  '', '', ( #5196 ) ) ;
#2406 = DIRECTION ( 'NONE',  ( -0.000000000000000000, -0.000000000000000000, -1.000000000000000000 ) ) ;
#2407 = VECTOR ( 'NONE', #2598, 1000.000000000000000 ) ;
#2408 = EDGE_CURVE ( 'NONE', #3340, #4703, #3061, .T. ) ;
#2409 = UNCERTAINTY_MEASURE_WITH_UNIT (LENGTH_MEASURE( 1.000000000000000082E-05 ), #4477, 'distance_accuracy_value', 'NONE');
#2410 = EDGE_CURVE ( 'NONE', #1777, #2236, #3095, .T. ) ;
#2411 = CARTESIAN_POINT ( 'NONE',  ( 2.199999999999997069, 5.790000000000000036, 0.5000000000000000000 ) ) ;
#2412 = ORIENTED_EDGE ( 'NONE', *, *, #4861, .T. ) ;
#2413 = CARTESIAN_POINT ( 'NONE',  ( 0.000000000000000000, 0.000000000000000000, 0.000000000000000000 ) ) ;
#2414 = FACE_OUTER_BOUND ( 'NONE', #4419, .T. ) ;
#2415 = SURFACE_SIDE_STYLE ('',( #3341 ) ) ;
#2416 = COLOUR_RGB ( '',0.2941176470588235392, 0.2941176470588235392, 0.2941176470588235392 ) ;
#2417 = ORIENTED_EDGE ( 'NONE', *, *, #1658, .T. ) ;
#2418 = AXIS2_PLACEMENT_3D ( 'NONE', #5164, #1151, #4126 ) ;
#2419 = ORIENTED_EDGE ( 'NONE', *, *, #284, .T. ) ;
#2420 = SURFACE_STYLE_FILL_AREA ( #2355 ) ;
#2421 = FILL_AREA_STYLE ('',( #645 ) ) ;
#2422 = DIRECTION ( 'NONE',  ( 0.000000000000000000, 0.000000000000000000, 1.000000000000000000 ) ) ;
#2423 =( NAMED_UNIT ( * ) PLANE_ANGLE_UNIT ( ) SI_UNIT ( $, .RADIAN. ) );
#2424 = VERTEX_POINT ( 'NONE', #1670 ) ;
#2425 = FACE_OUTER_BOUND ( 'NONE', #3075, .T. ) ;
#2426 = DIRECTION ( 'NONE',  ( 1.000000000000000000, 0.000000000000000000, 0.000000000000000000 ) ) ;
#2427 = DIRECTION ( 'NONE',  ( -1.000000000000000000, -0.000000000000000000, -0.000000000000000000 ) ) ;
#2428 = CARTESIAN_POINT ( 'NONE',  ( 2.600000000000000533, 4.499823100075543536, 0.000000000000000000 ) ) ;
#2429 = EDGE_CURVE ( 'NONE', #1032, #1454, #4842, .T. ) ;
#2430 = ORIENTED_EDGE ( 'NONE', *, *, #1551, .F. ) ;
#2431 = DIRECTION ( 'NONE',  ( 0.000000000000000000, 0.000000000000000000, -1.000000000000000000 ) ) ;
#2432 = LINE ( 'NONE', #4305, #5009 ) ;
#2433 = SURFACE_SIDE_STYLE ('',( #570 ) ) ;
#2434 = LINE ( 'NONE', #2927, #3177 ) ;
#2435 = PRESENTATION_LAYER_ASSIGNMENT (  '', '', ( #4680 ) ) ;
#2436 = ADVANCED_FACE ( 'NONE', ( #4731 ), #286, .F. ) ;
#2437 = VERTEX_POINT ( 'NONE', #4984 ) ;
#2438 = EDGE_CURVE ( 'NONE', #1207, #4512, #965, .T. ) ;
#2439 = FILL_AREA_STYLE_COLOUR ( '', #4622 ) ;
#2440 =( NAMED_UNIT ( * ) PLANE_ANGLE_UNIT ( ) SI_UNIT ( $, .RADIAN. ) );
#2441 = VECTOR ( 'NONE', #4267, 1000.000000000000000 ) ;
#2442 = ORIENTED_EDGE ( 'NONE', *, *, #109, .T. ) ;
#2443 = PRESENTATION_LAYER_ASSIGNMENT (  '', '', ( #1696 ) ) ;
#2444 = VERTEX_POINT ( 'NONE', #5326 ) ;
#2445 = FACE_OUTER_BOUND ( 'NONE', #2597, .T. ) ;
#2446 = FACE_OUTER_BOUND ( 'NONE', #1365, .T. ) ;
#2447 = CARTESIAN_POINT ( 'NONE',  ( 4.149999999999999467, -5.540000000000002700, 0.000000000000000000 ) ) ;
#2448 = CARTESIAN_POINT ( 'NONE',  ( 0.5999999999999998668, -5.540000000000001812, 0.5000000000000000000 ) ) ;
#2449 = CARTESIAN_POINT ( 'NONE',  ( -0.2000000000000075051, 5.190000000000000391, 0.5000000000000000000 ) ) ;
#2450 = ORIENTED_EDGE ( 'NONE', *, *, #5251, .T. ) ;
#2451 = PLANE ( 'NONE',  #1749 ) ;
#2452 = COLOUR_RGB ( '',0.2941176470588235392, 0.2941176470588235392, 0.2941176470588235392 ) ;
#2453 = CARTESIAN_POINT ( 'NONE',  ( -4.899999999999999467, 5.190000000000000391, 0.000000000000000000 ) ) ;
#2454 =( LENGTH_UNIT ( ) NAMED_UNIT ( * ) SI_UNIT ( .MILLI., .METRE. ) );
#2455 = PRESENTATION_STYLE_ASSIGNMENT (( #3359 ) ) ;
#2456 = AXIS2_PLACEMENT_3D ( 'NONE', #2153, #306, #2939 ) ;
#2457 = EDGE_LOOP ( 'NONE', ( #4806, #1299, #3920, #3770 ) ) ;
#2458 = FILL_AREA_STYLE ('',( #2921 ) ) ;
#2459 = LINE ( 'NONE', #5573, #1259 ) ;
#2460 = LINE ( 'NONE', #1617, #1486 ) ;
#2461 = LINE ( 'NONE', #3218, #3406 ) ;
#2462 = UNCERTAINTY_MEASURE_WITH_UNIT (LENGTH_MEASURE( 1.000000000000000082E-05 ), #4236, 'distance_accuracy_value', 'NONE');
#2463 = VERTEX_POINT ( 'NONE', #5757 ) ;
#2464 = PRODUCT_DEFINITION ( 'UNKNOWN', '', #697, #1699 ) ;
#2465 =( NAMED_UNIT ( * ) SI_UNIT ( $, .STERADIAN. ) SOLID_ANGLE_UNIT ( ) );
#2466 = DIRECTION ( 'NONE',  ( 0.000000000000000000, 0.000000000000000000, -1.000000000000000000 ) ) ;
#2467 = ORIENTED_EDGE ( 'NONE', *, *, #5461, .T. ) ;
#2468 = AXIS2_PLACEMENT_3D ( 'NONE', #139, #1496, #5052 ) ;
#2469 =( NAMED_UNIT ( * ) SI_UNIT ( $, .STERADIAN. ) SOLID_ANGLE_UNIT ( ) );
#2470 = DIRECTION ( 'NONE',  ( 0.000000000000000000, 1.000000000000000000, 0.000000000000000000 ) ) ;
#2471 = EDGE_CURVE ( 'NONE', #518, #3970, #552, .T. ) ;
#2472 = EDGE_CURVE ( 'NONE', #1410, #5109, #519, .T. ) ;
#2473 = VECTOR ( 'NONE', #2702, 1000.000000000000000 ) ;
#2474 = ORIENTED_EDGE ( 'NONE', *, *, #2971, .T. ) ;
#2475 = CARTESIAN_POINT ( 'NONE',  ( -3.937576565366517567, 0.8099999999999973888, 0.5000000000000000000 ) ) ;
#2476 = DIRECTION ( 'NONE',  ( 1.000000000000000000, -0.000000000000000000, -0.000000000000000000 ) ) ;
#2477 = VECTOR ( 'NONE', #98, 1000.000000000000000 ) ;
#2478 = SURFACE_STYLE_USAGE ( .BOTH. , #677 ) ;
#2479 = CARTESIAN_POINT ( 'NONE',  ( 3.937576565366517567, 0.8099999999999973888, 0.5000000000000000000 ) ) ;
#2480 = FILL_AREA_STYLE_COLOUR ( '', #3167 ) ;
#2481 = ADVANCED_FACE ( 'NONE', ( #76 ), #47, .T. ) ;
#2482 =( NAMED_UNIT ( * ) PLANE_ANGLE_UNIT ( ) SI_UNIT ( $, .RADIAN. ) );
#2483 = AXIS2_PLACEMENT_3D ( 'NONE', #2008, #5037, #1481 ) ;
#2484 = ORIENTED_EDGE ( 'NONE', *, *, #4564, .T. ) ;
#2485 = CARTESIAN_POINT ( 'NONE',  ( 1.399999999999997247, 5.790000000000000036, 0.000000000000000000 ) ) ;
#2486 = LINE ( 'NONE', #198, #4513 ) ;
#2487 = FILL_AREA_STYLE ('',( #3862 ) ) ;
#2488 = SURFACE_STYLE_USAGE ( .BOTH. , #231 ) ;
#2489 =( GEOMETRIC_REPRESENTATION_CONTEXT ( 3 ) GLOBAL_UNCERTAINTY_ASSIGNED_CONTEXT ( ( #461 ) ) GLOBAL_UNIT_ASSIGNED_CONTEXT ( ( #3718, #1442, #2840 ) ) REPRESENTATION_CONTEXT ( 'NONE', 'WORKASPACE' ) );
#2490 = PLANE ( 'NONE',  #3089 ) ;
#2491 = VECTOR ( 'NONE', #3260, 1000.000000000000000 ) ;
#2492 = VERTEX_POINT ( 'NONE', #5445 ) ;
#2493 = DIRECTION ( 'NONE',  ( -0.000000000000000000, 0.000000000000000000, -1.000000000000000000 ) ) ;
#2494 = LINE ( 'NONE', #5145, #4597 ) ;
#2495 = DIRECTION ( 'NONE',  ( -0.000000000000000000, -1.000000000000000000, -0.000000000000000000 ) ) ;
#2496 = DIRECTION ( 'NONE',  ( 1.000000000000000000, -0.000000000000000000, -0.000000000000000000 ) ) ;
#2497 = VERTEX_POINT ( 'NONE', #4000 ) ;
#2498 = PRESENTATION_LAYER_ASSIGNMENT (  '', '', ( #2037 ) ) ;
#2499 = VECTOR ( 'NONE', #2803, 1000.000000000000000 ) ;
#2500 = DIRECTION ( 'NONE',  ( -1.680703123035279354E-16, -1.000000000000000000, 0.000000000000000000 ) ) ;
#2501 = PRESENTATION_LAYER_ASSIGNMENT (  '', '', ( #1668 ) ) ;
#2502 = VERTEX_POINT ( 'NONE', #2238 ) ;
#2503 = EDGE_CURVE ( 'NONE', #2139, #3179, #2763, .T. ) ;
#2504 = CARTESIAN_POINT ( 'NONE',  ( -4.899999999999999467, 5.190000000000000391, 0.5999999999999569011 ) ) ;
#2505 = DIRECTION ( 'NONE',  ( -0.000000000000000000, -0.000000000000000000, -1.000000000000000000 ) ) ;
#2506 =( GEOMETRIC_REPRESENTATION_CONTEXT ( 3 ) GLOBAL_UNCERTAINTY_ASSIGNED_CONTEXT ( ( #539 ) ) GLOBAL_UNIT_ASSIGNED_CONTEXT ( ( #3685, #4152, #3660 ) ) REPRESENTATION_CONTEXT ( 'NONE', 'WORKASPACE' ) );
#2507 = CARTESIAN_POINT ( 'NONE',  ( 4.823259234548942231, 0.8099999999999973888, 0.000000000000000000 ) ) ;
#2508 = UNCERTAINTY_MEASURE_WITH_UNIT (LENGTH_MEASURE( 1.000000000000000082E-05 ), #5585, 'distance_accuracy_value', 'NONE');
#2509 = CARTESIAN_POINT ( 'NONE',  ( 4.900000000000000355, -5.090973193125843288, 0.5999999999999569011 ) ) ;
#2510 = COLOUR_RGB ( '',0.8431372549019607865, 0.8431372549019607865, 0.8431372549019607865 ) ;
#2511 = VECTOR ( 'NONE', #3870, 1000.000000000000000 ) ;
#2512 = ORIENTED_EDGE ( 'NONE', *, *, #5602, .T. ) ;
#2513 = ADVANCED_FACE ( 'NONE', ( #1335 ), #3576, .F. ) ;
#2514 = LINE ( 'NONE', #3408, #1477 ) ;
#2515 = ADVANCED_FACE ( 'NONE', ( #4026 ), #5354, .T. ) ;
#2516 = CARTESIAN_POINT ( 'NONE',  ( 0.1999999999999952094, 4.499823100075543536, 0.5000000000000000000 ) ) ;
#2517 = VECTOR ( 'NONE', #1641, 1000.000000000000000 ) ;
#2518 = DIRECTION ( 'NONE',  ( -8.403515615176396771E-17, -1.000000000000000000, 0.000000000000000000 ) ) ;
#2519 = LINE ( 'NONE', #173, #4487 ) ;
#2520 = ORIENTED_EDGE ( 'NONE', *, *, #5114, .T. ) ;
#2521 = SURFACE_STYLE_USAGE ( .BOTH. , #1186 ) ;
#2522 = PLANE ( 'NONE',  #889 ) ;
#2523 = DIRECTION ( 'NONE',  ( 0.000000000000000000, 0.000000000000000000, 1.000000000000000000 ) ) ;
#2524 = SURFACE_STYLE_FILL_AREA ( #755 ) ;
#2525 = UNCERTAINTY_MEASURE_WITH_UNIT (LENGTH_MEASURE( 1.000000000000000082E-05 ), #875, 'distance_accuracy_value', 'NONE');
#2526 = STYLED_ITEM ( 'NONE', ( #2242 ), #4218 ) ;
#2527 = VERTEX_POINT ( 'NONE', #5504 ) ;
#2528 = CARTESIAN_POINT ( 'NONE',  ( 0.9999999999999947820, 5.790000000000000036, 0.000000000000000000 ) ) ;
#2529 = LINE ( 'NONE', #1106, #1063 ) ;
#2530 = ORIENTED_EDGE ( 'NONE', *, *, #3079, .T. ) ;
#2531 = CARTESIAN_POINT ( 'NONE',  ( 4.823259234548942231, -1.790000000000002478, 0.5000000000000000000 ) ) ;
#2532 = DIRECTION ( 'NONE',  ( 1.000000000000000000, 0.000000000000000000, 0.000000000000000000 ) ) ;
#2533 = PRESENTATION_LAYER_ASSIGNMENT (  '', '', ( #1505 ) ) ;
#2534 = EDGE_LOOP ( 'NONE', ( #2605, #2734 ) ) ;
#2535 = LINE ( 'NONE', #4314, #1118 ) ;
#2536 = CARTESIAN_POINT ( 'NONE',  ( 0.9999999999999947820, 5.790000000000000036, 0.5000000000000000000 ) ) ;
#2537 = CARTESIAN_POINT ( 'NONE',  ( 4.659124630628229902, -4.850097823754071946, 2.313917310096006208 ) ) ;
#2538 = ORIENTED_EDGE ( 'NONE', *, *, #2756, .F. ) ;
#2539 = VECTOR ( 'NONE', #2518, 1000.000000000000000 ) ;
#2540 = EDGE_LOOP ( 'NONE', ( #4952, #3475, #4669, #2066, #4922 ) ) ;
#2541 = CARTESIAN_POINT ( 'NONE',  ( 4.899999999999999467, 5.152484784730345879, 0.5279117640514725540 ) ) ;
#2542 = DIRECTION ( 'NONE',  ( 0.000000000000000000, 0.000000000000000000, -1.000000000000000000 ) ) ;
#2543 = STYLED_ITEM ( 'NONE', ( #3701 ), #5148 ) ;
#2544 = PRESENTATION_STYLE_ASSIGNMENT (( #2488 ) ) ;
#2545 = EDGE_CURVE ( 'NONE', #5458, #73, #5099, .T. ) ;
#2546 = ADVANCED_FACE ( 'NONE', ( #4253 ), #5556, .T. ) ;
#2547 = PRESENTATION_STYLE_ASSIGNMENT (( #2571 ) ) ;
#2548 =( GEOMETRIC_REPRESENTATION_CONTEXT ( 3 ) GLOBAL_UNCERTAINTY_ASSIGNED_CONTEXT ( ( #1133 ) ) GLOBAL_UNIT_ASSIGNED_CONTEXT ( ( #2721, #182, #1392 ) ) REPRESENTATION_CONTEXT ( 'NONE', 'WORKASPACE' ) );
#2549 = VERTEX_POINT ( 'NONE', #3257 ) ;
#2550 = CARTESIAN_POINT ( 'NONE',  ( 3.897026497535696077, 4.187026497535694780, 2.389999999999999680 ) ) ;
#2551 =( NAMED_UNIT ( * ) SI_UNIT ( $, .STERADIAN. ) SOLID_ANGLE_UNIT ( ) );
#2552 = CARTESIAN_POINT ( 'NONE',  ( -0.5999999999999998668, -5.540000000000001812, 0.5000000000000000000 ) ) ;
#2553 = LINE ( 'NONE', #2986, #1360 ) ;
#2554 = ORIENTED_EDGE ( 'NONE', *, *, #3327, .F. ) ;
#2555 = DIRECTION ( 'NONE',  ( 1.680703123035279354E-16, 1.000000000000000000, 0.000000000000000000 ) ) ;
#2556 = DIRECTION ( 'NONE',  ( 8.403515615176396771E-17, 1.000000000000000000, 0.000000000000000000 ) ) ;
#2557 = ORIENTED_EDGE ( 'NONE', *, *, #4975, .T. ) ;
#2558 = FACE_OUTER_BOUND ( 'NONE', #2540, .T. ) ;
#2559 = LINE ( 'NONE', #3849, #4520 ) ;
#2560 =( NAMED_UNIT ( * ) SI_UNIT ( $, .STERADIAN. ) SOLID_ANGLE_UNIT ( ) );
#2561 = DIRECTION ( 'NONE',  ( 1.680703123035279354E-16, 1.000000000000000000, 0.000000000000000000 ) ) ;
#2562 = LINE ( 'NONE', #2182, #836 ) ;
#2563 = UNCERTAINTY_MEASURE_WITH_UNIT (LENGTH_MEASURE( 1.000000000000000082E-05 ), #1851, 'distance_accuracy_value', 'NONE');
#2564 = DIRECTION ( 'NONE',  ( -0.000000000000000000, 1.000000000000000000, -0.000000000000000000 ) ) ;
#2565 = VECTOR ( 'NONE', #5245, 1000.000000000000000 ) ;
#2566 = MECHANICAL_DESIGN_GEOMETRIC_PRESENTATION_REPRESENTATION (  '', ( #897 ), #4244 ) ;
#2567 = ORIENTED_EDGE ( 'NONE', *, *, #2618, .T. ) ;
#2568 = LINE ( 'NONE', #2134, #1263 ) ;
#2569 = PRESENTATION_STYLE_ASSIGNMENT (( #3924 ) ) ;
#2570 = COLOUR_RGB ( '',0.8431372549019607865, 0.8431372549019607865, 0.8431372549019607865 ) ;
#2571 = SURFACE_STYLE_USAGE ( .BOTH. , #2165 ) ;
#2572 = ORIENTED_EDGE ( 'NONE', *, *, #3456, .F. ) ;
#2573 = SURFACE_STYLE_USAGE ( .BOTH. , #2606 ) ;
#2574 = CARTESIAN_POINT ( 'NONE',  ( -2.600000000000012079, 5.790000000000000036, 0.5000000000000000000 ) ) ;
#2575 =( GEOMETRIC_REPRESENTATION_CONTEXT ( 3 ) GLOBAL_UNCERTAINTY_ASSIGNED_CONTEXT ( ( #2332 ) ) GLOBAL_UNIT_ASSIGNED_CONTEXT ( ( #2718, #4181, #3302 ) ) REPRESENTATION_CONTEXT ( 'NONE', 'WORKASPACE' ) );
#2576 = EDGE_CURVE ( 'NONE', #3748, #110, #129, .T. ) ;
#2577 = EDGE_CURVE ( 'NONE', #3376, #2792, #4191, .T. ) ;
#2578 = UNCERTAINTY_MEASURE_WITH_UNIT (LENGTH_MEASURE( 1.000000000000000082E-05 ), #2199, 'distance_accuracy_value', 'NONE');
#2579 = ORIENTED_EDGE ( 'NONE', *, *, #5601, .T. ) ;
#2580 = DIRECTION ( 'NONE',  ( -1.000000000000000000, 0.000000000000000000, -0.000000000000000000 ) ) ;
#2581 = CARTESIAN_POINT ( 'NONE',  ( 4.900000000000000355, -5.090973193125843288, 0.5999999999999569011 ) ) ;
#2582 = VERTEX_POINT ( 'NONE', #5530 ) ;
#2583 = EDGE_CURVE ( 'NONE', #297, #2699, #3287, .T. ) ;
#2584 = ADVANCED_FACE ( 'NONE', ( #2445 ), #1053, .F. ) ;
#2585 = LINE ( 'NONE', #275, #4995 ) ;
#2586 = CARTESIAN_POINT ( 'NONE',  ( -3.800000000000013589, 5.790000000000000036, 0.5000000000000000000 ) ) ;
#2587 = SURFACE_STYLE_USAGE ( .BOTH. , #4807 ) ;
#2588 = PLANE ( 'NONE',  #2456 ) ;
#2589 = EDGE_CURVE ( 'NONE', #5258, #4923, #2013, .T. ) ;
#2590 = CARTESIAN_POINT ( 'NONE',  ( 4.182670137274078215, -5.090000000000002522, 0.000000000000000000 ) ) ;
#2591 = SURFACE_STYLE_FILL_AREA ( #2097 ) ;
#2592 = MECHANICAL_DESIGN_GEOMETRIC_PRESENTATION_REPRESENTATION (  '', ( #5196 ), #5649 ) ;
#2593 = DIRECTION ( 'NONE',  ( 0.000000000000000000, 0.000000000000000000, -1.000000000000000000 ) ) ;
#2594 = COLOUR_RGB ( '',0.8431372549019607865, 0.8431372549019607865, 0.8431372549019607865 ) ;
#2595 = MECHANICAL_DESIGN_GEOMETRIC_PRESENTATION_REPRESENTATION (  '', ( #3908 ), #3146 ) ;
#2596 = COLOUR_RGB ( '',0.8431372549019607865, 0.8431372549019607865, 0.8431372549019607865 ) ;
#2597 = EDGE_LOOP ( 'NONE', ( #2372, #5098, #5284, #4870 ) ) ;
#2598 = DIRECTION ( 'NONE',  ( 0.000000000000000000, 0.000000000000000000, -1.000000000000000000 ) ) ;
#2599 = PLANE ( 'NONE',  #4339 ) ;
#2600 = CARTESIAN_POINT ( 'NONE',  ( -0.5999999999999998668, -5.540000000000001812, 0.5000000000000000000 ) ) ;
#2601 = FILL_AREA_STYLE_COLOUR ( '', #4286 ) ;
#2602 = AXIS2_PLACEMENT_3D ( 'NONE', #2586, #5611, #2995 ) ;
#2603 = DIRECTION ( 'NONE',  ( -0.000000000000000000, 0.000000000000000000, -1.000000000000000000 ) ) ;
#2604 = SURFACE_SIDE_STYLE ('',( #3496 ) ) ;
#2605 = ORIENTED_EDGE ( 'NONE', *, *, #981, .T. ) ;
#2606 = SURFACE_SIDE_STYLE ('',( #3498 ) ) ;
#2607 =( GEOMETRIC_REPRESENTATION_CONTEXT ( 3 ) GLOBAL_UNCERTAINTY_ASSIGNED_CONTEXT ( ( #3747 ) ) GLOBAL_UNIT_ASSIGNED_CONTEXT ( ( #2628, #1260, #3974 ) ) REPRESENTATION_CONTEXT ( 'NONE', 'WORKASPACE' ) );
#2608 = DIRECTION ( 'NONE',  ( 0.000000000000000000, 0.000000000000000000, -1.000000000000000000 ) ) ;
#2609 = DIRECTION ( 'NONE',  ( -0.1378445374916257016, 0.1378445374916254795, 0.9808148484639899189 ) ) ;
#2610 = EDGE_CURVE ( 'NONE', #3934, #4562, #1571, .T. ) ;
#2611 = FILL_AREA_STYLE_COLOUR ( '', #1526 ) ;
#2612 = VERTEX_POINT ( 'NONE', #1142 ) ;
#2613 = PLANE ( 'NONE',  #3893 ) ;
#2614 = CARTESIAN_POINT ( 'NONE',  ( 3.937576565366517567, 0.8099999999999973888, 0.5000000000000000000 ) ) ;
#2615 = DIRECTION ( 'NONE',  ( 0.000000000000000000, 1.000000000000000000, 0.000000000000000000 ) ) ;
#2616 = EDGE_CURVE ( 'NONE', #5459, #1902, #5071, .T. ) ;
#2617 = CARTESIAN_POINT ( 'NONE',  ( -1.400000000000009903, 4.499823100075543536, 0.000000000000000000 ) ) ;
#2618 = EDGE_CURVE ( 'NONE', #2845, #3231, #703, .T. ) ;
#2619 = ORIENTED_EDGE ( 'NONE', *, *, #2217, .T. ) ;
#2620 = LINE ( 'NONE', #4392, #3214 ) ;
#2621 = FILL_AREA_STYLE_COLOUR ( '', #1667 ) ;
#2622 = ORIENTED_EDGE ( 'NONE', *, *, #4361, .T. ) ;
#2623 = EDGE_CURVE ( 'NONE', #4353, #5737, #1354, .T. ) ;
#2624 = VECTOR ( 'NONE', #4976, 1000.000000000000000 ) ;
#2625 = ORIENTED_EDGE ( 'NONE', *, *, #3979, .F. ) ;
#2626 = DIRECTION ( 'NONE',  ( -0.000000000000000000, -0.000000000000000000, -1.000000000000000000 ) ) ;
#2627 = FACE_OUTER_BOUND ( 'NONE', #124, .T. ) ;
#2628 =( LENGTH_UNIT ( ) NAMED_UNIT ( * ) SI_UNIT ( .MILLI., .METRE. ) );
#2629 = FILL_AREA_STYLE_COLOUR ( '', #784 ) ;
#2630 = FILL_AREA_STYLE_COLOUR ( '', #1431 ) ;
#2631 = ORIENTED_EDGE ( 'NONE', *, *, #5313, .F. ) ;
#2632 = PLANE ( 'NONE',  #4913 ) ;
#2633 = VECTOR ( 'NONE', #5450, 1000.000000000000000 ) ;
#2634 = LINE ( 'NONE', #1779, #3250 ) ;
#2635 = VECTOR ( 'NONE', #4277, 1000.000000000000000 ) ;
#2636 = CARTESIAN_POINT ( 'NONE',  ( 3.400000000000001243, 5.790000000000000036, 0.5000000000000000000 ) ) ;
#2637 = DIRECTION ( 'NONE',  ( -5.042109369105837323E-16, 1.000000000000000000, -0.000000000000000000 ) ) ;
#2638 = ORIENTED_EDGE ( 'NONE', *, *, #2226, .T. ) ;
#2639 = LINE ( 'NONE', #2504, #3059 ) ;
#2640 = CARTESIAN_POINT ( 'NONE',  ( 4.823259234548942231, 0.8099999999999973888, 0.000000000000000000 ) ) ;
#2641 = DIRECTION ( 'NONE',  ( 0.000000000000000000, -0.000000000000000000, -1.000000000000000000 ) ) ;
#2642 =( NAMED_UNIT ( * ) PLANE_ANGLE_UNIT ( ) SI_UNIT ( $, .RADIAN. ) );
#2643 =( LENGTH_UNIT ( ) NAMED_UNIT ( * ) SI_UNIT ( .MILLI., .METRE. ) );
#2644 = LINE ( 'NONE', #5614, #715 ) ;
#2645 = EDGE_CURVE ( 'NONE', #4491, #5125, #1171, .T. ) ;
#2646 = EDGE_CURVE ( 'NONE', #2817, #159, #544, .T. ) ;
#2647 = STYLED_ITEM ( 'NONE', ( #1377 ), #369 ) ;
#2648 = VERTEX_POINT ( 'NONE', #5613 ) ;
#2649 = EDGE_LOOP ( 'NONE', ( #672, #5545, #3367, #2829 ) ) ;
#2650 = CARTESIAN_POINT ( 'NONE',  ( 3.800000000000000266, 3.790000000000000036, 0.5000000000000000000 ) ) ;
#2651 = PRESENTATION_LAYER_ASSIGNMENT (  '', '', ( #1447 ) ) ;
#2652 = EDGE_CURVE ( 'NONE', #577, #3168, #2095, .T. ) ;
#2653 = CARTESIAN_POINT ( 'NONE',  ( 1.399999999999997247, 5.790000000000000036, 0.000000000000000000 ) ) ;
#2654 = FILL_AREA_STYLE ('',( #4324 ) ) ;
#2655 =( GEOMETRIC_REPRESENTATION_CONTEXT ( 3 ) GLOBAL_UNCERTAINTY_ASSIGNED_CONTEXT ( ( #221 ) ) GLOBAL_UNIT_ASSIGNED_CONTEXT ( ( #421, #4370, #3482 ) ) REPRESENTATION_CONTEXT ( 'NONE', 'WORKASPACE' ) );
#2656 =( NAMED_UNIT ( * ) SI_UNIT ( $, .STERADIAN. ) SOLID_ANGLE_UNIT ( ) );
#2657 = ORIENTED_EDGE ( 'NONE', *, *, #3678, .F. ) ;
#2658 = DIRECTION ( 'NONE',  ( 1.000000000000000000, 0.000000000000000000, -0.000000000000000000 ) ) ;
#2659 = CARTESIAN_POINT ( 'NONE',  ( -0.5999999999999998668, -5.840000000000001634, 0.5000000000000000000 ) ) ;
#2660 = CARTESIAN_POINT ( 'NONE',  ( 3.400000000000001243, 0.000000000000000000, 0.000000000000000000 ) ) ;
#2661 = VECTOR ( 'NONE', #4602, 1000.000000000000000 ) ;
#2662 = ORIENTED_EDGE ( 'NONE', *, *, #3688, .F. ) ;
#2663 =( NAMED_UNIT ( * ) PLANE_ANGLE_UNIT ( ) SI_UNIT ( $, .RADIAN. ) );
#2664 = CARTESIAN_POINT ( 'NONE',  ( 3.400000000000001243, 5.190000000000000391, 0.5000000000000000000 ) ) ;
#2665 = LINE ( 'NONE', #446, #1089 ) ;
#2666 = DIRECTION ( 'NONE',  ( 1.000000000000000000, -1.680703123035279354E-16, 0.000000000000000000 ) ) ;
#2667 = VECTOR ( 'NONE', #3615, 1000.000000000000000 ) ;
#2668 = ORIENTED_EDGE ( 'NONE', *, *, #507, .T. ) ;
#2669 = ORIENTED_EDGE ( 'NONE', *, *, #744, .F. ) ;
#2670 = DIRECTION ( 'NONE',  ( 0.000000000000000000, 0.000000000000000000, 1.000000000000000000 ) ) ;
#2671 = VECTOR ( 'NONE', #2916, 1000.000000000000000 ) ;
#2672 =( NAMED_UNIT ( * ) SI_UNIT ( $, .STERADIAN. ) SOLID_ANGLE_UNIT ( ) );
#2673 = ORIENTED_EDGE ( 'NONE', *, *, #1898, .F. ) ;
#2674 = DIRECTION ( 'NONE',  ( 0.000000000000000000, 1.000000000000000000, 0.000000000000000000 ) ) ;
#2675 = CARTESIAN_POINT ( 'NONE',  ( -4.800973193125840588, -5.190000000000000391, 0.5999999999999569011 ) ) ;
#2676 = DIRECTION ( 'NONE',  ( 0.000000000000000000, 0.000000000000000000, -1.000000000000000000 ) ) ;
#2677 = AXIS2_PLACEMENT_3D ( 'NONE', #5584, #4601, #2906 ) ;
#2678 = DIRECTION ( 'NONE',  ( -0.000000000000000000, -0.000000000000000000, -1.000000000000000000 ) ) ;
#2679 = EDGE_CURVE ( 'NONE', #3867, #4619, #1786, .T. ) ;
#2680 = EDGE_CURVE ( 'NONE', #2549, #1484, #2639, .T. ) ;
#2681 = ORIENTED_EDGE ( 'NONE', *, *, #466, .T. ) ;
#2682 =( NAMED_UNIT ( * ) SI_UNIT ( $, .STERADIAN. ) SOLID_ANGLE_UNIT ( ) );
#2683 = DIRECTION ( 'NONE',  ( 1.000000000000000000, 0.000000000000000000, 0.000000000000000000 ) ) ;
#2684 = DIRECTION ( 'NONE',  ( 0.000000000000000000, 1.000000000000000000, -0.000000000000000000 ) ) ;
#2685 = PRESENTATION_LAYER_ASSIGNMENT (  '', '', ( #3715 ) ) ;
#2686 = AXIS2_PLACEMENT_3D ( 'NONE', #611, #3730, #1541 ) ;
#2687 =( LENGTH_UNIT ( ) NAMED_UNIT ( * ) SI_UNIT ( .MILLI., .METRE. ) );
#2688 =( LENGTH_UNIT ( ) NAMED_UNIT ( * ) SI_UNIT ( .MILLI., .METRE. ) );
#2689 = ORIENTED_EDGE ( 'NONE', *, *, #5221, .F. ) ;
#2690 = CARTESIAN_POINT ( 'NONE',  ( -4.899999999999999467, 5.190000000000000391, 0.5000000000000000000 ) ) ;
#2691 = PRESENTATION_STYLE_ASSIGNMENT (( #1388 ) ) ;
#2692 = FACE_OUTER_BOUND ( 'NONE', #2143, .T. ) ;
#2693 = UNCERTAINTY_MEASURE_WITH_UNIT (LENGTH_MEASURE( 1.000000000000000082E-05 ), #774, 'distance_accuracy_value', 'NONE');
#2694 = LINE ( 'NONE', #2257, #99 ) ;
#2695 = CARTESIAN_POINT ( 'NONE',  ( 4.560097823754071911, 4.850097823754071946, 2.299999999999999822 ) ) ;
#2696 = DIRECTION ( 'NONE',  ( -0.000000000000000000, 0.000000000000000000, 1.000000000000000000 ) ) ;
#2697 = SURFACE_SIDE_STYLE ('',( #3131 ) ) ;
#2698 = VERTEX_POINT ( 'NONE', #871 ) ;
#2699 = VERTEX_POINT ( 'NONE', #4911 ) ;
#2700 = ORIENTED_EDGE ( 'NONE', *, *, #4764, .F. ) ;
#2701 =( LENGTH_UNIT ( ) NAMED_UNIT ( * ) SI_UNIT ( .MILLI., .METRE. ) );
#2702 = DIRECTION ( 'NONE',  ( -6.722812492141117417E-16, 1.000000000000000000, -0.000000000000000000 ) ) ;
#2703 = FACE_OUTER_BOUND ( 'NONE', #3727, .T. ) ;
#2704 = LINE ( 'NONE', #1402, #1733 ) ;
#2705 = CARTESIAN_POINT ( 'NONE',  ( 4.600000000000000533, 3.790000000000000036, 0.000000000000000000 ) ) ;
#2706 = DIRECTION ( 'NONE',  ( 0.000000000000000000, 0.000000000000000000, 1.000000000000000000 ) ) ;
#2707 = ORIENTED_EDGE ( 'NONE', *, *, #1201, .F. ) ;
#2708 = LINE ( 'NONE', #5335, #5371 ) ;
#2709 = PLANE ( 'NONE',  #2007 ) ;
#2710 = DIRECTION ( 'NONE',  ( -0.000000000000000000, 1.000000000000000000, 0.000000000000000000 ) ) ;
#2711 = STYLED_ITEM ( 'NONE', ( #2198 ), #4729 ) ;
#2712 = EDGE_CURVE ( 'NONE', #5171, #115, #1631, .T. ) ;
#2713 = EDGE_CURVE ( 'NONE', #5068, #2739, #3987, .T. ) ;
#2714 = DIRECTION ( 'NONE',  ( -1.000000000000000000, -8.356086107788086850E-17, 0.000000000000000000 ) ) ;
#2715 = ORIENTED_EDGE ( 'NONE', *, *, #1099, .F. ) ;
#2716 = ORIENTED_EDGE ( 'NONE', *, *, #1372, .F. ) ;
#2717 = SURFACE_SIDE_STYLE ('',( #93 ) ) ;
#2718 =( LENGTH_UNIT ( ) NAMED_UNIT ( * ) SI_UNIT ( .MILLI., .METRE. ) );
#2719 = EDGE_CURVE ( 'NONE', #3286, #2318, #1763, .T. ) ;
#2720 = CARTESIAN_POINT ( 'NONE',  ( -3.400000000000011902, 5.190000000000000391, 0.000000000000000000 ) ) ;
#2721 =( LENGTH_UNIT ( ) NAMED_UNIT ( * ) SI_UNIT ( .MILLI., .METRE. ) );
#2722 = VERTEX_POINT ( 'NONE', #4724 ) ;
#2723 =( GEOMETRIC_REPRESENTATION_CONTEXT ( 3 ) GLOBAL_UNCERTAINTY_ASSIGNED_CONTEXT ( ( #782 ) ) GLOBAL_UNIT_ASSIGNED_CONTEXT ( ( #2744, #3154, #2835 ) ) REPRESENTATION_CONTEXT ( 'NONE', 'WORKASPACE' ) );
#2724 = DIRECTION ( 'NONE',  ( 0.000000000000000000, 0.000000000000000000, -1.000000000000000000 ) ) ;
#2725 = DIRECTION ( 'NONE',  ( 0.000000000000000000, 0.000000000000000000, -1.000000000000000000 ) ) ;
#2726 = DIRECTION ( 'NONE',  ( -0.000000000000000000, 1.000000000000000000, -0.000000000000000000 ) ) ;
#2727 = ORIENTED_EDGE ( 'NONE', *, *, #3398, .T. ) ;
#2728 =( GEOMETRIC_REPRESENTATION_CONTEXT ( 3 ) GLOBAL_UNCERTAINTY_ASSIGNED_CONTEXT ( ( #239 ) ) GLOBAL_UNIT_ASSIGNED_CONTEXT ( ( #3978, #5762, #4793 ) ) REPRESENTATION_CONTEXT ( 'NONE', 'WORKASPACE' ) );
#2729 =( BOUNDED_CURVE ( )  B_SPLINE_CURVE ( 3, ( #2675, #3873, #2241, #2956 ),
 .UNSPECIFIED., .F., .T. ) 
 B_SPLINE_CURVE_WITH_KNOTS ( ( 4, 4 ),
 ( 3.160963016926727320, 3.936675998655708941 ),
 .UNSPECIFIED. ) 
 CURVE ( )  GEOMETRIC_REPRESENTATION_ITEM ( )  RATIONAL_B_SPLINE_CURVE ( ( 1.000000000000000000, 0.9504812478446608148, 0.9504812478446608148, 1.000000000000000000 ) ) 
 REPRESENTATION_ITEM ( '' )  );
#2730 = EDGE_LOOP ( 'NONE', ( #2991, #4089, #2883, #4517 ) ) ;
#2731 = VERTEX_POINT ( 'NONE', #4411 ) ;
#2732 = SURFACE_SIDE_STYLE ('',( #907 ) ) ;
#2733 = DIRECTION ( 'NONE',  ( 0.000000000000000000, 0.000000000000000000, -1.000000000000000000 ) ) ;
#2734 = ORIENTED_EDGE ( 'NONE', *, *, #2088, .T. ) ;
#2735 =( NAMED_UNIT ( * ) SI_UNIT ( $, .STERADIAN. ) SOLID_ANGLE_UNIT ( ) );
#2736 = CARTESIAN_POINT ( 'NONE',  ( 4.182670137274078215, -1.790000000000002478, 0.5000000000000000000 ) ) ;
#2737 = FILL_AREA_STYLE_COLOUR ( '', #2168 ) ;
#2738 = CIRCLE ( 'NONE', #5075, 0.1000000000000001166 ) ;
#2739 = VERTEX_POINT ( 'NONE', #3536 ) ;
#2740 = DIRECTION ( 'NONE',  ( -2.521054684552918662E-16, 1.000000000000000000, -0.000000000000000000 ) ) ;
#2741 = LINE ( 'NONE', #4519, #1581 ) ;
#2742 = VECTOR ( 'NONE', #4896, 1000.000000000000000 ) ;
#2743 =( NAMED_UNIT ( * ) PLANE_ANGLE_UNIT ( ) SI_UNIT ( $, .RADIAN. ) );
#2744 =( LENGTH_UNIT ( ) NAMED_UNIT ( * ) SI_UNIT ( .MILLI., .METRE. ) );
#2745 = EDGE_CURVE ( 'NONE', #5084, #4926, #3854, .T. ) ;
#2746 = ORIENTED_EDGE ( 'NONE', *, *, #1782, .T. ) ;
#2747 = CARTESIAN_POINT ( 'NONE',  ( -2.600000000000012079, 5.190000000000000391, 0.000000000000000000 ) ) ;
#2748 = EDGE_CURVE ( 'NONE', #2293, #5356, #1203, .T. ) ;
#2749 = CARTESIAN_POINT ( 'NONE',  ( 0.9999999999999947820, 5.190000000000000391, 2.399999999999999911 ) ) ;
#2750 = FILL_AREA_STYLE ('',( #3595 ) ) ;
#2751 = CARTESIAN_POINT ( 'NONE',  ( -3.800000000000013589, 5.790000000000000036, 0.5000000000000000000 ) ) ;
#2752 = MECHANICAL_DESIGN_GEOMETRIC_PRESENTATION_REPRESENTATION (  '', ( #719 ), #237 ) ;
#2753 = DIRECTION ( 'NONE',  ( 0.000000000000000000, 0.000000000000000000, -1.000000000000000000 ) ) ;
#2754 = EDGE_CURVE ( 'NONE', #30, #666, #3884, .T. ) ;
#2755 = ORIENTED_EDGE ( 'NONE', *, *, #3074, .T. ) ;
#2756 = EDGE_CURVE ( 'NONE', #5466, #3450, #2535, .T. ) ;
#2757 = CARTESIAN_POINT ( 'NONE',  ( -4.823259234548942231, -1.790000000000002478, 0.5000000000000000000 ) ) ;
#2758 = VECTOR ( 'NONE', #4624, 1000.000000000000000 ) ;
#2759 = CARTESIAN_POINT ( 'NONE',  ( -1.000000000000007327, 5.790000000000000036, 0.000000000000000000 ) ) ;
#2760 = ORIENTED_EDGE ( 'NONE', *, *, #2121, .T. ) ;
#2761 = STYLED_ITEM ( 'NONE', ( #5160 ), #1746 ) ;
#2762 = VERTEX_POINT ( 'NONE', #5640 ) ;
#2763 = LINE ( 'NONE', #4895, #4828 ) ;
#2764 = DIRECTION ( 'NONE',  ( 0.000000000000000000, 0.000000000000000000, -1.000000000000000000 ) ) ;
#2765 = VERTEX_POINT ( 'NONE', #924 ) ;
#2766 = CARTESIAN_POINT ( 'NONE',  ( 0.1999999999999948763, 5.790000000000000036, 0.5000000000000000000 ) ) ;
#2767 = CARTESIAN_POINT ( 'NONE',  ( -4.182670137274078215, -5.090000000000002522, 0.5000000000000000000 ) ) ;
#2768 = COLOUR_RGB ( '',0.8431372549019607865, 0.8431372549019607865, 0.8431372549019607865 ) ;
#2769 =( GEOMETRIC_REPRESENTATION_CONTEXT ( 3 ) GLOBAL_UNCERTAINTY_ASSIGNED_CONTEXT ( ( #4957 ) ) GLOBAL_UNIT_ASSIGNED_CONTEXT ( ( #1213, #3928, #1695 ) ) REPRESENTATION_CONTEXT ( 'NONE', 'WORKASPACE' ) );
#2770 = ORIENTED_EDGE ( 'NONE', *, *, #5637, .F. ) ;
#2771 = DIRECTION ( 'NONE',  ( 0.000000000000000000, 0.000000000000000000, -1.000000000000000000 ) ) ;
#2772 = CARTESIAN_POINT ( 'NONE',  ( -4.600000000000013856, 5.790000000000000036, 0.5000000000000000000 ) ) ;
#2773 = FILL_AREA_STYLE_COLOUR ( '', #2768 ) ;
#2774 = VECTOR ( 'NONE', #4707, 1000.000000000000000 ) ;
#2775 =( GEOMETRIC_REPRESENTATION_CONTEXT ( 3 ) GLOBAL_UNCERTAINTY_ASSIGNED_CONTEXT ( ( #1876 ) ) GLOBAL_UNIT_ASSIGNED_CONTEXT ( ( #1233, #3971, #799 ) ) REPRESENTATION_CONTEXT ( 'NONE', 'WORKASPACE' ) );
#2776 = DIRECTION ( 'NONE',  ( 0.000000000000000000, 0.000000000000000000, -1.000000000000000000 ) ) ;
#2777 = ORIENTED_EDGE ( 'NONE', *, *, #5429, .F. ) ;
#2778 = ORIENTED_EDGE ( 'NONE', *, *, #3037, .F. ) ;
#2779 =( LENGTH_UNIT ( ) NAMED_UNIT ( * ) SI_UNIT ( .MILLI., .METRE. ) );
#2780 = PRESENTATION_LAYER_ASSIGNMENT (  '', '', ( #5019 ) ) ;
#2781 = PLANE ( 'NONE',  #2311 ) ;
#2782 = DIRECTION ( 'NONE',  ( 1.000000000000000000, 0.000000000000000000, -0.000000000000000000 ) ) ;
#2783 = EDGE_CURVE ( 'NONE', #2186, #964, #1662, .T. ) ;
#2784 = VECTOR ( 'NONE', #2615, 1000.000000000000000 ) ;
#2785 = FILL_AREA_STYLE_COLOUR ( '', #770 ) ;
#2786 = MECHANICAL_DESIGN_GEOMETRIC_PRESENTATION_REPRESENTATION (  '', ( #2037 ), #4006 ) ;
#2787 = ORIENTED_EDGE ( 'NONE', *, *, #5501, .T. ) ;
#2788 = PRESENTATION_LAYER_ASSIGNMENT (  '', '', ( #5027 ) ) ;
#2789 = CARTESIAN_POINT ( 'NONE',  ( 1.399999999999997469, 4.499823100075543536, 0.5000000000000000000 ) ) ;
#2790 = EDGE_CURVE ( 'NONE', #4491, #5277, #3099, .T. ) ;
#2791 = EDGE_CURVE ( 'NONE', #2492, #3806, #7, .T. ) ;
#2792 = VERTEX_POINT ( 'NONE', #2664 ) ;
#2793 = ORIENTED_EDGE ( 'NONE', *, *, #2576, .F. ) ;
#2794 = SURFACE_SIDE_STYLE ('',( #553 ) ) ;
#2795 = DIRECTION ( 'NONE',  ( 0.000000000000000000, -1.000000000000000000, 0.000000000000000000 ) ) ;
#2796 = LINE ( 'NONE', #2360, #625 ) ;
#2797 =( GEOMETRIC_REPRESENTATION_CONTEXT ( 3 ) GLOBAL_UNCERTAINTY_ASSIGNED_CONTEXT ( ( #5033 ) ) GLOBAL_UNIT_ASSIGNED_CONTEXT ( ( #2799, #5449, #4574 ) ) REPRESENTATION_CONTEXT ( 'NONE', 'WORKASPACE' ) );
#2798 = UNCERTAINTY_MEASURE_WITH_UNIT (LENGTH_MEASURE( 1.000000000000000082E-05 ), #5030, 'distance_accuracy_value', 'NONE');
#2799 =( LENGTH_UNIT ( ) NAMED_UNIT ( * ) SI_UNIT ( .MILLI., .METRE. ) );
#2800 = FACE_OUTER_BOUND ( 'NONE', #3396, .T. ) ;
#2801 = VECTOR ( 'NONE', #4246, 1000.000000000000000 ) ;
#2802 = ORIENTED_EDGE ( 'NONE', *, *, #8, .T. ) ;
#2803 = DIRECTION ( 'NONE',  ( -0.000000000000000000, -1.000000000000000000, -0.000000000000000000 ) ) ;
#2804 = CARTESIAN_POINT ( 'NONE',  ( -1.000000000000007327, 5.790000000000000036, 0.5000000000000000000 ) ) ;
#2805 = DIRECTION ( 'NONE',  ( 0.9902680687415710281, 0.000000000000000000, -0.1391731009600615798 ) ) ;
#2806 = CARTESIAN_POINT ( 'NONE',  ( 4.182670137274078215, -1.790000000000002478, 0.5000000000000000000 ) ) ;
#2807 = SURFACE_STYLE_FILL_AREA ( #1038 ) ;
#2808 = EDGE_LOOP ( 'NONE', ( #1005, #3830, #2412, #3682 ) ) ;
#2809 = COLOUR_RGB ( '',0.8431372549019607865, 0.8431372549019607865, 0.8431372549019607865 ) ;
#2810 = CARTESIAN_POINT ( 'NONE',  ( 4.823259234548942231, 0.8099999999999973888, 0.5000000000000000000 ) ) ;
#2811 =( NAMED_UNIT ( * ) PLANE_ANGLE_UNIT ( ) SI_UNIT ( $, .RADIAN. ) );
#2812 = UNCERTAINTY_MEASURE_WITH_UNIT (LENGTH_MEASURE( 1.000000000000000082E-05 ), #693, 'distance_accuracy_value', 'NONE');
#2813 = STYLED_ITEM ( 'NONE', ( #2547 ), #4899 ) ;
#2814 = SURFACE_SIDE_STYLE ('',( #540 ) ) ;
#2815 = ORIENTED_EDGE ( 'NONE', *, *, #1262, .T. ) ;
#2816 = STYLED_ITEM ( 'NONE', ( #4547 ), #5007 ) ;
#2817 = VERTEX_POINT ( 'NONE', #445 ) ;
#2818 = MECHANICAL_DESIGN_GEOMETRIC_PRESENTATION_REPRESENTATION (  '', ( #876 ), #1518 ) ;
#2819 = ORIENTED_EDGE ( 'NONE', *, *, #3537, .T. ) ;
#2820 = EDGE_CURVE ( 'NONE', #1739, #4982, #357, .T. ) ;
#2821 = CARTESIAN_POINT ( 'NONE',  ( -4.149999999999999467, -5.840000000000002522, 0.5000000000000000000 ) ) ;
#2822 = EDGE_CURVE ( 'NONE', #641, #1910, #2253, .T. ) ;
#2823 = CARTESIAN_POINT ( 'NONE',  ( 0.9999999999999947820, 4.499823100075543536, 0.000000000000000000 ) ) ;
#2824 = DIRECTION ( 'NONE',  ( -0.000000000000000000, -0.000000000000000000, -1.000000000000000000 ) ) ;
#2825 = COLOUR_RGB ( '',0.7921568627450980005, 0.8196078431372548767, 0.9333333333333333481 ) ;
#2826 = LINE ( 'NONE', #2880, #4633 ) ;
#2827 =( NAMED_UNIT ( * ) SI_UNIT ( $, .STERADIAN. ) SOLID_ANGLE_UNIT ( ) );
#2828 = FILL_AREA_STYLE ('',( #1520 ) ) ;
#2829 = ORIENTED_EDGE ( 'NONE', *, *, #3757, .T. ) ;
#2830 = DIRECTION ( 'NONE',  ( -1.680703123035279354E-16, 1.000000000000000000, -0.000000000000000000 ) ) ;
#2831 = ADVANCED_FACE ( 'NONE', ( #3247 ), #629, .T. ) ;
#2832 = PRESENTATION_STYLE_ASSIGNMENT (( #1434 ) ) ;
#2833 = VECTOR ( 'NONE', #5379, 1000.000000000000000 ) ;
#2834 = VECTOR ( 'NONE', #4381, 1000.000000000000000 ) ;
#2835 =( NAMED_UNIT ( * ) SI_UNIT ( $, .STERADIAN. ) SOLID_ANGLE_UNIT ( ) );
#2836 = ORIENTED_EDGE ( 'NONE', *, *, #1328, .F. ) ;
#2837 = CARTESIAN_POINT ( 'NONE',  ( -3.937576565366517567, 0.8099999999999973888, 0.5000000000000000000 ) ) ;
#2838 = DIRECTION ( 'NONE',  ( -6.722812492141117417E-16, 1.000000000000000000, -0.000000000000000000 ) ) ;
#2839 = LINE ( 'NONE', #1387, #3246 ) ;
#2840 =( NAMED_UNIT ( * ) SI_UNIT ( $, .STERADIAN. ) SOLID_ANGLE_UNIT ( ) );
#2841 = ORIENTED_EDGE ( 'NONE', *, *, #1542, .T. ) ;
#2842 = SPHERICAL_SURFACE ( 'NONE', #4484, 0.1000000000000000056 ) ;
#2843 = VERTEX_POINT ( 'NONE', #32 ) ;
#2844 = MECHANICAL_DESIGN_GEOMETRIC_PRESENTATION_REPRESENTATION (  '', ( #1912 ), #330 ) ;
#2845 = VERTEX_POINT ( 'NONE', #4492 ) ;
#2846 = ORIENTED_EDGE ( 'NONE', *, *, #1712, .F. ) ;
#2847 = PRESENTATION_STYLE_ASSIGNMENT (( #1982 ) ) ;
#2848 = CARTESIAN_POINT ( 'NONE',  ( -3.937576565366517567, 0.9099999999999973666, 0.5000000000000000000 ) ) ;
#2849 = CARTESIAN_POINT ( 'NONE',  ( 3.897026497535696077, 4.187026497535694780, 2.399999999999999911 ) ) ;
#2850 = DIRECTION ( 'NONE',  ( 1.000000000000000000, -2.443272501375785946E-16, 0.000000000000000000 ) ) ;
#2851 =( GEOMETRIC_REPRESENTATION_CONTEXT ( 3 ) GLOBAL_UNCERTAINTY_ASSIGNED_CONTEXT ( ( #2508 ) ) GLOBAL_UNIT_ASSIGNED_CONTEXT ( ( #5585, #1603, #1087 ) ) REPRESENTATION_CONTEXT ( 'NONE', 'WORKASPACE' ) );
#2852 = EDGE_CURVE ( 'NONE', #1730, #4491, #1842, .T. ) ;
#2853 = CARTESIAN_POINT ( 'NONE',  ( 4.272026497535696521, 4.187026497535694780, 2.389999999999999680 ) ) ;
#2854 = ORIENTED_EDGE ( 'NONE', *, *, #2719, .T. ) ;
#2855 = CARTESIAN_POINT ( 'NONE',  ( 4.600000000000000533, 3.790000000000000036, 0.5000000000000000000 ) ) ;
#2856 = ORIENTED_EDGE ( 'NONE', *, *, #2852, .T. ) ;
#2857 = EDGE_CURVE ( 'NONE', #520, #2293, #118, .T. ) ;
#2858 = EDGE_CURVE ( 'NONE', #1539, #5458, #3593, .T. ) ;
#2859 = DIRECTION ( 'NONE',  ( 0.000000000000000000, 1.000000000000000000, -0.000000000000000000 ) ) ;
#2860 = AXIS2_PLACEMENT_3D ( 'NONE', #2837, #5167, #4620 ) ;
#2861 = CARTESIAN_POINT ( 'NONE',  ( -0.5999999999999998668, -5.540000000000001812, 0.5000000000000000000 ) ) ;
#2862 = ORIENTED_EDGE ( 'NONE', *, *, #109, .F. ) ;
#2863 =( NAMED_UNIT ( * ) PLANE_ANGLE_UNIT ( ) SI_UNIT ( $, .RADIAN. ) );
#2864 = VECTOR ( 'NONE', #20, 1000.000000000000000 ) ;
#2865 = PRESENTATION_LAYER_ASSIGNMENT (  '', '', ( #831 ) ) ;
#2866 = UNCERTAINTY_MEASURE_WITH_UNIT (LENGTH_MEASURE( 1.000000000000000082E-05 ), #2454, 'distance_accuracy_value', 'NONE');
#2867 = ORIENTED_EDGE ( 'NONE', *, *, #3566, .F. ) ;
#2868 = CARTESIAN_POINT ( 'NONE',  ( -4.823259234548942231, -5.840000000000002522, 0.000000000000000000 ) ) ;
#2869 = LINE ( 'NONE', #1136, #3380 ) ;
#2870 = COLOUR_RGB ( '',0.8431372549019607865, 0.8431372549019607865, 0.8431372549019607865 ) ;
#2871 = MECHANICAL_DESIGN_GEOMETRIC_PRESENTATION_REPRESENTATION (  '', ( #4279 ), #5478 ) ;
#2872 = VERTEX_POINT ( 'NONE', #3272 ) ;
#2873 = PRESENTATION_STYLE_ASSIGNMENT (( #2006 ) ) ;
#2874 =( NAMED_UNIT ( * ) SI_UNIT ( $, .STERADIAN. ) SOLID_ANGLE_UNIT ( ) );
#2875 =( GEOMETRIC_REPRESENTATION_CONTEXT ( 3 ) GLOBAL_UNCERTAINTY_ASSIGNED_CONTEXT ( ( #1009 ) ) GLOBAL_UNIT_ASSIGNED_CONTEXT ( ( #5232, #389, #2560 ) ) REPRESENTATION_CONTEXT ( 'NONE', 'WORKASPACE' ) );
#2876 = PRESENTATION_LAYER_ASSIGNMENT (  '', '', ( #3824 ) ) ;
#2877 = ORIENTED_EDGE ( 'NONE', *, *, #4109, .F. ) ;
#2878 = EDGE_LOOP ( 'NONE', ( #2388, #2778, #1825, #3644 ) ) ;
#2879 = FACE_OUTER_BOUND ( 'NONE', #4894, .T. ) ;
#2880 = CARTESIAN_POINT ( 'NONE',  ( -4.182670137274078215, -1.790000000000002478, 0.5000000000000000000 ) ) ;
#2881 = FILL_AREA_STYLE_COLOUR ( '', #5404 ) ;
#2882 = CARTESIAN_POINT ( 'NONE',  ( -4.182670137274078215, -1.790000000000002478, 0.5000000000000000000 ) ) ;
#2883 = ORIENTED_EDGE ( 'NONE', *, *, #2645, .F. ) ;
#2884 =( LENGTH_UNIT ( ) NAMED_UNIT ( * ) SI_UNIT ( .MILLI., .METRE. ) );
#2885 =( NAMED_UNIT ( * ) PLANE_ANGLE_UNIT ( ) SI_UNIT ( $, .RADIAN. ) );
#2886 = CARTESIAN_POINT ( 'NONE',  ( -0.2000000000000075606, 4.499823100075543536, 0.000000000000000000 ) ) ;
#2887 = CARTESIAN_POINT ( 'NONE',  ( 0.5999999999999998668, -5.840000000000001634, 0.5000000000000000000 ) ) ;
#2888 = ORIENTED_EDGE ( 'NONE', *, *, #2158, .F. ) ;
#2889 =( NAMED_UNIT ( * ) PLANE_ANGLE_UNIT ( ) SI_UNIT ( $, .RADIAN. ) );
#2890 = DIRECTION ( 'NONE',  ( 1.000000000000000000, -0.000000000000000000, -0.000000000000000000 ) ) ;
#2891 = ADVANCED_FACE ( 'NONE', ( #1934 ), #2781, .F. ) ;
#2892 = EDGE_CURVE ( 'NONE', #3199, #2988, #149, .T. ) ;
#2893 = CARTESIAN_POINT ( 'NONE',  ( 3.800000000000000711, 5.790000000000000036, 0.5000000000000000000 ) ) ;
#2894 = ORIENTED_EDGE ( 'NONE', *, *, #699, .F. ) ;
#2895 = CARTESIAN_POINT ( 'NONE',  ( 4.823259234548942231, -5.090000000000002522, 0.5000000000000000000 ) ) ;
#2896 = CARTESIAN_POINT ( 'NONE',  ( 4.823259234548942231, -5.090000000000002522, 0.000000000000000000 ) ) ;
#2897 = ORIENTED_EDGE ( 'NONE', *, *, #3436, .T. ) ;
#2898 = DIRECTION ( 'NONE',  ( -0.000000000000000000, 0.000000000000000000, -1.000000000000000000 ) ) ;
#2899 = EDGE_CURVE ( 'NONE', #666, #2945, #2839, .T. ) ;
#2900 =( NAMED_UNIT ( * ) PLANE_ANGLE_UNIT ( ) SI_UNIT ( $, .RADIAN. ) );
#2901 = LINE ( 'NONE', #4696, #751 ) ;
#2902 = COLOUR_RGB ( '',0.2941176470588235392, 0.2941176470588235392, 0.2941176470588235392 ) ;
#2903 = ORIENTED_EDGE ( 'NONE', *, *, #5533, .F. ) ;
#2904 = CARTESIAN_POINT ( 'NONE',  ( 4.149999999999999467, -5.840000000000002522, 0.5000000000000000000 ) ) ;
#2905 = CARTESIAN_POINT ( 'NONE',  ( 2.199999999999997069, 5.190000000000000391, 0.5000000000000000000 ) ) ;
#2906 = DIRECTION ( 'NONE',  ( 1.000000000000000000, 0.000000000000000000, 0.000000000000000000 ) ) ;
#2907 = LINE ( 'NONE', #2479, #152 ) ;
#2908 = UNCERTAINTY_MEASURE_WITH_UNIT (LENGTH_MEASURE( 1.000000000000000082E-05 ), #1202, 'distance_accuracy_value', 'NONE');
#2909 = PRESENTATION_STYLE_ASSIGNMENT (( #4675 ) ) ;
#2910 = VECTOR ( 'NONE', #5004, 1000.000000000000000 ) ;
#2911 =( NAMED_UNIT ( * ) SI_UNIT ( $, .STERADIAN. ) SOLID_ANGLE_UNIT ( ) );
#2912 = ORIENTED_EDGE ( 'NONE', *, *, #5398, .F. ) ;
#2913 = SURFACE_STYLE_USAGE ( .BOTH. , #1583 ) ;
#2914 = VECTOR ( 'NONE', #4433, 1000.000000000000000 ) ;
#2915 = SURFACE_STYLE_FILL_AREA ( #5590 ) ;
#2916 = DIRECTION ( 'NONE',  ( 0.000000000000000000, 0.000000000000000000, -1.000000000000000000 ) ) ;
#2917 = LINE ( 'NONE', #1181, #2517 ) ;
#2918 = CARTESIAN_POINT ( 'NONE',  ( -0.2000000000000074496, 5.790000000000000036, 0.5000000000000000000 ) ) ;
#2919 = MECHANICAL_DESIGN_GEOMETRIC_PRESENTATION_REPRESENTATION (  '', ( #121 ), #5252 ) ;
#2920 = EDGE_LOOP ( 'NONE', ( #4285, #5434, #61, #4290 ) ) ;
#2921 = FILL_AREA_STYLE_COLOUR ( '', #348 ) ;
#2922 = CARTESIAN_POINT ( 'NONE',  ( 0.1999999999999952094, 4.499823100075543536, 0.5000000000000000000 ) ) ;
#2923 = FILL_AREA_STYLE_COLOUR ( '', #3694 ) ;
#2924 = UNCERTAINTY_MEASURE_WITH_UNIT (LENGTH_MEASURE( 1.000000000000000082E-05 ), #4960, 'distance_accuracy_value', 'NONE');
#2925 = AXIS2_PLACEMENT_3D ( 'NONE', #1697, #5683, #915 ) ;
#2926 = ORIENTED_EDGE ( 'NONE', *, *, #3050, .T. ) ;
#2927 = CARTESIAN_POINT ( 'NONE',  ( -1.400000000000009681, 5.790000000000000036, 0.5000000000000000000 ) ) ;
#2928 = EDGE_CURVE ( 'NONE', #4794, #5383, #3814, .T. ) ;
#2929 = CARTESIAN_POINT ( 'NONE',  ( 4.899999999999999467, 5.190000000000000391, 0.000000000000000000 ) ) ;
#2930 = VERTEX_POINT ( 'NONE', #5087 ) ;
#2931 = SURFACE_SIDE_STYLE ('',( #1165 ) ) ;
#2932 = AXIS2_PLACEMENT_3D ( 'NONE', #1286, #2190, #5705 ) ;
#2933 = DIRECTION ( 'NONE',  ( 0.000000000000000000, 0.000000000000000000, 1.000000000000000000 ) ) ;
#2934 = LINE ( 'NONE', #4365, #549 ) ;
#2935 = VECTOR ( 'NONE', #3171, 1000.000000000000000 ) ;
#2936 = ORIENTED_EDGE ( 'NONE', *, *, #3502, .F. ) ;
#2937 = ADVANCED_FACE ( 'NONE', ( #3416 ), #1648, .T. ) ;
#2938 = EDGE_CURVE ( 'NONE', #2401, #3322, #5520, .T. ) ;
#2939 = DIRECTION ( 'NONE',  ( -1.000000000000000000, 0.000000000000000000, 0.000000000000000000 ) ) ;
#2940 = DIRECTION ( 'NONE',  ( -1.671217221557617370E-16, 1.000000000000000000, 0.000000000000000000 ) ) ;
#2941 = LINE ( 'NONE', #192, #5265 ) ;
#2942 = STYLED_ITEM ( 'NONE', ( #1882 ), #1021 ) ;
#2943 = LINE ( 'NONE', #2447, #4441 ) ;
#2944 = DIRECTION ( 'NONE',  ( 0.000000000000000000, 0.000000000000000000, -1.000000000000000000 ) ) ;
#2945 = VERTEX_POINT ( 'NONE', #5203 ) ;
#2946 = VERTEX_POINT ( 'NONE', #3363 ) ;
#2947 = DIRECTION ( 'NONE',  ( 0.000000000000000000, 0.000000000000000000, 1.000000000000000000 ) ) ;
#2948 = PRESENTATION_STYLE_ASSIGNMENT (( #3323 ) ) ;
#2949 = CARTESIAN_POINT ( 'NONE',  ( 4.899999999999999467, 5.190000000000000391, 0.000000000000000000 ) ) ;
#2950 = MECHANICAL_DESIGN_GEOMETRIC_PRESENTATION_REPRESENTATION (  '', ( #1458 ), #2575 ) ;
#2951 = CARTESIAN_POINT ( 'NONE',  ( -2.200000000000009504, 5.790000000000000036, 0.5000000000000000000 ) ) ;
#2952 =( LENGTH_UNIT ( ) NAMED_UNIT ( * ) SI_UNIT ( .MILLI., .METRE. ) );
#2953 = AXIS2_PLACEMENT_3D ( 'NONE', #4292, #3766, #2944 ) ;
#2954 = ORIENTED_EDGE ( 'NONE', *, *, #3148, .T. ) ;
#2955 = DIRECTION ( 'NONE',  ( 0.000000000000000000, 0.000000000000000000, -1.000000000000000000 ) ) ;
#2956 = CARTESIAN_POINT ( 'NONE',  ( -4.899999999999997691, -5.190000000000000391, 0.3944444506222550828 ) ) ;
#2957 = CARTESIAN_POINT ( 'NONE',  ( -4.823259234548942231, -5.090000000000002522, 0.5000000000000000000 ) ) ;
#2958 = CARTESIAN_POINT ( 'NONE',  ( 4.823259234548942231, -5.190000000000000391, 0.5000000000000000000 ) ) ;
#2959 = EDGE_LOOP ( 'NONE', ( #4230, #3822, #1947, #2210, #3841, #2484, #1713, #3035, #913, #2417, #1148, #2877, #508, #1923, #4591, #4835, #1101, #4697, #2061, #1816, #234, #4350, #4182, #5440, #3575, #2557, #3666, #2201 ) ) ;
#2960 = CARTESIAN_POINT ( 'NONE',  ( 3.800000000000000711, 5.790000000000000036, 0.000000000000000000 ) ) ;
#2961 = COLOUR_RGB ( '',0.8431372549019607865, 0.8431372549019607865, 0.8431372549019607865 ) ;
#2962 = MECHANICAL_DESIGN_GEOMETRIC_PRESENTATION_REPRESENTATION (  '', ( #4268 ), #4356 ) ;
#2963 = EDGE_CURVE ( 'NONE', #2698, #3652, #2460, .T. ) ;
#2964 = VECTOR ( 'NONE', #5475, 1000.000000000000000 ) ;
#2965 = COLOUR_RGB ( '',0.8431372549019607865, 0.8431372549019607865, 0.8431372549019607865 ) ;
#2966 = DIRECTION ( 'NONE',  ( -1.000000000000000000, -0.000000000000000000, -0.000000000000000000 ) ) ;
#2967 = FACE_OUTER_BOUND ( 'NONE', #3972, .T. ) ;
#2968 = VECTOR ( 'NONE', #5157, 1000.000000000000000 ) ;
#2969 =( NAMED_UNIT ( * ) SI_UNIT ( $, .STERADIAN. ) SOLID_ANGLE_UNIT ( ) );
#2970 = EDGE_CURVE ( 'NONE', #813, #3381, #4658, .T. ) ;
#2971 = EDGE_CURVE ( 'NONE', #3179, #520, #1188, .T. ) ;
#2972 = DIRECTION ( 'NONE',  ( 1.000000000000000000, 0.000000000000000000, 0.000000000000000000 ) ) ;
#2973 = ORIENTED_EDGE ( 'NONE', *, *, #3109, .T. ) ;
#2974 = COLOUR_RGB ( '',0.8431372549019607865, 0.8431372549019607865, 0.8431372549019607865 ) ;
#2975 = VECTOR ( 'NONE', #4713, 1000.000000000000000 ) ;
#2976 = ORIENTED_EDGE ( 'NONE', *, *, #151, .T. ) ;
#2977 = PLANE ( 'NONE',  #3142 ) ;
#2978 = LINE ( 'NONE', #4376, #4241 ) ;
#2979 = DIRECTION ( 'NONE',  ( -1.000000000000000000, 0.000000000000000000, 0.000000000000000000 ) ) ;
#2980 = MECHANICAL_DESIGN_GEOMETRIC_PRESENTATION_REPRESENTATION (  '', ( #5486 ), #2607 ) ;
#2981 = CARTESIAN_POINT ( 'NONE',  ( 4.560097823754071911, 4.850097823754071946, 2.399999999999999911 ) ) ;
#2982 = DIRECTION ( 'NONE',  ( 0.000000000000000000, 0.000000000000000000, 1.000000000000000000 ) ) ;
#2983 = ORIENTED_EDGE ( 'NONE', *, *, #3804, .T. ) ;
#2984 = PRESENTATION_STYLE_ASSIGNMENT (( #1214 ) ) ;
#2985 = CARTESIAN_POINT ( 'NONE',  ( -4.182670137274078215, -5.090000000000002522, 0.5000000000000000000 ) ) ;
#2986 = CARTESIAN_POINT ( 'NONE',  ( 4.555099101707707376, 4.746072294833551197, 3.054097408932103797 ) ) ;
#2987 = UNCERTAINTY_MEASURE_WITH_UNIT (LENGTH_MEASURE( 1.000000000000000082E-05 ), #708, 'distance_accuracy_value', 'NONE');
#2988 = VERTEX_POINT ( 'NONE', #1531 ) ;
#2989 = CARTESIAN_POINT ( 'NONE',  ( -3.800000000000013589, 4.499823100075543536, 0.5000000000000000000 ) ) ;
#2990 = CARTESIAN_POINT ( 'NONE',  ( -2.200000000000009059, 5.190000000000000391, 0.000000000000000000 ) ) ;
#2991 = ORIENTED_EDGE ( 'NONE', *, *, #3912, .F. ) ;
#2992 = DIRECTION ( 'NONE',  ( 0.000000000000000000, 0.000000000000000000, 1.000000000000000000 ) ) ;
#2993 = STYLED_ITEM ( 'NONE', ( #3404 ), #4256 ) ;
#2994 = CARTESIAN_POINT ( 'NONE',  ( 0.5999999999999998668, -5.840000000000001634, 0.5000000000000000000 ) ) ;
#2995 = DIRECTION ( 'NONE',  ( 0.000000000000000000, 0.000000000000000000, -1.000000000000000000 ) ) ;
#2996 = VECTOR ( 'NONE', #3161, 1000.000000000000000 ) ;
#2997 = DIRECTION ( 'NONE',  ( 1.000000000000000000, 0.000000000000000000, 0.000000000000000000 ) ) ;
#2998 =( GEOMETRIC_REPRESENTATION_CONTEXT ( 3 ) GLOBAL_UNCERTAINTY_ASSIGNED_CONTEXT ( ( #1073 ) ) GLOBAL_UNIT_ASSIGNED_CONTEXT ( ( #868, #1758, #1349 ) ) REPRESENTATION_CONTEXT ( 'NONE', 'WORKASPACE' ) );
#2999 = DIRECTION ( 'NONE',  ( 1.000000000000000000, 0.000000000000000000, 8.673617379884013384E-15 ) ) ;
#3000 = CARTESIAN_POINT ( 'NONE',  ( -3.937576565366517567, 0.8099999999999973888, 0.5000000000000000000 ) ) ;
#3001 = LINE ( 'NONE', #2128, #1409 ) ;
#3002 = ORIENTED_EDGE ( 'NONE', *, *, #340, .F. ) ;
#3003 = STYLED_ITEM ( 'NONE', ( #4877 ), #4933 ) ;
#3004 = ADVANCED_FACE ( 'NONE', ( #5146 ), #238, .F. ) ;
#3005 = EDGE_CURVE ( 'NONE', #2251, #4098, #753, .T. ) ;
#3006 = ORIENTED_EDGE ( 'NONE', *, *, #2321, .F. ) ;
#3007 = DIRECTION ( 'NONE',  ( -0.000000000000000000, -1.000000000000000000, -0.000000000000000000 ) ) ;
#3008 =( NAMED_UNIT ( * ) SI_UNIT ( $, .STERADIAN. ) SOLID_ANGLE_UNIT ( ) );
#3009 =( GEOMETRIC_REPRESENTATION_CONTEXT ( 3 ) GLOBAL_UNCERTAINTY_ASSIGNED_CONTEXT ( ( #4742 ) ) GLOBAL_UNIT_ASSIGNED_CONTEXT ( ( #820, #5298, #3509 ) ) REPRESENTATION_CONTEXT ( 'NONE', 'WORKASPACE' ) );
#3010 =( NAMED_UNIT ( * ) SI_UNIT ( $, .STERADIAN. ) SOLID_ANGLE_UNIT ( ) );
#3011 = CARTESIAN_POINT ( 'NONE',  ( -4.899999999999999467, 5.190000000000000391, 0.5000000000000000000 ) ) ;
#3012 = EDGE_CURVE ( 'NONE', #110, #4610, #2432, .T. ) ;
#3013 =( GEOMETRIC_REPRESENTATION_CONTEXT ( 3 ) GLOBAL_UNCERTAINTY_ASSIGNED_CONTEXT ( ( #4333 ) ) GLOBAL_UNIT_ASSIGNED_CONTEXT ( ( #2952, #624, #1528 ) ) REPRESENTATION_CONTEXT ( 'NONE', 'WORKASPACE' ) );
#3014 = EDGE_CURVE ( 'NONE', #4384, #5452, #2030, .T. ) ;
#3015 = ORIENTED_EDGE ( 'NONE', *, *, #4147, .T. ) ;
#3016 = LINE ( 'NONE', #4880, #3899 ) ;
#3017 = LINE ( 'NONE', #4796, #800 ) ;
#3018 = CARTESIAN_POINT ( 'NONE',  ( -4.800973193125840588, -5.190000000000000391, 0.5999999999999569011 ) ) ;
#3019 = ORIENTED_EDGE ( 'NONE', *, *, #2398, .F. ) ;
#3020 = LINE ( 'NONE', #5686, #1317 ) ;
#3021 = LINE ( 'NONE', #2172, #2359 ) ;
#3022 = ORIENTED_EDGE ( 'NONE', *, *, #4454, .F. ) ;
#3023 = CARTESIAN_POINT ( 'NONE',  ( 3.937576565366517567, 0.9099999999999973666, 0.000000000000000000 ) ) ;
#3024 = DIRECTION ( 'NONE',  ( 1.000000000000000000, -0.000000000000000000, -0.000000000000000000 ) ) ;
#3025 = ORIENTED_EDGE ( 'NONE', *, *, #3728, .F. ) ;
#3026 = DIRECTION ( 'NONE',  ( 0.000000000000000000, 0.000000000000000000, 1.000000000000000000 ) ) ;
#3027 = DIRECTION ( 'NONE',  ( -1.000000000000000000, 0.000000000000000000, -0.000000000000000000 ) ) ;
#3028 = UNCERTAINTY_MEASURE_WITH_UNIT (LENGTH_MEASURE( 1.000000000000000082E-05 ), #4615, 'distance_accuracy_value', 'NONE');
#3029 = CARTESIAN_POINT ( 'NONE',  ( -0.5999999999999998668, -5.840000000000001634, 0.5000000000000000000 ) ) ;
#3030 = VECTOR ( 'NONE', #1369, 1000.000000000000000 ) ;
#3031 = MECHANICAL_DESIGN_GEOMETRIC_PRESENTATION_REPRESENTATION (  '', ( #3583 ), #1085 ) ;
#3032 = ORIENTED_EDGE ( 'NONE', *, *, #2719, .F. ) ;
#3033 = CARTESIAN_POINT ( 'NONE',  ( -2.200000000000008615, 4.499823100075543536, 0.5000000000000000000 ) ) ;
#3034 =( LENGTH_UNIT ( ) NAMED_UNIT ( * ) SI_UNIT ( .MILLI., .METRE. ) );
#3035 = ORIENTED_EDGE ( 'NONE', *, *, #183, .F. ) ;
#3036 = PLANE ( 'NONE',  #639 ) ;
#3037 = EDGE_CURVE ( 'NONE', #5492, #2463, #4208, .T. ) ;
#3038 = COLOUR_RGB ( '',0.8431372549019607865, 0.8431372549019607865, 0.8431372549019607865 ) ;
#3039 = ORIENTED_EDGE ( 'NONE', *, *, #671, .T. ) ;
#3040 = LINE ( 'NONE', #808, #3671 ) ;
#3041 = FACE_OUTER_BOUND ( 'NONE', #2649, .T. ) ;
#3042 = EDGE_CURVE ( 'NONE', #1535, #2698, #1999, .T. ) ;
#3043 = EDGE_CURVE ( 'NONE', #1454, #1390, #1131, .T. ) ;
#3044 = ORIENTED_EDGE ( 'NONE', *, *, #5315, .F. ) ;
#3045 = CARTESIAN_POINT ( 'NONE',  ( -4.899999999999997691, -5.190000000000000391, 0.3944444506222550828 ) ) ;
#3046 =( GEOMETRIC_REPRESENTATION_CONTEXT ( 3 ) GLOBAL_UNCERTAINTY_ASSIGNED_CONTEXT ( ( #106 ) ) GLOBAL_UNIT_ASSIGNED_CONTEXT ( ( #415, #2663, #4776 ) ) REPRESENTATION_CONTEXT ( 'NONE', 'WORKASPACE' ) );
#3047 = DIRECTION ( 'NONE',  ( 0.000000000000000000, 1.000000000000000000, 0.000000000000000000 ) ) ;
#3048 = VERTEX_POINT ( 'NONE', #3930 ) ;
#3049 = LINE ( 'NONE', #5638, #2384 ) ;
#3050 = EDGE_CURVE ( 'NONE', #2324, #4471, #2634, .T. ) ;
#3051 = CARTESIAN_POINT ( 'NONE',  ( 3.897026497535696077, 4.187026497535694780, 2.389999999999999680 ) ) ;
#3052 = VERTEX_POINT ( 'NONE', #3018 ) ;
#3053 = CARTESIAN_POINT ( 'NONE',  ( 4.823259234548942231, -1.790000000000002478, 0.5000000000000000000 ) ) ;
#3054 = AXIS2_PLACEMENT_3D ( 'NONE', #4201, #1066, #1585 ) ;
#3055 = SURFACE_STYLE_FILL_AREA ( #5238 ) ;
#3056 = VECTOR ( 'NONE', #1495, 1000.000000000000000 ) ;
#3057 = ORIENTED_EDGE ( 'NONE', *, *, #4660, .F. ) ;
#3058 = AXIS2_PLACEMENT_3D ( 'NONE', #4291, #4759, #4839 ) ;
#3059 = VECTOR ( 'NONE', #2940, 1000.000000000000000 ) ;
#3060 = VERTEX_POINT ( 'NONE', #4355 ) ;
#3061 = LINE ( 'NONE', #5729, #5377 ) ;
#3062 = SURFACE_SIDE_STYLE ('',( #1310 ) ) ;
#3063 = ORIENTED_EDGE ( 'NONE', *, *, #1979, .T. ) ;
#3064 = FILL_AREA_STYLE ('',( #2601 ) ) ;
#3065 = MECHANICAL_DESIGN_GEOMETRIC_PRESENTATION_REPRESENTATION (  '', ( #362 ), #5118 ) ;
#3066 = AXIS2_PLACEMENT_3D ( 'NONE', #5311, #1347, #3898 ) ;
#3067 = CARTESIAN_POINT ( 'NONE',  ( 3.800000000000000266, 3.790000000000000036, 0.5000000000000000000 ) ) ;
#3068 = VERTEX_POINT ( 'NONE', #2552 ) ;
#3069 = DIRECTION ( 'NONE',  ( 1.000000000000000000, -0.000000000000000000, -0.000000000000000000 ) ) ;
#3070 =( GEOMETRIC_REPRESENTATION_CONTEXT ( 3 ) GLOBAL_UNCERTAINTY_ASSIGNED_CONTEXT ( ( #5089 ) ) GLOBAL_UNIT_ASSIGNED_CONTEXT ( ( #2107, #3442, #556 ) ) REPRESENTATION_CONTEXT ( 'NONE', 'WORKASPACE' ) );
#3071 = DIRECTION ( 'NONE',  ( 0.000000000000000000, 0.000000000000000000, 1.000000000000000000 ) ) ;
#3072 =( NAMED_UNIT ( * ) PLANE_ANGLE_UNIT ( ) SI_UNIT ( $, .RADIAN. ) );
#3073 = SURFACE_SIDE_STYLE ('',( #3933 ) ) ;
#3074 = EDGE_CURVE ( 'NONE', #4562, #532, #5684, .T. ) ;
#3075 = EDGE_LOOP ( 'NONE', ( #3132, #5411, #1673, #4445, #3761, #2335, #2021, #91, #4722, #2707, #2056, #5408, #2888, #5057, #3996, #1367, #2373, #686, #3147, #4566, #2793, #3534, #635, #3284 ) ) ;
#3076 = EDGE_CURVE ( 'NONE', #1256, #3110, #4797, .T. ) ;
#3077 = CARTESIAN_POINT ( 'NONE',  ( -3.400000000000011902, 4.499823100075543536, 0.5000000000000000000 ) ) ;
#3078 = VECTOR ( 'NONE', #398, 1000.000000000000227 ) ;
#3079 = EDGE_CURVE ( 'NONE', #1783, #1910, #322, .T. ) ;
#3080 = CARTESIAN_POINT ( 'NONE',  ( -2.200000000000009504, 5.790000000000000036, 0.5000000000000000000 ) ) ;
#3081 = DIRECTION ( 'NONE',  ( 0.000000000000000000, 0.000000000000000000, -1.000000000000000000 ) ) ;
#3082 = ORIENTED_EDGE ( 'NONE', *, *, #5388, .F. ) ;
#3083 = VERTEX_POINT ( 'NONE', #1676 ) ;
#3084 =( NAMED_UNIT ( * ) PLANE_ANGLE_UNIT ( ) SI_UNIT ( $, .RADIAN. ) );
#3085 = CARTESIAN_POINT ( 'NONE',  ( 0.000000000000000000, 4.949124630628229049, 2.313917310096006208 ) ) ;
#3086 = FILL_AREA_STYLE ('',( #2106 ) ) ;
#3087 = SURFACE_STYLE_USAGE ( .BOTH. , #5307 ) ;
#3088 = DIRECTION ( 'NONE',  ( 0.000000000000000000, 1.000000000000000000, 0.000000000000000000 ) ) ;
#3089 = AXIS2_PLACEMENT_3D ( 'NONE', #1152, #1718, #1693 ) ;
#3090 = ORIENTED_EDGE ( 'NONE', *, *, #5501, .F. ) ;
#3091 = PRESENTATION_STYLE_ASSIGNMENT (( #2573 ) ) ;
#3092 = VECTOR ( 'NONE', #4227, 1000.000000000000000 ) ;
#3093 = CARTESIAN_POINT ( 'NONE',  ( 4.823259234548942231, -5.840000000000002522, 0.000000000000000000 ) ) ;
#3094 = LINE ( 'NONE', #2659, #5484 ) ;
#3095 =( BOUNDED_CURVE ( )  B_SPLINE_CURVE ( 3, ( #857, #5645, #1741, #3521 ),
 .UNSPECIFIED., .F., .T. ) 
 B_SPLINE_CURVE_WITH_KNOTS ( ( 4, 4 ),
 ( 5.488101962113662857, 6.263814943842658245 ),
 .UNSPECIFIED. ) 
 CURVE ( )  GEOMETRIC_REPRESENTATION_ITEM ( )  RATIONAL_B_SPLINE_CURVE ( ( 1.000000000000000000, 0.9504812478446590385, 0.9504812478446590385, 1.000000000000000000 ) ) 
 REPRESENTATION_ITEM ( '' )  );
#3096 = STYLED_ITEM ( 'NONE', ( #4367 ), #5153 ) ;
#3097 = CARTESIAN_POINT ( 'NONE',  ( 3.800000000000000711, 5.790000000000000036, 0.000000000000000000 ) ) ;
#3098 = ORIENTED_EDGE ( 'NONE', *, *, #3942, .F. ) ;
#3099 = LINE ( 'NONE', #2690, #5206 ) ;
#3100 = AXIS2_PLACEMENT_3D ( 'NONE', #2370, #4554, #3589 ) ;
#3101 = DIRECTION ( 'NONE',  ( 5.042109369105837323E-16, -1.000000000000000000, 0.000000000000000000 ) ) ;
#3102 = SURFACE_STYLE_USAGE ( .BOTH. , #473 ) ;
#3103 = EDGE_CURVE ( 'NONE', #584, #1751, #4330, .T. ) ;
#3104 = SURFACE_STYLE_FILL_AREA ( #4862 ) ;
#3105 = STYLED_ITEM ( 'NONE', ( #4304 ), #186 ) ;
#3106 = LINE ( 'NONE', #3601, #2477 ) ;
#3107 =( LENGTH_UNIT ( ) NAMED_UNIT ( * ) SI_UNIT ( .MILLI., .METRE. ) );
#3108 = ADVANCED_FACE ( 'NONE', ( #3041 ), #3501, .T. ) ;
#3109 = EDGE_CURVE ( 'NONE', #2236, #3083, #1295, .T. ) ;
#3110 = VERTEX_POINT ( 'NONE', #4011 ) ;
#3111 = VERTEX_POINT ( 'NONE', #4820 ) ;
#3112 = LINE ( 'NONE', #457, #2742 ) ;
#3113 = CARTESIAN_POINT ( 'NONE',  ( -1.400000000000009681, 5.790000000000000036, 0.000000000000000000 ) ) ;
#3114 = PRESENTATION_STYLE_ASSIGNMENT (( #1340 ) ) ;
#3115 = AXIS2_PLACEMENT_3D ( 'NONE', #3053, #4315, #3081 ) ;
#3116 = EDGE_LOOP ( 'NONE', ( #3267, #2716, #4523, #5217 ) ) ;
#3117 = PLANE ( 'NONE',  #65 ) ;
#3118 = PLANE ( 'NONE',  #4335 ) ;
#3119 = CARTESIAN_POINT ( 'NONE',  ( 1.399999999999997469, 4.499823100075543536, 0.5000000000000000000 ) ) ;
#3120 =( GEOMETRIC_REPRESENTATION_CONTEXT ( 3 ) GLOBAL_UNCERTAINTY_ASSIGNED_CONTEXT ( ( #282 ) ) GLOBAL_UNIT_ASSIGNED_CONTEXT ( ( #5343, #536, #5317 ) ) REPRESENTATION_CONTEXT ( 'NONE', 'WORKASPACE' ) );
#3121 = FILL_AREA_STYLE_COLOUR ( '', #4391 ) ;
#3122 = CARTESIAN_POINT ( 'NONE',  ( 4.149999999999999467, -5.840000000000002522, 0.5000000000000000000 ) ) ;
#3123 = ORIENTED_EDGE ( 'NONE', *, *, #3175, .T. ) ;
#3124 = PRESENTATION_STYLE_ASSIGNMENT (( #5001 ) ) ;
#3125 = CARTESIAN_POINT ( 'NONE',  ( 4.823259234548942231, -5.840000000000002522, 0.000000000000000000 ) ) ;
#3126 = CARTESIAN_POINT ( 'NONE',  ( -1.000000000000007327, 5.790000000000000036, 0.5000000000000000000 ) ) ;
#3127 = FACE_OUTER_BOUND ( 'NONE', #3254, .T. ) ;
#3128 = LINE ( 'NONE', #3598, #1790 ) ;
#3129 = CARTESIAN_POINT ( 'NONE',  ( -4.899999999999999467, 5.190000000000000391, 0.5000000000000000000 ) ) ;
#3130 = SURFACE_SIDE_STYLE ('',( #2291 ) ) ;
#3131 = SURFACE_STYLE_FILL_AREA ( #2209 ) ;
#3132 = ORIENTED_EDGE ( 'NONE', *, *, #1971, .F. ) ;
#3133 = VECTOR ( 'NONE', #1070, 1000.000000000000000 ) ;
#3134 = ORIENTED_EDGE ( 'NONE', *, *, #5502, .T. ) ;
#3135 = ORIENTED_EDGE ( 'NONE', *, *, #3005, .T. ) ;
#3136 = EDGE_CURVE ( 'NONE', #2437, #4983, #4382, .T. ) ;
#3137 = PRESENTATION_STYLE_ASSIGNMENT (( #18 ) ) ;
#3138 = EDGE_CURVE ( 'NONE', #1535, #1808, #4850, .T. ) ;
#3139 = PRESENTATION_LAYER_ASSIGNMENT (  '', '', ( #1747 ) ) ;
#3140 = CARTESIAN_POINT ( 'NONE',  ( -4.182670137274078215, -1.790000000000002478, 0.000000000000000000 ) ) ;
#3141 = ORIENTED_EDGE ( 'NONE', *, *, #2081, .T. ) ;
#3142 = AXIS2_PLACEMENT_3D ( 'NONE', #4763, #2160, #2133 ) ;
#3143 = DIRECTION ( 'NONE',  ( -1.000000000000000000, 3.361406246070558709E-16, 0.000000000000000000 ) ) ;
#3144 = LINE ( 'NONE', #1920, #1193 ) ;
#3145 = CARTESIAN_POINT ( 'NONE',  ( -2.200000000000008615, 4.499823100075543536, 0.5000000000000000000 ) ) ;
#3146 =( GEOMETRIC_REPRESENTATION_CONTEXT ( 3 ) GLOBAL_UNCERTAINTY_ASSIGNED_CONTEXT ( ( #824 ) ) GLOBAL_UNIT_ASSIGNED_CONTEXT ( ( #5159, #5074, #731 ) ) REPRESENTATION_CONTEXT ( 'NONE', 'WORKASPACE' ) );
#3147 = ORIENTED_EDGE ( 'NONE', *, *, #3042, .F. ) ;
#3148 = EDGE_CURVE ( 'NONE', #4303, #3068, #3094, .T. ) ;
#3149 = SURFACE_STYLE_FILL_AREA ( #1002 ) ;
#3150 = PRESENTATION_STYLE_ASSIGNMENT (( #5364 ) ) ;
#3151 = COLOUR_RGB ( '',0.8431372549019607865, 0.8431372549019607865, 0.8431372549019607865 ) ;
#3152 = VECTOR ( 'NONE', #1026, 1000.000000000000000 ) ;
#3153 = LINE ( 'NONE', #2806, #4580 ) ;
#3154 =( NAMED_UNIT ( * ) PLANE_ANGLE_UNIT ( ) SI_UNIT ( $, .RADIAN. ) );
#3155 = PRESENTATION_LAYER_ASSIGNMENT (  '', '', ( #3344 ) ) ;
#3156 = VERTEX_POINT ( 'NONE', #437 ) ;
#3157 = DIRECTION ( 'NONE',  ( 1.000000000000000000, -0.000000000000000000, -0.000000000000000000 ) ) ;
#3158 = DIRECTION ( 'NONE',  ( 1.000000000000000000, 0.000000000000000000, 0.000000000000000000 ) ) ;
#3159 = CARTESIAN_POINT ( 'NONE',  ( -4.899999999999999467, 5.090973193125843288, 0.5999999999999569011 ) ) ;
#3160 = UNCERTAINTY_MEASURE_WITH_UNIT (LENGTH_MEASURE( 1.000000000000000082E-05 ), #830, 'distance_accuracy_value', 'NONE');
#3161 = DIRECTION ( 'NONE',  ( 0.000000000000000000, 1.000000000000000000, 0.000000000000000000 ) ) ;
#3162 = CARTESIAN_POINT ( 'NONE',  ( 3.400000000000001243, 3.790000000000000036, 0.000000000000000000 ) ) ;
#3163 = ORIENTED_EDGE ( 'NONE', *, *, #3136, .F. ) ;
#3164 = SURFACE_STYLE_FILL_AREA ( #41 ) ;
#3165 = PRESENTATION_STYLE_ASSIGNMENT (( #4505 ) ) ;
#3166 = ORIENTED_EDGE ( 'NONE', *, *, #5351, .F. ) ;
#3167 = COLOUR_RGB ( '',0.8431372549019607865, 0.8431372549019607865, 0.8431372549019607865 ) ;
#3168 = VERTEX_POINT ( 'NONE', #5765 ) ;
#3169 = ORIENTED_EDGE ( 'NONE', *, *, #1363, .F. ) ;
#3170 = SURFACE_STYLE_FILL_AREA ( #4540 ) ;
#3171 = DIRECTION ( 'NONE',  ( -1.671217221557617124E-16, 1.000000000000000000, -6.161527909335502465E-33 ) ) ;
#3172 = LINE ( 'NONE', #3232, #1013 ) ;
#3173 = CARTESIAN_POINT ( 'NONE',  ( 2.600000000000000533, 4.499823100075543536, 0.000000000000000000 ) ) ;
#3174 = DIRECTION ( 'NONE',  ( 0.000000000000000000, -0.000000000000000000, 1.000000000000000000 ) ) ;
#3175 = EDGE_CURVE ( 'NONE', #5078, #4472, #3559, .T. ) ;
#3176 = EDGE_CURVE ( 'NONE', #584, #1032, #5655, .T. ) ;
#3177 = VECTOR ( 'NONE', #3305, 1000.000000000000000 ) ;
#3178 = PLANE ( 'NONE',  #1881 ) ;
#3179 = VERTEX_POINT ( 'NONE', #916 ) ;
#3180 = DIRECTION ( 'NONE',  ( 1.000000000000000000, 0.000000000000000000, 0.000000000000000000 ) ) ;
#3181 = DIRECTION ( 'NONE',  ( 0.000000000000000000, -1.000000000000000000, 0.000000000000000000 ) ) ;
#3182 = VECTOR ( 'NONE', #4462, 1000.000000000000000 ) ;
#3183 = PRESENTATION_LAYER_ASSIGNMENT (  '', '', ( #386 ) ) ;
#3184 = ADVANCED_FACE ( 'NONE', ( #1378 ), #2247, .F. ) ;
#3185 = EDGE_CURVE ( 'NONE', #4743, #3736, #4459, .T. ) ;
#3186 = DIRECTION ( 'NONE',  ( 8.356086107788086850E-17, -1.000000000000000000, 0.000000000000000000 ) ) ;
#3187 = CARTESIAN_POINT ( 'NONE',  ( 4.149999999999999467, -5.540000000000002700, 0.5000000000000000000 ) ) ;
#3188 = AXIS2_PLACEMENT_3D ( 'NONE', #3953, #4846, #3495 ) ;
#3189 = ORIENTED_EDGE ( 'NONE', *, *, #434, .T. ) ;
#3190 = VERTEX_POINT ( 'NONE', #1896 ) ;
#3191 = FILL_AREA_STYLE ('',( #5060 ) ) ;
#3192 =( NAMED_UNIT ( * ) SI_UNIT ( $, .STERADIAN. ) SOLID_ANGLE_UNIT ( ) );
#3193 = COLOUR_RGB ( '',0.8431372549019607865, 0.8431372549019607865, 0.8431372549019607865 ) ;
#3194 = DIRECTION ( 'NONE',  ( -1.000000000000000000, -2.443272501375785452E-16, 0.000000000000000000 ) ) ;
#3195 = EDGE_LOOP ( 'NONE', ( #4252, #1074 ) ) ;
#3196 = AXIS2_PLACEMENT_3D ( 'NONE', #470, #1466, #2776 ) ;
#3197 = SURFACE_SIDE_STYLE ('',( #4440 ) ) ;
#3198 =( GEOMETRIC_REPRESENTATION_CONTEXT ( 3 ) GLOBAL_UNCERTAINTY_ASSIGNED_CONTEXT ( ( #1592 ) ) GLOBAL_UNIT_ASSIGNED_CONTEXT ( ( #3444, #4327, #2656 ) ) REPRESENTATION_CONTEXT ( 'NONE', 'WORKASPACE' ) );
#3199 = VERTEX_POINT ( 'NONE', #5454 ) ;
#3200 = EDGE_LOOP ( 'NONE', ( #1532, #3681, #3244, #3123 ) ) ;
#3201 = CARTESIAN_POINT ( 'NONE',  ( -3.400000000000011902, 5.790000000000000036, 0.5000000000000000000 ) ) ;
#3202 = DIRECTION ( 'NONE',  ( 1.000000000000000000, 0.000000000000000000, -0.000000000000000000 ) ) ;
#3203 = DIRECTION ( 'NONE',  ( 0.000000000000000000, -1.000000000000000000, 0.000000000000000000 ) ) ;
#3204 = COLOUR_RGB ( '',0.8431372549019607865, 0.8431372549019607865, 0.8431372549019607865 ) ;
#3205 = DIRECTION ( 'NONE',  ( 0.000000000000000000, -0.000000000000000000, 1.000000000000000000 ) ) ;
#3206 = PRESENTATION_LAYER_ASSIGNMENT (  '', '', ( #1716 ) ) ;
#3207 = ORIENTED_EDGE ( 'NONE', *, *, #1659, .T. ) ;
#3208 = LINE ( 'NONE', #2272, #828 ) ;
#3209 = EDGE_CURVE ( 'NONE', #947, #2139, #4936, .T. ) ;
#3210 = SURFACE_SIDE_STYLE ('',( #4937 ) ) ;
#3211 = ORIENTED_EDGE ( 'NONE', *, *, #4531, .F. ) ;
#3212 = EDGE_LOOP ( 'NONE', ( #4190, #4508, #632 ) ) ;
#3213 = SURFACE_SIDE_STYLE ('',( #1352 ) ) ;
#3214 = VECTOR ( 'NONE', #394, 1000.000000000000000 ) ;
#3215 = SURFACE_STYLE_USAGE ( .BOTH. , #951 ) ;
#3216 = EDGE_CURVE ( 'NONE', #3892, #5452, #1927, .T. ) ;
#3217 = EDGE_CURVE ( 'NONE', #870, #598, #1023, .T. ) ;
#3218 = CARTESIAN_POINT ( 'NONE',  ( 2.600000000000000533, 5.790000000000000036, 0.5000000000000000000 ) ) ;
#3219 = SURFACE_STYLE_USAGE ( .BOTH. , #1444 ) ;
#3220 = UNCERTAINTY_MEASURE_WITH_UNIT (LENGTH_MEASURE( 1.000000000000000082E-05 ), #5194, 'distance_accuracy_value', 'NONE');
#3221 =( LENGTH_UNIT ( ) NAMED_UNIT ( * ) SI_UNIT ( .MILLI., .METRE. ) );
#3222 = VECTOR ( 'NONE', #3907, 1000.000000000000000 ) ;
#3223 = CARTESIAN_POINT ( 'NONE',  ( -4.823259234548942231, -1.790000000000002478, 0.5000000000000000000 ) ) ;
#3224 = ORIENTED_EDGE ( 'NONE', *, *, #547, .F. ) ;
#3225 = DIRECTION ( 'NONE',  ( 1.000000000000000000, -0.000000000000000000, 0.000000000000000000 ) ) ;
#3226 = PRESENTATION_LAYER_ASSIGNMENT (  '', '', ( #3590 ) ) ;
#3227 = EDGE_LOOP ( 'NONE', ( #2381, #1432, #2567, #3407 ) ) ;
#3228 = ORIENTED_EDGE ( 'NONE', *, *, #3977, .T. ) ;
#3229 = CARTESIAN_POINT ( 'NONE',  ( 2.199999999999997069, 5.790000000000000036, 0.000000000000000000 ) ) ;
#3230 = LINE ( 'NONE', #1917, #3030 ) ;
#3231 = VERTEX_POINT ( 'NONE', #5023 ) ;
#3232 = CARTESIAN_POINT ( 'NONE',  ( -3.400000000000011902, 5.190000000000000391, 2.399999999999999911 ) ) ;
#3233 = CARTESIAN_POINT ( 'NONE',  ( -2.200000000000008615, 4.499823100075543536, 0.5000000000000000000 ) ) ;
#3234 = AXIS2_PLACEMENT_3D ( 'NONE', #4551, #2710, #4144 ) ;
#3235 = CIRCLE ( 'NONE', #5103, 0.3750000000000003331 ) ;
#3236 = ORIENTED_EDGE ( 'NONE', *, *, #580, .F. ) ;
#3237 = DIRECTION ( 'NONE',  ( 0.000000000000000000, 0.000000000000000000, -1.000000000000000000 ) ) ;
#3238 =( NAMED_UNIT ( * ) SI_UNIT ( $, .STERADIAN. ) SOLID_ANGLE_UNIT ( ) );
#3239 = COLOUR_RGB ( '',0.8431372549019607865, 0.8431372549019607865, 0.8431372549019607865 ) ;
#3240 =( GEOMETRIC_REPRESENTATION_CONTEXT ( 3 ) GLOBAL_UNCERTAINTY_ASSIGNED_CONTEXT ( ( #4317 ) ) GLOBAL_UNIT_ASSIGNED_CONTEXT ( ( #456, #1401, #5414 ) ) REPRESENTATION_CONTEXT ( 'NONE', 'WORKASPACE' ) );
#3241 = DIRECTION ( 'NONE',  ( -0.000000000000000000, -0.000000000000000000, -1.000000000000000000 ) ) ;
#3242 = FACE_OUTER_BOUND ( 'NONE', #353, .T. ) ;
#3243 = VERTEX_POINT ( 'NONE', #594 ) ;
#3244 = ORIENTED_EDGE ( 'NONE', *, *, #4799, .T. ) ;
#3245 = MECHANICAL_DESIGN_GEOMETRIC_PRESENTATION_REPRESENTATION (  '', ( #4278 ), #448 ) ;
#3246 = VECTOR ( 'NONE', #3158, 1000.000000000000000 ) ;
#3247 = FACE_OUTER_BOUND ( 'NONE', #3518, .T. ) ;
#3248 = FACE_OUTER_BOUND ( 'NONE', #5069, .T. ) ;
#3249 = CARTESIAN_POINT ( 'NONE',  ( 3.400000000000001243, 3.790000000000000036, 0.000000000000000000 ) ) ;
#3250 = VECTOR ( 'NONE', #2142, 1000.000000000000000 ) ;
#3251 = ADVANCED_FACE ( 'NONE', ( #562 ), #2369, .T. ) ;
#3252 = PLANE ( 'NONE',  #963 ) ;
#3253 = EDGE_CURVE ( 'NONE', #1857, #5402, #4036, .T. ) ;
#3254 = EDGE_LOOP ( 'NONE', ( #4123, #4567, #4360, #4902 ) ) ;
#3255 = ORIENTED_EDGE ( 'NONE', *, *, #1445, .F. ) ;
#3256 = ORIENTED_EDGE ( 'NONE', *, *, #4047, .T. ) ;
#3257 = CARTESIAN_POINT ( 'NONE',  ( -4.899999999999997691, -5.090973193125844176, 0.5999999999999569011 ) ) ;
#3258 = CARTESIAN_POINT ( 'NONE',  ( -3.400000000000011902, 4.499823100075543536, 0.000000000000000000 ) ) ;
#3259 = SURFACE_SIDE_STYLE ('',( #3698 ) ) ;
#3260 = DIRECTION ( 'NONE',  ( -1.000000000000000000, -0.000000000000000000, -0.000000000000000000 ) ) ;
#3261 = FACE_OUTER_BOUND ( 'NONE', #3630, .T. ) ;
#3262 = LINE ( 'NONE', #2882, #3092 ) ;
#3263 = ORIENTED_EDGE ( 'NONE', *, *, #1232, .F. ) ;
#3264 = DIRECTION ( 'NONE',  ( -1.000000000000000000, 0.000000000000000000, 0.000000000000000000 ) ) ;
#3265 = CARTESIAN_POINT ( 'NONE',  ( -4.149999999999999467, -5.540000000000002700, 0.5000000000000000000 ) ) ;
#3266 = STYLED_ITEM ( 'NONE', ( #1138 ), #4460 ) ;
#3267 = ORIENTED_EDGE ( 'NONE', *, *, #5104, .F. ) ;
#3268 =( LENGTH_UNIT ( ) NAMED_UNIT ( * ) SI_UNIT ( .MILLI., .METRE. ) );
#3269 = VECTOR ( 'NONE', #4336, 1000.000000000000000 ) ;
#3271 = LINE ( 'NONE', #5059, #1627 ) ;
#3270 = PRODUCT_DEFINITION_SHAPE ( 'NONE', 'NONE',  #2464 ) ;
#3272 = CARTESIAN_POINT ( 'NONE',  ( 2.199999999999997069, 5.190000000000000391, 0.000000000000000000 ) ) ;
#3273 = SURFACE_STYLE_USAGE ( .BOTH. , #2433 ) ;
#3274 = UNCERTAINTY_MEASURE_WITH_UNIT (LENGTH_MEASURE( 1.000000000000000082E-05 ), #3834, 'distance_accuracy_value', 'NONE');
#3275 = ORIENTED_EDGE ( 'NONE', *, *, #2820, .T. ) ;
#3276 = STYLED_ITEM ( 'NONE', ( #383 ), #4691 ) ;
#3277 = MECHANICAL_DESIGN_GEOMETRIC_PRESENTATION_REPRESENTATION (  '', ( #386 ), #4389 ) ;
#3278 = DIRECTION ( 'NONE',  ( 1.000000000000000000, -0.000000000000000000, -0.000000000000000000 ) ) ;
#3279 = EDGE_LOOP ( 'NONE', ( #5385, #993, #1494, #227 ) ) ;
#3280 = MECHANICAL_DESIGN_GEOMETRIC_PRESENTATION_REPRESENTATION (  '', ( #2543 ), #3009 ) ;
#3281 = CARTESIAN_POINT ( 'NONE',  ( -0.5999999999999998668, -5.840000000000001634, 0.5000000000000000000 ) ) ;
#3282 = DIRECTION ( 'NONE',  ( 1.000000000000000000, 0.000000000000000000, 0.000000000000000000 ) ) ;
#3283 = EDGE_CURVE ( 'NONE', #3335, #2722, #2274, .T. ) ;
#3284 = ORIENTED_EDGE ( 'NONE', *, *, #3148, .F. ) ;
#3285 = VECTOR ( 'NONE', #2496, 1000.000000000000000 ) ;
#3286 = VERTEX_POINT ( 'NONE', #58 ) ;
#3287 = LINE ( 'NONE', #581, #5384 ) ;
#3288 = PRESENTATION_STYLE_ASSIGNMENT (( #3313 ) ) ;
#3289 = CARTESIAN_POINT ( 'NONE',  ( -4.899999999999999467, 5.190000000000000391, 0.000000000000000000 ) ) ;
#3290 = EDGE_CURVE ( 'NONE', #1343, #30, #1836, .T. ) ;
#3291 = STYLED_ITEM ( 'NONE', ( #2145 ), #5455 ) ;
#3292 = EDGE_CURVE ( 'NONE', #485, #5084, #5400, .T. ) ;
#3293 = SURFACE_SIDE_STYLE ('',( #4194 ) ) ;
#3294 = DIRECTION ( 'NONE',  ( 0.000000000000000000, 0.000000000000000000, -1.000000000000000000 ) ) ;
#3295 = ORIENTED_EDGE ( 'NONE', *, *, #4791, .F. ) ;
#3296 = CARTESIAN_POINT ( 'NONE',  ( 2.199999999999997069, 5.790000000000000036, 0.5000000000000000000 ) ) ;
#3297 = SURFACE_STYLE_USAGE ( .BOTH. , #2058 ) ;
#3298 = EDGE_LOOP ( 'NONE', ( #3002, #4474, #1244, #4270 ) ) ;
#3299 = LINE ( 'NONE', #3389, #3422 ) ;
#3300 = DIRECTION ( 'NONE',  ( 1.000000000000000000, -0.000000000000000000, -0.000000000000000000 ) ) ;
#3301 = CARTESIAN_POINT ( 'NONE',  ( -4.899999999999999467, 5.190000000000000391, 0.000000000000000000 ) ) ;
#3302 =( NAMED_UNIT ( * ) SI_UNIT ( $, .STERADIAN. ) SOLID_ANGLE_UNIT ( ) );
#3303 = VECTOR ( 'NONE', #2239, 1000.000000000000000 ) ;
#3304 = ORIENTED_EDGE ( 'NONE', *, *, #2610, .T. ) ;
#3305 = DIRECTION ( 'NONE',  ( 0.000000000000000000, 0.000000000000000000, -1.000000000000000000 ) ) ;
#3306 = DIRECTION ( 'NONE',  ( 1.000000000000000000, -0.000000000000000000, -0.000000000000000000 ) ) ;
#3307 = ORIENTED_EDGE ( 'NONE', *, *, #4668, .T. ) ;
#3308 = SURFACE_STYLE_FILL_AREA ( #5154 ) ;
#3309 = VECTOR ( 'NONE', #4282, 1000.000000000000000 ) ;
#3310 = ORIENTED_EDGE ( 'NONE', *, *, #3217, .F. ) ;
#3311 = ORIENTED_EDGE ( 'NONE', *, *, #1586, .F. ) ;
#3312 =( NAMED_UNIT ( * ) SI_UNIT ( $, .STERADIAN. ) SOLID_ANGLE_UNIT ( ) );
#3313 = SURFACE_STYLE_USAGE ( .BOTH. , #2014 ) ;
#3314 = DIRECTION ( 'NONE',  ( -1.000000000000000000, -0.000000000000000000, -0.000000000000000000 ) ) ;
#3315 = DIRECTION ( 'NONE',  ( 0.000000000000000000, 0.000000000000000000, -1.000000000000000000 ) ) ;
#3316 = UNCERTAINTY_MEASURE_WITH_UNIT (LENGTH_MEASURE( 1.000000000000000082E-05 ), #4331, 'distance_accuracy_value', 'NONE');
#3317 = CARTESIAN_POINT ( 'NONE',  ( 4.900000000000000355, -5.190000000000000391, 0.3944444506222559710 ) ) ;
#3318 = STYLED_ITEM ( 'NONE', ( #1904 ), #1854 ) ;
#3319 = DIRECTION ( 'NONE',  ( -0.000000000000000000, -1.000000000000000000, -0.000000000000000000 ) ) ;
#3320 = EDGE_CURVE ( 'NONE', #3937, #5737, #2741, .T. ) ;
#3321 = EDGE_CURVE ( 'NONE', #2988, #4946, #1868, .T. ) ;
#3322 = VERTEX_POINT ( 'NONE', #713 ) ;
#3323 = SURFACE_STYLE_USAGE ( .BOTH. , #1608 ) ;
#3324 =( NAMED_UNIT ( * ) PLANE_ANGLE_UNIT ( ) SI_UNIT ( $, .RADIAN. ) );
#3325 =( GEOMETRIC_REPRESENTATION_CONTEXT ( 3 ) GLOBAL_UNCERTAINTY_ASSIGNED_CONTEXT ( ( #3616 ) ) GLOBAL_UNIT_ASSIGNED_CONTEXT ( ( #750, #2863, #1130 ) ) REPRESENTATION_CONTEXT ( 'NONE', 'WORKASPACE' ) );
#3326 = DIRECTION ( 'NONE',  ( -0.000000000000000000, -1.000000000000000000, -0.000000000000000000 ) ) ;
#3327 = EDGE_CURVE ( 'NONE', #1538, #1351, #260, .T. ) ;
#3328 = ORIENTED_EDGE ( 'NONE', *, *, #1791, .T. ) ;
#3329 = SURFACE_STYLE_FILL_AREA ( #2458 ) ;
#3330 =( BOUNDED_CURVE ( )  B_SPLINE_CURVE ( 3, ( #3159, #5345, #4527, #1765 ),
 .UNSPECIFIED., .F., .T. ) 
 B_SPLINE_CURVE_WITH_KNOTS ( ( 4, 4 ),
 ( 3.160963016926727764, 3.936675998655708941 ),
 .UNSPECIFIED. ) 
 CURVE ( )  GEOMETRIC_REPRESENTATION_ITEM ( )  RATIONAL_B_SPLINE_CURVE ( ( 1.000000000000000000, 0.9504812478446608148, 0.9504812478446608148, 1.000000000000000000 ) ) 
 REPRESENTATION_ITEM ( '' )  );
#3331 = SURFACE_SIDE_STYLE ('',( #5202 ) ) ;
#3332 = CARTESIAN_POINT ( 'NONE',  ( -4.823259234548942231, -5.090000000000002522, 0.5000000000000000000 ) ) ;
#3333 = VECTOR ( 'NONE', #3774, 1000.000000000000000 ) ;
#3334 = LINE ( 'NONE', #178, #3982 ) ;
#3335 = VERTEX_POINT ( 'NONE', #1150 ) ;
#3336 = PRESENTATION_STYLE_ASSIGNMENT (( #1562 ) ) ;
#3337 = SURFACE_STYLE_FILL_AREA ( #210 ) ;
#3338 = PRESENTATION_LAYER_ASSIGNMENT (  '', '', ( #1116 ) ) ;
#3339 = VECTOR ( 'NONE', #63, 1000.000000000000000 ) ;
#3340 = VERTEX_POINT ( 'NONE', #5622 ) ;
#3341 = SURFACE_STYLE_FILL_AREA ( #2009 ) ;
#3342 = COLOUR_RGB ( '',0.8431372549019607865, 0.8431372549019607865, 0.8431372549019607865 ) ;
#3343 = VECTOR ( 'NONE', #780, 1000.000000000000000 ) ;
#3344 = STYLED_ITEM ( 'NONE', ( #5761 ), #4146 ) ;
#3345 = EDGE_LOOP ( 'NONE', ( #978, #1223, #180, #1884 ) ) ;
#3346 = DIRECTION ( 'NONE',  ( 0.000000000000000000, -1.000000000000000000, 0.000000000000000000 ) ) ;
#3347 = DIRECTION ( 'NONE',  ( -1.000000000000000000, 0.000000000000000000, 0.000000000000000000 ) ) ;
#3348 = LINE ( 'NONE', #1086, #2964 ) ;
#3349 = PLANE ( 'NONE',  #3596 ) ;
#3350 = LINE ( 'NONE', #2074, #670 ) ;
#3351 = CARTESIAN_POINT ( 'NONE',  ( -4.461582618623269880, -4.850609425497429683, 3.014889417878186428 ) ) ;
#3352 = EDGE_LOOP ( 'NONE', ( #1231, #1606, #1242, #3224 ) ) ;
#3353 = PLANE ( 'NONE',  #2932 ) ;
#3354 = CARTESIAN_POINT ( 'NONE',  ( 3.400000000000002132, 5.190000000000000391, 0.000000000000000000 ) ) ;
#3355 = DIRECTION ( 'NONE',  ( 0.000000000000000000, 0.000000000000000000, 1.000000000000000000 ) ) ;
#3356 = EDGE_CURVE ( 'NONE', #2945, #5402, #1180, .T. ) ;
#3357 =( GEOMETRIC_REPRESENTATION_CONTEXT ( 3 ) GLOBAL_UNCERTAINTY_ASSIGNED_CONTEXT ( ( #2285 ) ) GLOBAL_UNIT_ASSIGNED_CONTEXT ( ( #1634, #2423, #2827 ) ) REPRESENTATION_CONTEXT ( 'NONE', 'WORKASPACE' ) );
#3358 = DIRECTION ( 'NONE',  ( 1.000000000000000000, -0.000000000000000000, -0.000000000000000000 ) ) ;
#3359 = SURFACE_STYLE_USAGE ( .BOTH. , #684 ) ;
#3360 = ORIENTED_EDGE ( 'NONE', *, *, #1232, .T. ) ;
#3361 = CARTESIAN_POINT ( 'NONE',  ( 4.823259234548942231, 0.8099999999999973888, 0.5000000000000000000 ) ) ;
#3362 = FACE_OUTER_BOUND ( 'NONE', #1968, .T. ) ;
#3363 = CARTESIAN_POINT ( 'NONE',  ( -4.899999999999999467, 5.190000000000000391, 0.3944444506222559710 ) ) ;
#3364 =( NAMED_UNIT ( * ) SI_UNIT ( $, .STERADIAN. ) SOLID_ANGLE_UNIT ( ) );
#3365 = EDGE_CURVE ( 'NONE', #5223, #67, #1960, .T. ) ;
#3366 = EDGE_CURVE ( 'NONE', #5200, #400, #1555, .T. ) ;
#3367 = ORIENTED_EDGE ( 'NONE', *, *, #5173, .T. ) ;
#3368 = PLANE ( 'NONE',  #1143 ) ;
#3369 = CARTESIAN_POINT ( 'NONE',  ( -2.200000000000008615, 4.499823100075543536, 0.000000000000000000 ) ) ;
#3370 = STYLED_ITEM ( 'NONE', ( #3336 ), #4648 ) ;
#3371 = ORIENTED_EDGE ( 'NONE', *, *, #1756, .F. ) ;
#3372 = LINE ( 'NONE', #4749, #3453 ) ;
#3373 = FILL_AREA_STYLE ('',( #2439 ) ) ;
#3374 = STYLED_ITEM ( 'NONE', ( #1183 ), #4836 ) ;
#3375 = VECTOR ( 'NONE', #2678, 1000.000000000000000 ) ;
#3376 = VERTEX_POINT ( 'NONE', #3354 ) ;
#3377 = CARTESIAN_POINT ( 'NONE',  ( 3.937576565366517567, 0.8099999999999973888, 0.5000000000000000000 ) ) ;
#3378 = CARTESIAN_POINT ( 'NONE',  ( -1.400000000000009903, 4.499823100075543536, 0.5000000000000000000 ) ) ;
#3379 = FILL_AREA_STYLE_COLOUR ( '', #5112 ) ;
#3380 = VECTOR ( 'NONE', #243, 1000.000000000000000 ) ;
#3381 = VERTEX_POINT ( 'NONE', #682 ) ;
#3382 = CARTESIAN_POINT ( 'NONE',  ( -1.400000000000009903, 4.499823100075543536, 0.000000000000000000 ) ) ;
#3383 = FILL_AREA_STYLE_COLOUR ( '', #2212 ) ;
#3384 = FILL_AREA_STYLE_COLOUR ( '', #929 ) ;
#3385 = PRESENTATION_STYLE_ASSIGNMENT (( #716 ) ) ;
#3386 = DIRECTION ( 'NONE',  ( 0.000000000000000000, 1.000000000000000000, 0.000000000000000000 ) ) ;
#3387 = EDGE_CURVE ( 'NONE', #5303, #1894, #2022, .T. ) ;
#3388 = VERTEX_POINT ( 'NONE', #743 ) ;
#3389 = CARTESIAN_POINT ( 'NONE',  ( 1.399999999999997247, 5.790000000000000036, 0.000000000000000000 ) ) ;
#3390 =( LENGTH_UNIT ( ) NAMED_UNIT ( * ) SI_UNIT ( .MILLI., .METRE. ) );
#3391 = DIRECTION ( 'NONE',  ( -1.000000000000000000, 0.000000000000000000, 0.000000000000000000 ) ) ;
#3392 = DIRECTION ( 'NONE',  ( -0.000000000000000000, 0.000000000000000000, -1.000000000000000000 ) ) ;
#3393 = COLOUR_RGB ( '',0.2941176470588235392, 0.2941176470588235392, 0.2941176470588235392 ) ;
#3394 = LINE ( 'NONE', #1594, #5693 ) ;
#3395 = ADVANCED_FACE ( 'NONE', ( #5542 ), #199, .T. ) ;
#3396 = EDGE_LOOP ( 'NONE', ( #1114, #702, #5156, #2668 ) ) ;
#3397 = FILL_AREA_STYLE_COLOUR ( '', #4203 ) ;
#3398 = EDGE_CURVE ( 'NONE', #2103, #5303, #1992, .T. ) ;
#3399 =( LENGTH_UNIT ( ) NAMED_UNIT ( * ) SI_UNIT ( .MILLI., .METRE. ) );
#3400 = VERTEX_POINT ( 'NONE', #2886 ) ;
#3401 = DIRECTION ( 'NONE',  ( -1.000000000000000000, -0.000000000000000000, -0.000000000000000000 ) ) ;
#3402 = CARTESIAN_POINT ( 'NONE',  ( 4.600000000000000533, 3.790000000000000036, 0.5000000000000000000 ) ) ;
#3403 = LINE ( 'NONE', #4809, #4086 ) ;
#3404 = PRESENTATION_STYLE_ASSIGNMENT (( #1145 ) ) ;
#3405 = EDGE_LOOP ( 'NONE', ( #2230, #4584, #3818, #4071 ) ) ;
#3406 = VECTOR ( 'NONE', #206, 1000.000000000000000 ) ;
#3407 = ORIENTED_EDGE ( 'NONE', *, *, #69, .T. ) ;
#3408 = CARTESIAN_POINT ( 'NONE',  ( 2.199999999999997069, 5.190000000000000391, 2.399999999999999911 ) ) ;
#3409 = CARTESIAN_POINT ( 'NONE',  ( -2.600000000000012079, 5.790000000000000036, 0.000000000000000000 ) ) ;
#3410 = CIRCLE ( 'NONE', #3412, 0.3750000000000003331 ) ;
#3411 =( NAMED_UNIT ( * ) PLANE_ANGLE_UNIT ( ) SI_UNIT ( $, .RADIAN. ) );
#3412 = AXIS2_PLACEMENT_3D ( 'NONE', #2849, #2422, #1546 ) ;
#3413 = ORIENTED_EDGE ( 'NONE', *, *, #546, .F. ) ;
#3414 = LINE ( 'NONE', #2110, #1833 ) ;
#3415 = FILL_AREA_STYLE ('',( #293 ) ) ;
#3416 = FACE_OUTER_BOUND ( 'NONE', #5292, .T. ) ;
#3417 = DIRECTION ( 'NONE',  ( 0.000000000000000000, 1.000000000000000000, 0.000000000000000000 ) ) ;
#3418 = ORIENTED_EDGE ( 'NONE', *, *, #2150, .F. ) ;
#3419 = PRESENTATION_STYLE_ASSIGNMENT (( #5632 ) ) ;
#3420 = ORIENTED_EDGE ( 'NONE', *, *, #1262, .F. ) ;
#3421 = AXIS2_PLACEMENT_3D ( 'NONE', #2600, #3441, #316 ) ;
#3422 = VECTOR ( 'NONE', #5143, 1000.000000000000000 ) ;
#3423 = DIRECTION ( 'NONE',  ( 8.403515615176396771E-17, 1.000000000000000000, 0.000000000000000000 ) ) ;
#3424 = LINE ( 'NONE', #1199, #4752 ) ;
#3425 = ADVANCED_FACE ( 'NONE', ( #230 ), #3808, .T. ) ;
#3426 = ADVANCED_FACE ( 'NONE', ( #1208 ), #1744, .T. ) ;
#3427 = COLOUR_RGB ( '',0.8431372549019607865, 0.8431372549019607865, 0.8431372549019607865 ) ;
#3428 = AXIS2_PLACEMENT_3D ( 'NONE', #4199, #2947, #5589 ) ;
#3429 = DIRECTION ( 'NONE',  ( -1.000000000000000000, 0.000000000000000000, 0.000000000000000000 ) ) ;
#3430 = MECHANICAL_DESIGN_GEOMETRIC_PRESENTATION_REPRESENTATION (  '', ( #451 ), #167 ) ;
#3431 = SURFACE_STYLE_USAGE ( .BOTH. , #308 ) ;
#3432 = VECTOR ( 'NONE', #4436, 1000.000000000000000 ) ;
#3433 = SURFACE_STYLE_USAGE ( .BOTH. , #823 ) ;
#3434 = UNCERTAINTY_MEASURE_WITH_UNIT (LENGTH_MEASURE( 1.000000000000000082E-05 ), #3848, 'distance_accuracy_value', 'NONE');
#3435 = DIRECTION ( 'NONE',  ( -2.521054684552918662E-16, 1.000000000000000000, -0.000000000000000000 ) ) ;
#3436 = EDGE_CURVE ( 'NONE', #400, #1050, #2135, .T. ) ;
#3437 = ORIENTED_EDGE ( 'NONE', *, *, #256, .T. ) ;
#3438 = PRESENTATION_LAYER_ASSIGNMENT (  '', '', ( #5210 ) ) ;
#3439 = ORIENTED_EDGE ( 'NONE', *, *, #3757, .F. ) ;
#3440 = PRESENTATION_STYLE_ASSIGNMENT (( #4321 ) ) ;
#3441 = DIRECTION ( 'NONE',  ( 2.443272501375785946E-16, -1.000000000000000000, 0.000000000000000000 ) ) ;
#3442 =( NAMED_UNIT ( * ) PLANE_ANGLE_UNIT ( ) SI_UNIT ( $, .RADIAN. ) );
#3443 =( NAMED_UNIT ( * ) SI_UNIT ( $, .STERADIAN. ) SOLID_ANGLE_UNIT ( ) );
#3444 =( LENGTH_UNIT ( ) NAMED_UNIT ( * ) SI_UNIT ( .MILLI., .METRE. ) );
#3445 = ORIENTED_EDGE ( 'NONE', *, *, #1625, .F. ) ;
#3446 = DIRECTION ( 'NONE',  ( 6.722812492141117417E-16, -1.000000000000000000, 0.000000000000000000 ) ) ;
#3447 = FACE_OUTER_BOUND ( 'NONE', #255, .T. ) ;
#3448 = SURFACE_STYLE_FILL_AREA ( #4407 ) ;
#3449 = FACE_OUTER_BOUND ( 'NONE', #1621, .T. ) ;
#3450 = VERTEX_POINT ( 'NONE', #5679 ) ;
#3451 = DIRECTION ( 'NONE',  ( 0.000000000000000000, -0.9902680687415710281, 0.1391731009600615798 ) ) ;
#3452 = CARTESIAN_POINT ( 'NONE',  ( -3.937576565366517567, 0.9099999999999973666, 0.000000000000000000 ) ) ;
#3453 = VECTOR ( 'NONE', #4693, 1000.000000000000000 ) ;
#3454 = SURFACE_SIDE_STYLE ('',( #616 ) ) ;
#3455 = DIRECTION ( 'NONE',  ( 1.000000000000000000, -0.000000000000000000, -0.000000000000000000 ) ) ;
#3456 = EDGE_CURVE ( 'NONE', #3199, #2731, #2192, .T. ) ;
#3457 = MECHANICAL_DESIGN_GEOMETRIC_PRESENTATION_REPRESENTATION (  '', ( #2711 ), #2998 ) ;
#3458 = CARTESIAN_POINT ( 'NONE',  ( -2.600000000000012079, 5.790000000000000036, 0.5000000000000000000 ) ) ;
#3459 =( NAMED_UNIT ( * ) SI_UNIT ( $, .STERADIAN. ) SOLID_ANGLE_UNIT ( ) );
#3460 = CARTESIAN_POINT ( 'NONE',  ( 3.897026497535696077, 4.187026497535694780, 2.389999999999999680 ) ) ;
#3461 = ORIENTED_EDGE ( 'NONE', *, *, #582, .T. ) ;
#3462 = ADVANCED_FACE ( 'NONE', ( #3949 ), #4401, .F. ) ;
#3463 = ADVANCED_FACE ( 'NONE', ( #860 ), #3036, .T. ) ;
#3464 = CARTESIAN_POINT ( 'NONE',  ( -3.800000000000013589, 5.190000000000000391, 2.399999999999999911 ) ) ;
#3465 = DIRECTION ( 'NONE',  ( 1.000000000000000000, -0.000000000000000000, -0.000000000000000000 ) ) ;
#3466 = AXIS2_PLACEMENT_3D ( 'NONE', #5064, #1076, #2753 ) ;
#3467 = LINE ( 'NONE', #5222, #1675 ) ;
#3468 =( LENGTH_UNIT ( ) NAMED_UNIT ( * ) SI_UNIT ( .MILLI., .METRE. ) );
#3469 = CARTESIAN_POINT ( 'NONE',  ( -4.862484784730344067, 5.190000000000000391, 0.5279117640514745524 ) ) ;
#3470 = VECTOR ( 'NONE', #4970, 1000.000000000000000 ) ;
#3471 = ORIENTED_EDGE ( 'NONE', *, *, #4249, .F. ) ;
#3472 = LINE ( 'NONE', #4427, #3511 ) ;
#3473 =( LENGTH_UNIT ( ) NAMED_UNIT ( * ) SI_UNIT ( .MILLI., .METRE. ) );
#3474 =( NAMED_UNIT ( * ) PLANE_ANGLE_UNIT ( ) SI_UNIT ( $, .RADIAN. ) );
#3475 = ORIENTED_EDGE ( 'NONE', *, *, #3977, .F. ) ;
#3476 = DIRECTION ( 'NONE',  ( -0.000000000000000000, -0.000000000000000000, -1.000000000000000000 ) ) ;
#3477 = FILL_AREA_STYLE_COLOUR ( '', #3038 ) ;
#3478 = CARTESIAN_POINT ( 'NONE',  ( -0.2000000000000075606, 4.499823100075543536, 0.5000000000000000000 ) ) ;
#3479 =( BOUNDED_CURVE ( )  B_SPLINE_CURVE ( 3, ( #2509, #1517, #5587, #3317 ),
 .UNSPECIFIED., .F., .T. ) 
 B_SPLINE_CURVE_WITH_KNOTS ( ( 4, 4 ),
 ( 0.01937036333693320164, 0.7950833450659094970 ),
 .UNSPECIFIED. ) 
 CURVE ( )  GEOMETRIC_REPRESENTATION_ITEM ( )  RATIONAL_B_SPLINE_CURVE ( ( 1.000000000000000000, 0.9504812478446613699, 0.9504812478446613699, 1.000000000000000000 ) ) 
 REPRESENTATION_ITEM ( '' )  );
#3480 =( GEOMETRIC_REPRESENTATION_CONTEXT ( 3 ) GLOBAL_UNCERTAINTY_ASSIGNED_CONTEXT ( ( #4085 ) ) GLOBAL_UNIT_ASSIGNED_CONTEXT ( ( #2111, #1294, #2141 ) ) REPRESENTATION_CONTEXT ( 'NONE', 'WORKASPACE' ) );
#3481 = FILL_AREA_STYLE_COLOUR ( '', #4325 ) ;
#3482 =( NAMED_UNIT ( * ) SI_UNIT ( $, .STERADIAN. ) SOLID_ANGLE_UNIT ( ) );
#3483 = UNCERTAINTY_MEASURE_WITH_UNIT (LENGTH_MEASURE( 1.000000000000000082E-05 ), #5213, 'distance_accuracy_value', 'NONE');
#3484 = LINE ( 'NONE', #5271, #4565 ) ;
#3485 = EDGE_LOOP ( 'NONE', ( #760, #499, #5129, #196 ) ) ;
#3486 = VECTOR ( 'NONE', #877, 1000.000000000000000 ) ;
#3487 = ORIENTED_EDGE ( 'NONE', *, *, #3074, .F. ) ;
#3488 = CARTESIAN_POINT ( 'NONE',  ( -1.400000000000009681, 5.190000000000000391, 0.5000000000000000000 ) ) ;
#3489 = EDGE_LOOP ( 'NONE', ( #4052, #127, #5243, #247 ) ) ;
#3490 = DIRECTION ( 'NONE',  ( -0.000000000000000000, -0.000000000000000000, -1.000000000000000000 ) ) ;
#3491 =( NAMED_UNIT ( * ) PLANE_ANGLE_UNIT ( ) SI_UNIT ( $, .RADIAN. ) );
#3492 = AXIS2_PLACEMENT_3D ( 'NONE', #5127, #637, #1047 ) ;
#3493 = ADVANCED_FACE ( 'NONE', ( #2358 ), #486, .F. ) ;
#3494 = EDGE_CURVE ( 'NONE', #5383, #2424, #1455, .T. ) ;
#3495 = DIRECTION ( 'NONE',  ( 1.000000000000000000, 0.000000000000000000, 0.000000000000000000 ) ) ;
#3496 = SURFACE_STYLE_FILL_AREA ( #5283 ) ;
#3497 = EDGE_LOOP ( 'NONE', ( #5728, #4879, #3639, #2638 ) ) ;
#3498 = SURFACE_STYLE_FILL_AREA ( #5201 ) ;
#3499 = LINE ( 'NONE', #411, #707 ) ;
#3500 = COLOUR_RGB ( '',0.8431372549019607865, 0.8431372549019607865, 0.8431372549019607865 ) ;
#3501 = PLANE ( 'NONE',  #3066 ) ;
#3502 = EDGE_CURVE ( 'NONE', #1894, #1886, #49, .T. ) ;
#3503 = CARTESIAN_POINT ( 'NONE',  ( -4.899999999999997691, -5.090973193125844176, 0.5999999999999569011 ) ) ;
#3504 = STYLED_ITEM ( 'NONE', ( #4410 ), #1820 ) ;
#3505 = VERTEX_POINT ( 'NONE', #3113 ) ;
#3506 = CARTESIAN_POINT ( 'NONE',  ( -2.200000000000008615, 4.499823100075543536, 0.000000000000000000 ) ) ;
#3507 = DIRECTION ( 'NONE',  ( 1.000000000000000000, -8.403515615176396771E-17, 0.000000000000000000 ) ) ;
#3508 = CARTESIAN_POINT ( 'NONE',  ( -0.5999999999999998668, -5.840000000000001634, 0.5000000000000000000 ) ) ;
#3509 =( NAMED_UNIT ( * ) SI_UNIT ( $, .STERADIAN. ) SOLID_ANGLE_UNIT ( ) );
#3510 = VECTOR ( 'NONE', #892, 1000.000000000000000 ) ;
#3511 = VECTOR ( 'NONE', #436, 1000.000000000000000 ) ;
#3512 = ORIENTED_EDGE ( 'NONE', *, *, #2055, .F. ) ;
#3513 = CARTESIAN_POINT ( 'NONE',  ( -4.560097823754071911, -7.620914015045218971E-16, 2.399999999999999911 ) ) ;
#3514 = CARTESIAN_POINT ( 'NONE',  ( 4.149999999999999467, -5.540000000000002700, 0.5000000000000000000 ) ) ;
#3515 = VECTOR ( 'NONE', #3465, 1000.000000000000000 ) ;
#3516 = DIRECTION ( 'NONE',  ( 1.000000000000000000, 0.000000000000000000, -0.000000000000000000 ) ) ;
#3517 = ORIENTED_EDGE ( 'NONE', *, *, #3880, .F. ) ;
#3518 = EDGE_LOOP ( 'NONE', ( #5094, #1460, #3752, #1852 ) ) ;
#3519 = AXIS2_PLACEMENT_3D ( 'NONE', #1361, #1396, #960 ) ;
#3520 = ORIENTED_EDGE ( 'NONE', *, *, #4109, .T. ) ;
#3521 = CARTESIAN_POINT ( 'NONE',  ( 4.800973193125841476, -5.190000000000000391, 0.5999999999999569011 ) ) ;
#3522 = SPHERICAL_SURFACE ( 'NONE', #318, 0.1000000000000000056 ) ;
#3523 = FILL_AREA_STYLE_COLOUR ( '', #3500 ) ;
#3524 = DIRECTION ( 'NONE',  ( 0.000000000000000000, -0.000000000000000000, 1.000000000000000000 ) ) ;
#3525 = AXIS2_PLACEMENT_3D ( 'NONE', #11, #4438, #447 ) ;
#3526 = ORIENTED_EDGE ( 'NONE', *, *, #2754, .F. ) ;
#3527 = DIRECTION ( 'NONE',  ( 0.000000000000000000, -1.000000000000000000, 0.000000000000000000 ) ) ;
#3528 = VECTOR ( 'NONE', #5331, 1000.000000000000000 ) ;
#3529 = FILL_AREA_STYLE ('',( #3957 ) ) ;
#3530 = DIRECTION ( 'NONE',  ( -0.000000000000000000, -1.000000000000000000, -0.000000000000000000 ) ) ;
#3531 = EDGE_CURVE ( 'NONE', #2699, #3286, #4112, .T. ) ;
#3532 = LINE ( 'NONE', #1269, #4575 ) ;
#3533 = CARTESIAN_POINT ( 'NONE',  ( -3.400000000000011902, 4.499823100075543536, 0.5000000000000000000 ) ) ;
#3534 = ORIENTED_EDGE ( 'NONE', *, *, #1012, .F. ) ;
#3535 =( NAMED_UNIT ( * ) SI_UNIT ( $, .STERADIAN. ) SOLID_ANGLE_UNIT ( ) );
#3536 = CARTESIAN_POINT ( 'NONE',  ( 0.5999999999999998668, -5.540000000000001812, 0.000000000000000000 ) ) ;
#3537 = EDGE_CURVE ( 'NONE', #128, #4482, #3172, .T. ) ;
#3538 = ADVANCED_FACE ( 'NONE', ( #2703 ), #1338, .T. ) ;
#3539 =( LENGTH_UNIT ( ) NAMED_UNIT ( * ) SI_UNIT ( .MILLI., .METRE. ) );
#3540 = SURFACE_STYLE_FILL_AREA ( #4943 ) ;
#3541 =( NAMED_UNIT ( * ) PLANE_ANGLE_UNIT ( ) SI_UNIT ( $, .RADIAN. ) );
#3542 = MECHANICAL_DESIGN_GEOMETRIC_PRESENTATION_REPRESENTATION (  '', ( #1596 ), #1682 ) ;
#3543 = DIRECTION ( 'NONE',  ( 0.000000000000000000, 0.000000000000000000, -1.000000000000000000 ) ) ;
#3544 = CARTESIAN_POINT ( 'NONE',  ( 0.1999999999999948763, 5.790000000000000036, 0.000000000000000000 ) ) ;
#3545 =( NAMED_UNIT ( * ) SI_UNIT ( $, .STERADIAN. ) SOLID_ANGLE_UNIT ( ) );
#3546 = ORIENTED_EDGE ( 'NONE', *, *, #2963, .F. ) ;
#3547 = MECHANICAL_DESIGN_GEOMETRIC_PRESENTATION_REPRESENTATION (  '', ( #1417 ), #382 ) ;
#3548 = ORIENTED_EDGE ( 'NONE', *, *, #5766, .F. ) ;
#3549 = CARTESIAN_POINT ( 'NONE',  ( -4.182670137274078215, -1.790000000000002478, 0.5000000000000000000 ) ) ;
#3550 = SURFACE_SIDE_STYLE ('',( #585 ) ) ;
#3551 = LINE ( 'NONE', #5760, #2205 ) ;
#3552 = PLANE ( 'NONE',  #5577 ) ;
#3553 = VECTOR ( 'NONE', #5365, 1000.000000000000000 ) ;
#3554 = PLANE ( 'NONE',  #200 ) ;
#3555 = VERTEX_POINT ( 'NONE', #4449 ) ;
#3556 = LINE ( 'NONE', #1344, #3906 ) ;
#3557 = VECTOR ( 'NONE', #1681, 1000.000000000000000 ) ;
#3558 = PLANE ( 'NONE',  #5713 ) ;
#3559 = LINE ( 'NONE', #3119, #3343 ) ;
#3560 = CARTESIAN_POINT ( 'NONE',  ( 4.899999999999999467, 5.190000000000000391, 2.399999999999999911 ) ) ;
#3561 = ORIENTED_EDGE ( 'NONE', *, *, #2410, .T. ) ;
#3562 = CARTESIAN_POINT ( 'NONE',  ( 0.9999999999999947820, 4.499823100075543536, 0.5000000000000000000 ) ) ;
#3563 = CARTESIAN_POINT ( 'NONE',  ( 0.9999999999999947820, 5.790000000000000036, 0.5000000000000000000 ) ) ;
#3564 = DIRECTION ( 'NONE',  ( 1.000000000000000000, 0.000000000000000000, 0.000000000000000000 ) ) ;
#3565 = CLOSED_SHELL ( 'NONE', ( #4046, #1048, #4256, #3725, #3837, #1746, #4618, #1436, #1587, #5241, #3805, #4110, #4453, #1928, #3395, #4053, #4186, #4967, #3251, #2937, #2118, #2515, #3426, #1163, #2294, #3723 ) ) ;
#3566 = EDGE_CURVE ( 'NONE', #813, #5466, #2298, .T. ) ;
#3567 = CARTESIAN_POINT ( 'NONE',  ( 1.399999999999997247, 5.790000000000000036, 0.5000000000000000000 ) ) ;
#3568 = EDGE_CURVE ( 'NONE', #5498, #5200, #4083, .T. ) ;
#3569 = DIRECTION ( 'NONE',  ( 8.403515615176396771E-17, 1.000000000000000000, 0.000000000000000000 ) ) ;
#3570 =( NAMED_UNIT ( * ) PLANE_ANGLE_UNIT ( ) SI_UNIT ( $, .RADIAN. ) );
#3571 = CARTESIAN_POINT ( 'NONE',  ( 4.823259234548942231, 0.8099999999999973888, 0.5000000000000000000 ) ) ;
#3572 = AXIS2_PLACEMENT_3D ( 'NONE', #2516, #3807, #4299 ) ;
#3573 = ORIENTED_EDGE ( 'NONE', *, *, #1206, .F. ) ;
#3574 = ADVANCED_FACE ( 'NONE', ( #4544 ), #5417, .F. ) ;
#3575 = ORIENTED_EDGE ( 'NONE', *, *, #3566, .T. ) ;
#3576 = PLANE ( 'NONE',  #739 ) ;
#3577 = CARTESIAN_POINT ( 'NONE',  ( 4.823259234548942231, -5.190000000000000391, 0.000000000000000000 ) ) ;
#3578 = EDGE_LOOP ( 'NONE', ( #5510, #1499, #60, #1529 ) ) ;
#3579 = AXIS2_PLACEMENT_3D ( 'NONE', #620, #1179, #2426 ) ;
#3580 = LINE ( 'NONE', #5357, #1112 ) ;
#3581 = CARTESIAN_POINT ( 'NONE',  ( 4.823259234548942231, -5.090000000000002522, 0.5000000000000000000 ) ) ;
#3582 = DIRECTION ( 'NONE',  ( -1.000000000000000000, 0.000000000000000000, 0.000000000000000000 ) ) ;
#3583 = STYLED_ITEM ( 'NONE', ( #3288 ), #845 ) ;
#3584 = ORIENTED_EDGE ( 'NONE', *, *, #2858, .T. ) ;
#3585 = CARTESIAN_POINT ( 'NONE',  ( 3.937576565366517567, 0.9099999999999973666, 0.000000000000000000 ) ) ;
#3586 = CARTESIAN_POINT ( 'NONE',  ( 1.399999999999997469, 4.499823100075543536, 0.5000000000000000000 ) ) ;
#3587 = AXIS2_PLACEMENT_3D ( 'NONE', #3126, #2283, #3101 ) ;
#3588 = SURFACE_STYLE_USAGE ( .BOTH. , #3210 ) ;
#3589 = DIRECTION ( 'NONE',  ( 1.000000000000000000, 0.000000000000000000, -0.000000000000000000 ) ) ;
#3590 = STYLED_ITEM ( 'NONE', ( #5629 ), #1510 ) ;
#3591 = ORIENTED_EDGE ( 'NONE', *, *, #4572, .F. ) ;
#3592 = DIRECTION ( 'NONE',  ( 0.000000000000000000, 0.000000000000000000, -1.000000000000000000 ) ) ;
#3593 = LINE ( 'NONE', #4586, #837 ) ;
#3594 =( NAMED_UNIT ( * ) SI_UNIT ( $, .STERADIAN. ) SOLID_ANGLE_UNIT ( ) );
#3595 = FILL_AREA_STYLE_COLOUR ( '', #2974 ) ;
#3596 = AXIS2_PLACEMENT_3D ( 'NONE', #4258, #1516, #3315 ) ;
#3597 =( NAMED_UNIT ( * ) SI_UNIT ( $, .STERADIAN. ) SOLID_ANGLE_UNIT ( ) );
#3598 = CARTESIAN_POINT ( 'NONE',  ( 3.937576565366517567, 0.9099999999999973666, 0.000000000000000000 ) ) ;
#3599 = VERTEX_POINT ( 'NONE', #5015 ) ;
#3600 = LINE ( 'NONE', #13, #5617 ) ;
#3601 = CARTESIAN_POINT ( 'NONE',  ( -1.400000000000009681, 5.190000000000000391, 2.399999999999999911 ) ) ;
#3602 = DIRECTION ( 'NONE',  ( -1.000000000000000000, -0.000000000000000000, -0.000000000000000000 ) ) ;
#3603 = EDGE_CURVE ( 'NONE', #2502, #5258, #3580, .T. ) ;
#3604 = EDGE_CURVE ( 'NONE', #1410, #4748, #555, .T. ) ;
#3605 = STYLED_ITEM ( 'NONE', ( #1530 ), #1928 ) ;
#3606 = VERTEX_POINT ( 'NONE', #4570 ) ;
#3607 = EDGE_LOOP ( 'NONE', ( #3877, #3032, #314, #2926 ) ) ;
#3608 = FILL_AREA_STYLE_COLOUR ( '', #3995 ) ;
#3609 = AXIS2_PLACEMENT_3D ( 'NONE', #1428, #3202, #4988 ) ;
#3610 = CARTESIAN_POINT ( 'NONE',  ( -4.659124630628228125, -7.786409320089169256E-16, 2.313917310096006208 ) ) ;
#3611 = STYLED_ITEM ( 'NONE', ( #3440 ), #2364 ) ;
#3612 = SURFACE_STYLE_USAGE ( .BOTH. , #3550 ) ;
#3613 = ADVANCED_FACE ( 'NONE', ( #4255 ), #5101, .F. ) ;
#3614 = EDGE_CURVE ( 'NONE', #4940, #3376, #1602, .T. ) ;
#3615 = DIRECTION ( 'NONE',  ( 1.000000000000000000, -0.000000000000000000, -0.000000000000000000 ) ) ;
#3616 = UNCERTAINTY_MEASURE_WITH_UNIT (LENGTH_MEASURE( 1.000000000000000082E-05 ), #750, 'distance_accuracy_value', 'NONE');
#3617 = CYLINDRICAL_SURFACE ( 'NONE', #4674, 0.1000000000000001166 ) ;
#3618 = PRESENTATION_LAYER_ASSIGNMENT (  '', '', ( #3908 ) ) ;
#3619 = LINE ( 'NONE', #5360, #1512 ) ;
#3620 = ORIENTED_EDGE ( 'NONE', *, *, #1813, .T. ) ;
#3621 = FACE_OUTER_BOUND ( 'NONE', #2457, .T. ) ;
#3622 =( LENGTH_UNIT ( ) NAMED_UNIT ( * ) SI_UNIT ( .MILLI., .METRE. ) );
#3623 = DIRECTION ( 'NONE',  ( -0.000000000000000000, -0.000000000000000000, -1.000000000000000000 ) ) ;
#3624 = EDGE_CURVE ( 'NONE', #4847, #1857, #5273, .T. ) ;
#3625 = COLOUR_RGB ( '',0.7921568627450980005, 0.8196078431372548767, 0.9333333333333333481 ) ;
#3626 = MECHANICAL_DESIGN_GEOMETRIC_PRESENTATION_REPRESENTATION (  '', ( #3824 ), #363 ) ;
#3627 = FILL_AREA_STYLE_COLOUR ( '', #1051 ) ;
#3628 = PRESENTATION_STYLE_ASSIGNMENT (( #977 ) ) ;
#3629 = PRESENTATION_LAYER_ASSIGNMENT (  '', '', ( #366 ) ) ;
#3630 = EDGE_LOOP ( 'NONE', ( #2903, #1095, #725, #403 ) ) ;
#3631 = SURFACE_STYLE_FILL_AREA ( #3191 ) ;
#3632 = PLANE ( 'NONE',  #2052 ) ;
#3633 = UNCERTAINTY_MEASURE_WITH_UNIT (LENGTH_MEASURE( 1.000000000000000082E-05 ), #3647, 'distance_accuracy_value', 'NONE');
#3634 =( NAMED_UNIT ( * ) SI_UNIT ( $, .STERADIAN. ) SOLID_ANGLE_UNIT ( ) );
#3635 = DIRECTION ( 'NONE',  ( 1.000000000000000000, 0.000000000000000000, 0.000000000000000000 ) ) ;
#3636 = VERTEX_POINT ( 'NONE', #4193 ) ;
#3637 = PRESENTATION_STYLE_ASSIGNMENT (( #4979 ) ) ;
#3638 = ORIENTED_EDGE ( 'NONE', *, *, #434, .F. ) ;
#3639 = ORIENTED_EDGE ( 'NONE', *, *, #2928, .F. ) ;
#3640 = EDGE_CURVE ( 'NONE', #2114, #5689, #219, .T. ) ;
#3641 = EDGE_LOOP ( 'NONE', ( #2631, #904, #5676, #843 ) ) ;
#3642 = FILL_AREA_STYLE ('',( #4953 ) ) ;
#3643 = DIRECTION ( 'NONE',  ( 0.000000000000000000, 0.000000000000000000, -1.000000000000000000 ) ) ;
#3644 = ORIENTED_EDGE ( 'NONE', *, *, #2756, .T. ) ;
#3645 = CARTESIAN_POINT ( 'NONE',  ( -3.400000000000011902, 5.790000000000000036, 0.5000000000000000000 ) ) ;
#3646 = PLANE ( 'NONE',  #723 ) ;
#3647 =( LENGTH_UNIT ( ) NAMED_UNIT ( * ) SI_UNIT ( .MILLI., .METRE. ) );
#3648 = VECTOR ( 'NONE', #241, 1000.000000000000000 ) ;
#3649 =( NAMED_UNIT ( * ) PLANE_ANGLE_UNIT ( ) SI_UNIT ( $, .RADIAN. ) );
#3650 = EDGE_CURVE ( 'NONE', #1902, #5068, #2943, .T. ) ;
#3651 = ADVANCED_FACE ( 'NONE', ( #2879 ), #4638, .T. ) ;
#3652 = VERTEX_POINT ( 'NONE', #2391 ) ;
#3653 = CARTESIAN_POINT ( 'NONE',  ( -3.400000000000011902, 4.499823100075543536, 0.000000000000000000 ) ) ;
#3654 = SURFACE_STYLE_FILL_AREA ( #5022 ) ;
#3655 = DIRECTION ( 'NONE',  ( 1.000000000000000000, -0.000000000000000000, -0.000000000000000000 ) ) ;
#3656 = CARTESIAN_POINT ( 'NONE',  ( -4.560097823754071911, -7.620914015045218971E-16, 2.299999999999999822 ) ) ;
#3657 = LINE ( 'NONE', #4489, #207 ) ;
#3658 = PRESENTATION_LAYER_ASSIGNMENT (  '', '', ( #2348 ) ) ;
#3659 = EDGE_LOOP ( 'NONE', ( #100, #5410, #5539, #327 ) ) ;
#3660 =( NAMED_UNIT ( * ) SI_UNIT ( $, .STERADIAN. ) SOLID_ANGLE_UNIT ( ) );
#3661 = SURFACE_SIDE_STYLE ('',( #925 ) ) ;
#3662 = CARTESIAN_POINT ( 'NONE',  ( -3.937576565366517567, 0.8099999999999973888, 0.5000000000000000000 ) ) ;
#3663 = DIRECTION ( 'NONE',  ( 0.000000000000000000, 0.000000000000000000, -1.000000000000000000 ) ) ;
#3664 = ORIENTED_EDGE ( 'NONE', *, *, #939, .F. ) ;
#3665 = EDGE_LOOP ( 'NONE', ( #1028, #793, #5152, #1376 ) ) ;
#3666 = ORIENTED_EDGE ( 'NONE', *, *, #1437, .T. ) ;
#3667 = DIRECTION ( 'NONE',  ( 0.000000000000000000, 1.000000000000000000, 0.000000000000000000 ) ) ;
#3668 = PRESENTATION_STYLE_ASSIGNMENT (( #4081 ) ) ;
#3669 = CARTESIAN_POINT ( 'NONE',  ( -3.400000000000011902, 4.499823100075543536, 0.5000000000000000000 ) ) ;
#3670 = CARTESIAN_POINT ( 'NONE',  ( -4.899999999999999467, 5.190000000000000391, 0.000000000000000000 ) ) ;
#3671 = VECTOR ( 'NONE', #4354, 1000.000000000000000 ) ;
#3672 = DIRECTION ( 'NONE',  ( 0.000000000000000000, 1.000000000000000000, 0.000000000000000000 ) ) ;
#3673 = COLOUR_RGB ( '',0.2941176470588235392, 0.2941176470588235392, 0.2941176470588235392 ) ;
#3674 = ORIENTED_EDGE ( 'NONE', *, *, #5038, .T. ) ;
#3675 = LINE ( 'NONE', #4962, #438 ) ;
#3676 = SURFACE_SIDE_STYLE ('',( #3149 ) ) ;
#3677 = CARTESIAN_POINT ( 'NONE',  ( 4.900000000000000355, -5.190000000000000391, 0.5999999999999569011 ) ) ;
#3678 = EDGE_CURVE ( 'NONE', #3450, #2872, #3348, .T. ) ;
#3679 = VECTOR ( 'NONE', #4600, 1000.000000000000000 ) ;
#3680 = FILL_AREA_STYLE_COLOUR ( '', #2452 ) ;
#3681 = ORIENTED_EDGE ( 'NONE', *, *, #600, .F. ) ;
#3682 = ORIENTED_EDGE ( 'NONE', *, *, #1509, .T. ) ;
#3683 = DIRECTION ( 'NONE',  ( 0.000000000000000000, 0.000000000000000000, 1.000000000000000000 ) ) ;
#3684 = PRESENTATION_LAYER_ASSIGNMENT (  '', '', ( #43 ) ) ;
#3685 =( LENGTH_UNIT ( ) NAMED_UNIT ( * ) SI_UNIT ( .MILLI., .METRE. ) );
#3686 = CARTESIAN_POINT ( 'NONE',  ( -3.800000000000013589, 5.790000000000000036, 0.5000000000000000000 ) ) ;
#3687 = UNCERTAINTY_MEASURE_WITH_UNIT (LENGTH_MEASURE( 1.000000000000000082E-05 ), #1878, 'distance_accuracy_value', 'NONE');
#3688 = EDGE_CURVE ( 'NONE', #4448, #2843, #1545, .T. ) ;
#3689 = SURFACE_STYLE_FILL_AREA ( #954 ) ;
#3690 = PRESENTATION_LAYER_ASSIGNMENT (  '', '', ( #3885 ) ) ;
#3691 = LINE ( 'NONE', #66, #4963 ) ;
#3692 = VERTEX_POINT ( 'NONE', #4165 ) ;
#3693 =( LENGTH_UNIT ( ) NAMED_UNIT ( * ) SI_UNIT ( .MILLI., .METRE. ) );
#3694 = COLOUR_RGB ( '',0.2941176470588235392, 0.2941176470588235392, 0.2941176470588235392 ) ;
#3695 = SURFACE_STYLE_FILL_AREA ( #4248 ) ;
#3696 = ORIENTED_EDGE ( 'NONE', *, *, #3624, .T. ) ;
#3697 = ORIENTED_EDGE ( 'NONE', *, *, #4396, .F. ) ;
#3698 = SURFACE_STYLE_FILL_AREA ( #1919 ) ;
#3699 = CARTESIAN_POINT ( 'NONE',  ( 0.1999999999999952094, 4.499823100075543536, 0.000000000000000000 ) ) ;
#3700 = FILL_AREA_STYLE ('',( #4990 ) ) ;
#3701 = PRESENTATION_STYLE_ASSIGNMENT (( #4140 ) ) ;
#3702 = VECTOR ( 'NONE', #911, 1000.000000000000000 ) ;
#3703 = PRESENTATION_LAYER_ASSIGNMENT (  '', '', ( #5559 ) ) ;
#3704 = EDGE_LOOP ( 'NONE', ( #1397, #3546, #3015, #1082 ) ) ;
#3705 = LINE ( 'NONE', #3296, #4921 ) ;
#3706 = PLANE ( 'NONE',  #315 ) ;
#3707 = CARTESIAN_POINT ( 'NONE',  ( -2.200000000000008615, 4.499823100075543536, 0.5000000000000000000 ) ) ;
#3708 = VECTOR ( 'NONE', #2261, 1000.000000000000000 ) ;
#3709 = VECTOR ( 'NONE', #2188, 1000.000000000000000 ) ;
#3710 =( NAMED_UNIT ( * ) SI_UNIT ( $, .STERADIAN. ) SOLID_ANGLE_UNIT ( ) );
#3711 = SURFACE_SIDE_STYLE ('',( #5026 ) ) ;
#3712 = EDGE_CURVE ( 'NONE', #344, #4982, #5472, .T. ) ;
#3713 = ORIENTED_EDGE ( 'NONE', *, *, #5180, .T. ) ;
#3714 = DIRECTION ( 'NONE',  ( -1.000000000000000000, 0.000000000000000000, 0.000000000000000000 ) ) ;
#3715 = STYLED_ITEM ( 'NONE', ( #5372 ), #4005 ) ;
#3716 = CARTESIAN_POINT ( 'NONE',  ( 2.199999999999997069, 4.499823100075543536, 0.000000000000000000 ) ) ;
#3717 = VECTOR ( 'NONE', #898, 1000.000000000000000 ) ;
#3718 =( LENGTH_UNIT ( ) NAMED_UNIT ( * ) SI_UNIT ( .MILLI., .METRE. ) );
#3719 = EDGE_LOOP ( 'NONE', ( #2622, #967, #1164, #1711 ) ) ;
#3720 = MECHANICAL_DESIGN_GEOMETRIC_PRESENTATION_REPRESENTATION (  '', ( #3715 ), #4552 ) ;
#3721 = CARTESIAN_POINT ( 'NONE',  ( 4.600000000000000533, 5.790000000000000036, 0.5000000000000000000 ) ) ;
#3722 = DIRECTION ( 'NONE',  ( 0.000000000000000000, 1.000000000000000000, 0.000000000000000000 ) ) ;
#3723 = ADVANCED_FACE ( 'NONE', ( #132 ), #4699, .F. ) ;
#3724 = ORIENTED_EDGE ( 'NONE', *, *, #3321, .T. ) ;
#3725 = ADVANCED_FACE ( 'NONE', ( #795 ), #395, .T. ) ;
#3726 = CARTESIAN_POINT ( 'NONE',  ( -4.899999999999999467, 5.190000000000000391, 0.000000000000000000 ) ) ;
#3727 = EDGE_LOOP ( 'NONE', ( #4643, #783, #3256, #1770 ) ) ;
#3728 = EDGE_CURVE ( 'NONE', #4303, #4198, #4316, .T. ) ;
#3729 = ORIENTED_EDGE ( 'NONE', *, *, #2589, .T. ) ;
#3730 = DIRECTION ( 'NONE',  ( -8.356086107788089316E-17, 1.000000000000000000, -0.000000000000000000 ) ) ;
#3731 = PRESENTATION_STYLE_ASSIGNMENT (( #5046 ) ) ;
#3732 = DIRECTION ( 'NONE',  ( 0.000000000000000000, 1.000000000000000000, 0.000000000000000000 ) ) ;
#3733 = DIRECTION ( 'NONE',  ( -2.443272501375785946E-16, -1.000000000000000000, 0.000000000000000000 ) ) ;
#3734 = CARTESIAN_POINT ( 'NONE',  ( 0.1999999999999952094, 4.499823100075543536, 0.5000000000000000000 ) ) ;
#3735 = VECTOR ( 'NONE', #3435, 1000.000000000000000 ) ;
#3736 = VERTEX_POINT ( 'NONE', #4393 ) ;
#3737 =( NAMED_UNIT ( * ) PLANE_ANGLE_UNIT ( ) SI_UNIT ( $, .RADIAN. ) );
#3738 = DIRECTION ( 'NONE',  ( -1.000000000000000000, -0.000000000000000000, -0.000000000000000000 ) ) ;
#3739 = VERTEX_POINT ( 'NONE', #3000 ) ;
#3740 = AXIS2_PLACEMENT_3D ( 'NONE', #3878, #185, #636 ) ;
#3741 = LINE ( 'NONE', #2428, #1332 ) ;
#3742 = ORIENTED_EDGE ( 'NONE', *, *, #1206, .T. ) ;
#3743 = FACE_OUTER_BOUND ( 'NONE', #3227, .T. ) ;
#3744 = VECTOR ( 'NONE', #3241, 1000.000000000000000 ) ;
#3745 = PRESENTATION_STYLE_ASSIGNMENT (( #4178 ) ) ;
#3746 = DIRECTION ( 'NONE',  ( 0.000000000000000000, 1.000000000000000000, -0.000000000000000000 ) ) ;
#3747 = UNCERTAINTY_MEASURE_WITH_UNIT (LENGTH_MEASURE( 1.000000000000000082E-05 ), #2628, 'distance_accuracy_value', 'NONE');
#3748 = VERTEX_POINT ( 'NONE', #1737 ) ;
#3749 = PRESENTATION_LAYER_ASSIGNMENT (  '', '', ( #2813 ) ) ;
#3750 = DIRECTION ( 'NONE',  ( 1.000000000000000000, 0.000000000000000000, 0.000000000000000000 ) ) ;
#3751 = CARTESIAN_POINT ( 'NONE',  ( 3.800000000000000711, 5.790000000000000036, 0.5000000000000000000 ) ) ;
#3752 = ORIENTED_EDGE ( 'NONE', *, *, #4531, .T. ) ;
#3753 = PLANE ( 'NONE',  #3740 ) ;
#3754 = PRESENTATION_LAYER_ASSIGNMENT (  '', '', ( #4785 ) ) ;
#3755 = PRESENTATION_STYLE_ASSIGNMENT (( #1139 ) ) ;
#3756 = FACE_OUTER_BOUND ( 'NONE', #3890, .T. ) ;
#3757 = EDGE_CURVE ( 'NONE', #4743, #1539, #3403, .T. ) ;
#3758 = EDGE_CURVE ( 'NONE', #4569, #4748, #2562, .T. ) ;
#3759 = ORIENTED_EDGE ( 'NONE', *, *, #3185, .F. ) ;
#3760 = AXIS2_PLACEMENT_3D ( 'NONE', #5260, #361, #1678 ) ;
#3761 = ORIENTED_EDGE ( 'NONE', *, *, #812, .F. ) ;
#3762 =( LENGTH_UNIT ( ) NAMED_UNIT ( * ) SI_UNIT ( .MILLI., .METRE. ) );
#3763 = FACE_OUTER_BOUND ( 'NONE', #4867, .T. ) ;
#3764 = DIRECTION ( 'NONE',  ( -0.000000000000000000, -1.000000000000000000, -0.000000000000000000 ) ) ;
#3765 = VECTOR ( 'NONE', #3386, 1000.000000000000000 ) ;
#3766 = DIRECTION ( 'NONE',  ( 1.000000000000000000, -0.000000000000000000, 0.000000000000000000 ) ) ;
#3767 = CARTESIAN_POINT ( 'NONE',  ( 2.600000000000000533, 5.790000000000000036, 0.5000000000000000000 ) ) ;
#3768 = ADVANCED_FACE ( 'NONE', ( #5724 ), #5300, .F. ) ;
#3769 = LINE ( 'NONE', #4676, #1060 ) ;
#3770 = ORIENTED_EDGE ( 'NONE', *, *, #2187, .T. ) ;
#3771 = SURFACE_STYLE_FILL_AREA ( #5108 ) ;
#3772 = CARTESIAN_POINT ( 'NONE',  ( 4.600000000000000533, 5.190000000000000391, 0.5000000000000000000 ) ) ;
#3773 = PRESENTATION_LAYER_ASSIGNMENT (  '', '', ( #121 ) ) ;
#3774 = DIRECTION ( 'NONE',  ( 0.000000000000000000, -1.000000000000000000, 0.000000000000000000 ) ) ;
#3775 = MANIFOLD_SOLID_BREP ( 'Boss-Extrude2[2]', #3565 ) ;
#3776 =( NAMED_UNIT ( * ) PLANE_ANGLE_UNIT ( ) SI_UNIT ( $, .RADIAN. ) );
#3777 = MECHANICAL_DESIGN_GEOMETRIC_PRESENTATION_REPRESENTATION (  '', ( #2184 ), #3480 ) ;
#3778 = SURFACE_STYLE_FILL_AREA ( #5083 ) ;
#3779 = EDGE_LOOP ( 'NONE', ( #3090, #756, #5479, #592 ) ) ;
#3780 = PLANE ( 'NONE',  #3991 ) ;
#3781 = CARTESIAN_POINT ( 'NONE',  ( 3.800000000000000266, 3.790000000000000036, 0.000000000000000000 ) ) ;
#3782 = SURFACE_STYLE_FILL_AREA ( #1158 ) ;
#3783 = LINE ( 'NONE', #5547, #5092 ) ;
#3784 = VECTOR ( 'NONE', #5646, 1000.000000000000000 ) ;
#3785 = EDGE_LOOP ( 'NONE', ( #566, #2119, #5227, #5051 ) ) ;
#3786 = LINE ( 'NONE', #4184, #1687 ) ;
#3787 = LINE ( 'NONE', #4774, #4217 ) ;
#3788 = PRESENTATION_LAYER_ASSIGNMENT (  '', '', ( #2942 ) ) ;
#3789 = ORIENTED_EDGE ( 'NONE', *, *, #4571, .T. ) ;
#3790 =( NAMED_UNIT ( * ) SI_UNIT ( $, .STERADIAN. ) SOLID_ANGLE_UNIT ( ) );
#3791 = FACE_OUTER_BOUND ( 'NONE', #5700, .T. ) ;
#3792 = ORIENTED_EDGE ( 'NONE', *, *, #4012, .T. ) ;
#3793 = EDGE_CURVE ( 'NONE', #5042, #2817, #3965, .T. ) ;
#3794 = DIRECTION ( 'NONE',  ( -1.680703123035279354E-16, -1.000000000000000000, 0.000000000000000000 ) ) ;
#3795 = EDGE_CURVE ( 'NONE', #4634, #2437, #4534, .T. ) ;
#3796 = PLANE ( 'NONE',  #810 ) ;
#3797 = CARTESIAN_POINT ( 'NONE',  ( -0.5999999999999998668, -5.840000000000001634, 0.000000000000000000 ) ) ;
#3798 = UNCERTAINTY_MEASURE_WITH_UNIT (LENGTH_MEASURE( 1.000000000000000082E-05 ), #2112, 'distance_accuracy_value', 'NONE');
#3799 = PLANE ( 'NONE',  #4106 ) ;
#3800 = ADVANCED_BREP_SHAPE_REPRESENTATION ( 'NVBLS1D1N08H', ( #1977, #3775, #5720, #39, #3917, #5436 ), #3198 ) ;
#3801 = AXIS2_PLACEMENT_3D ( 'NONE', #5262, #1680, #3451 ) ;
#3802 = PLANE ( 'NONE',  #1610 ) ;
#3803 = ORIENTED_EDGE ( 'NONE', *, *, #4420, .T. ) ;
#3804 = EDGE_CURVE ( 'NONE', #4775, #4353, #4021, .T. ) ;
#3805 = ADVANCED_FACE ( 'NONE', ( #4105 ), #423, .T. ) ;
#3806 = VERTEX_POINT ( 'NONE', #2759 ) ;
#3807 = DIRECTION ( 'NONE',  ( 0.000000000000000000, 1.000000000000000000, -0.000000000000000000 ) ) ;
#3808 = CYLINDRICAL_SURFACE ( 'NONE', #4734, 0.3750000000000003331 ) ;
#3809 = VECTOR ( 'NONE', #835, 1000.000000000000000 ) ;
#3810 = VECTOR ( 'NONE', #111, 1000.000000000000000 ) ;
#3811 = FILL_AREA_STYLE_COLOUR ( '', #2825 ) ;
#3812 = EDGE_LOOP ( 'NONE', ( #4128, #934, #1020, #4328, #4684, #920, #5353, #2815, #3360, #3134, #1944, #3189, #2619, #1559, #4590, #4711 ) ) ;
#3813 = DIRECTION ( 'NONE',  ( 1.000000000000000000, -0.000000000000000000, -0.000000000000000000 ) ) ;
#3814 = LINE ( 'NONE', #2922, #1483 ) ;
#3815 = PRESENTATION_LAYER_ASSIGNMENT (  '', '', ( #1568 ) ) ;
#3816 = DIRECTION ( 'NONE',  ( -0.000000000000000000, -0.000000000000000000, -1.000000000000000000 ) ) ;
#3817 = VECTOR ( 'NONE', #5389, 1000.000000000000000 ) ;
#3818 = ORIENTED_EDGE ( 'NONE', *, *, #5398, .T. ) ;
#3819 = FILL_AREA_STYLE ('',( #4276 ) ) ;
#3820 = SURFACE_SIDE_STYLE ('',( #3337 ) ) ;
#3821 = VECTOR ( 'NONE', #279, 1000.000000000000000 ) ;
#3822 = ORIENTED_EDGE ( 'NONE', *, *, #4538, .T. ) ;
#3823 =( NAMED_UNIT ( * ) SI_UNIT ( $, .STERADIAN. ) SOLID_ANGLE_UNIT ( ) );
#3824 = STYLED_ITEM ( 'NONE', ( #3150 ), #3251 ) ;
#3825 = AXIS2_PLACEMENT_3D ( 'NONE', #119, #2060, #1209 ) ;
#3826 = ORIENTED_EDGE ( 'NONE', *, *, #600, .T. ) ;
#3827 = CARTESIAN_POINT ( 'NONE',  ( -4.823259234548942231, -1.790000000000002478, 0.5000000000000000000 ) ) ;
#3828 = FACE_OUTER_BOUND ( 'NONE', #3116, .T. ) ;
#3829 = ADVANCED_FACE ( 'NONE', ( #512 ), #5381, .F. ) ;
#3830 = ORIENTED_EDGE ( 'NONE', *, *, #4332, .F. ) ;
#3831 = PRESENTATION_STYLE_ASSIGNMENT (( #5540 ) ) ;
#3832 = VECTOR ( 'NONE', #489, 1000.000000000000000 ) ;
#3833 = CARTESIAN_POINT ( 'NONE',  ( 0.5999999999999998668, -5.840000000000001634, 0.5000000000000000000 ) ) ;
#3834 =( LENGTH_UNIT ( ) NAMED_UNIT ( * ) SI_UNIT ( .MILLI., .METRE. ) );
#3835 = FILL_AREA_STYLE ('',( #1473 ) ) ;
#3836 = ADVANCED_FACE ( 'NONE', ( #2292 ), #1883, .T. ) ;
#3837 = ADVANCED_FACE ( 'NONE', ( #188 ), #4188, .T. ) ;
#3838 = VECTOR ( 'NONE', #5208, 1000.000000000000000 ) ;
#3839 = CARTESIAN_POINT ( 'NONE',  ( 0.9999999999999947820, 5.790000000000000036, 0.5000000000000000000 ) ) ;
#3840 = CARTESIAN_POINT ( 'NONE',  ( 4.182670137274078215, -5.090000000000002522, 0.5000000000000000000 ) ) ;
#3841 = ORIENTED_EDGE ( 'NONE', *, *, #2408, .T. ) ;
#3842 = PLANE ( 'NONE',  #2860 ) ;
#3843 = PLANE ( 'NONE',  #5442 ) ;
#3844 = PLANE ( 'NONE',  #4997 ) ;
#3845 = FACE_OUTER_BOUND ( 'NONE', #4380, .T. ) ;
#3846 = AXIS2_PLACEMENT_3D ( 'NONE', #2411, #3750, #5259 ) ;
#3847 = ORIENTED_EDGE ( 'NONE', *, *, #5181, .F. ) ;
#3848 =( LENGTH_UNIT ( ) NAMED_UNIT ( * ) SI_UNIT ( .MILLI., .METRE. ) );
#3849 = CARTESIAN_POINT ( 'NONE',  ( -4.899999999999999467, 5.190000000000000391, 0.5000000000000000000 ) ) ;
#3850 = CARTESIAN_POINT ( 'NONE',  ( -1.000000000000006661, 4.499823100075543536, 0.5000000000000000000 ) ) ;
#3851 = VECTOR ( 'NONE', #1465, 1000.000000000000000 ) ;
#3852 = VECTOR ( 'NONE', #5624, 1000.000000000000000 ) ;
#3853 = VERTEX_POINT ( 'NONE', #1597 ) ;
#3854 = LINE ( 'NONE', #3402, #4548 ) ;
#3855 = SPHERICAL_SURFACE ( 'NONE', #1177, 0.1000000000000000056 ) ;
#3856 = DIRECTION ( 'NONE',  ( -0.000000000000000000, -0.000000000000000000, -1.000000000000000000 ) ) ;
#3857 = AXIS2_PLACEMENT_3D ( 'NONE', #2234, #5319, #1707 ) ;
#3858 = VERTEX_POINT ( 'NONE', #1482 ) ;
#3859 = SURFACE_SIDE_STYLE ('',( #741 ) ) ;
#3860 = STYLED_ITEM ( 'NONE', ( #3628 ), #5561 ) ;
#3861 = CARTESIAN_POINT ( 'NONE',  ( 0.5999999999999998668, -5.840000000000001634, 0.000000000000000000 ) ) ;
#3862 = FILL_AREA_STYLE_COLOUR ( '', #5376 ) ;
#3863 = PRESENTATION_STYLE_ASSIGNMENT (( #3219 ) ) ;
#3864 = DIRECTION ( 'NONE',  ( -1.000000000000000000, 0.000000000000000000, 0.000000000000000000 ) ) ;
#3865 = DIRECTION ( 'NONE',  ( -1.000000000000000000, -2.443272501375785452E-16, 0.000000000000000000 ) ) ;
#3866 = AXIS2_PLACEMENT_3D ( 'NONE', #4712, #1998, #2431 ) ;
#3867 = VERTEX_POINT ( 'NONE', #1976 ) ;
#3868 = PLANE ( 'NONE',  #4736 ) ;
#3869 = PLANE ( 'NONE',  #3866 ) ;
#3870 = DIRECTION ( 'NONE',  ( -0.000000000000000000, -0.000000000000000000, -1.000000000000000000 ) ) ;
#3871 = ADVANCED_FACE ( 'NONE', ( #1140 ), #1111, .F. ) ;
#3872 = ADVANCED_FACE ( 'NONE', ( #3756 ), #4595, .T. ) ;
#3873 = CARTESIAN_POINT ( 'NONE',  ( -4.827756129431176824, -5.190000000000000391, 0.5999999999999552358 ) ) ;
#3874 = UNCERTAINTY_MEASURE_WITH_UNIT (LENGTH_MEASURE( 1.000000000000000082E-05 ), #3962, 'distance_accuracy_value', 'NONE');
#3875 = ORIENTED_EDGE ( 'NONE', *, *, #2248, .F. ) ;
#3876 = SURFACE_SIDE_STYLE ('',( #300 ) ) ;
#3877 = ORIENTED_EDGE ( 'NONE', *, *, #5497, .F. ) ;
#3878 = CARTESIAN_POINT ( 'NONE',  ( 3.937576565366517567, 0.9099999999999973666, 0.5000000000000000000 ) ) ;
#3879 =( GEOMETRIC_REPRESENTATION_CONTEXT ( 3 ) GLOBAL_UNCERTAINTY_ASSIGNED_CONTEXT ( ( #5534 ) ) GLOBAL_UNIT_ASSIGNED_CONTEXT ( ( #4476, #4927, #2672 ) ) REPRESENTATION_CONTEXT ( 'NONE', 'WORKASPACE' ) );
#3880 = EDGE_CURVE ( 'NONE', #5402, #3190, #2901, .T. ) ;
#3881 = LINE ( 'NONE', #2614, #422 ) ;
#3882 = PLANE ( 'NONE',  #2602 ) ;
#3883 =( NAMED_UNIT ( * ) PLANE_ANGLE_UNIT ( ) SI_UNIT ( $, .RADIAN. ) );
#3884 = LINE ( 'NONE', #3125, #2046 ) ;
#3885 = STYLED_ITEM ( 'NONE', ( #983 ), #1319 ) ;
#3886 =( LENGTH_UNIT ( ) NAMED_UNIT ( * ) SI_UNIT ( .MILLI., .METRE. ) );
#3887 = DIRECTION ( 'NONE',  ( 2.168404344971008868E-16, 1.000000000000000000, -0.000000000000000000 ) ) ;
#3888 = EDGE_LOOP ( 'NONE', ( #559, #1424, #1440, #1160 ) ) ;
#3889 = AXIS2_PLACEMENT_3D ( 'NONE', #4273, #3417, #295 ) ;
#3890 = EDGE_LOOP ( 'NONE', ( #3082, #4464, #3960, #4855 ) ) ;
#3891 = LINE ( 'NONE', #2161, #4803 ) ;
#3892 = VERTEX_POINT ( 'NONE', #2039 ) ;
#3893 = AXIS2_PLACEMENT_3D ( 'NONE', #2231, #4016, #2147 ) ;
#3894 = PLANE ( 'NONE',  #3188 ) ;
#3895 = ORIENTED_EDGE ( 'NONE', *, *, #5701, .T. ) ;
#3896 = CARTESIAN_POINT ( 'NONE',  ( -3.800000000000013589, 5.790000000000000036, 0.000000000000000000 ) ) ;
#3897 = CARTESIAN_POINT ( 'NONE',  ( 2.600000000000000533, 4.499823100075543536, 0.5000000000000000000 ) ) ;
#3898 = DIRECTION ( 'NONE',  ( 1.680703123035279354E-16, -1.000000000000000000, 0.000000000000000000 ) ) ;
#3899 = VECTOR ( 'NONE', #1645, 1000.000000000000000 ) ;
#3900 = ORIENTED_EDGE ( 'NONE', *, *, #3640, .T. ) ;
#3901 = DIRECTION ( 'NONE',  ( 0.000000000000000000, -0.000000000000000000, 1.000000000000000000 ) ) ;
#3902 = CARTESIAN_POINT ( 'NONE',  ( -4.555099101707708265, 4.746072294833550309, 3.054097408932103797 ) ) ;
#3903 = EDGE_LOOP ( 'NONE', ( #1333, #5570, #1155, #3713, #1762, #347, #2841, #4032, #5581, #2442, #771, #4, #5607, #2530, #4169, #5352, #2983, #5670, #609, #44, #2240, #2377, #833, #393 ) ) ;
#3904 = CARTESIAN_POINT ( 'NONE',  ( -4.823259234548942231, -5.090000000000002522, 0.000000000000000000 ) ) ;
#3905 =( GEOMETRIC_REPRESENTATION_CONTEXT ( 3 ) GLOBAL_UNCERTAINTY_ASSIGNED_CONTEXT ( ( #4625 ) ) GLOBAL_UNIT_ASSIGNED_CONTEXT ( ( #3973, #801, #5278 ) ) REPRESENTATION_CONTEXT ( 'NONE', 'WORKASPACE' ) );
#3906 = VECTOR ( 'NONE', #1924, 1000.000000000000000 ) ;
#3907 = DIRECTION ( 'NONE',  ( -0.000000000000000000, -1.000000000000000000, -0.000000000000000000 ) ) ;
#3908 = STYLED_ITEM ( 'NONE', ( #2047 ), #3651 ) ;
#3909 = AXIS2_PLACEMENT_3D ( 'NONE', #4599, #4222, #217 ) ;
#3910 = EDGE_CURVE ( 'NONE', #4983, #2527, #157, .T. ) ;
#3911 = DIRECTION ( 'NONE',  ( 0.000000000000000000, -0.000000000000000000, -1.000000000000000000 ) ) ;
#3912 = EDGE_CURVE ( 'NONE', #1077, #1730, #4751, .T. ) ;
#3913 = EDGE_LOOP ( 'NONE', ( #4692, #3980, #3591, #4434 ) ) ;
#3914 = STYLED_ITEM ( 'NONE', ( #4805 ), #3917 ) ;
#3915 = VECTOR ( 'NONE', #5138, 1000.000000000000000 ) ;
#3916 = DIRECTION ( 'NONE',  ( 0.000000000000000000, 0.000000000000000000, -1.000000000000000000 ) ) ;
#3917 = MANIFOLD_SOLID_BREP ( 'Boss-Extrude3', #5338 ) ;
#3918 = PLANE ( 'NONE',  #1966 ) ;
#3919 = MECHANICAL_DESIGN_GEOMETRIC_PRESENTATION_REPRESENTATION (  '', ( #5210 ), #3070 ) ;
#3920 = ORIENTED_EDGE ( 'NONE', *, *, #2087, .F. ) ;
#3921 = DIRECTION ( 'NONE',  ( 1.000000000000000000, -0.000000000000000000, -0.000000000000000000 ) ) ;
#3922 = CARTESIAN_POINT ( 'NONE',  ( -3.937576565366517567, 0.8099999999999973888, 0.000000000000000000 ) ) ;
#3923 = ORIENTED_EDGE ( 'NONE', *, *, #728, .T. ) ;
#3924 = SURFACE_STYLE_USAGE ( .BOTH. , #5246 ) ;
#3925 = DIRECTION ( 'NONE',  ( 0.000000000000000000, 1.000000000000000000, 0.000000000000000000 ) ) ;
#3926 = AXIS2_PLACEMENT_3D ( 'NONE', #4137, #2269, #5017 ) ;
#3927 = ORIENTED_EDGE ( 'NONE', *, *, #2397, .T. ) ;
#3928 =( NAMED_UNIT ( * ) PLANE_ANGLE_UNIT ( ) SI_UNIT ( $, .RADIAN. ) );
#3929 = CARTESIAN_POINT ( 'NONE',  ( 3.800000000000000266, 3.790000000000000036, 0.000000000000000000 ) ) ;
#3930 = CARTESIAN_POINT ( 'NONE',  ( -4.823259234548942231, -1.790000000000002478, 0.000000000000000000 ) ) ;
#3931 = MECHANICAL_DESIGN_GEOMETRIC_PRESENTATION_REPRESENTATION (  '', ( #2993 ), #3357 ) ;
#3932 = EDGE_LOOP ( 'NONE', ( #2846, #1267, #379, #777 ) ) ;
#3933 = SURFACE_STYLE_FILL_AREA ( #1781 ) ;
#3934 = VERTEX_POINT ( 'NONE', #4387 ) ;
#3935 = SURFACE_STYLE_USAGE ( .BOTH. , #5719 ) ;
#3936 = COLOUR_RGB ( '',0.8431372549019607865, 0.8431372549019607865, 0.8431372549019607865 ) ;
#3937 = VERTEX_POINT ( 'NONE', #1248 ) ;
#3938 = PRESENTATION_LAYER_ASSIGNMENT (  '', '', ( #3374 ) ) ;
#3939 = DIRECTION ( 'NONE',  ( 0.000000000000000000, -0.000000000000000000, -1.000000000000000000 ) ) ;
#3940 = CARTESIAN_POINT ( 'NONE',  ( -0.5999999999999998668, -5.840000000000001634, 0.5000000000000000000 ) ) ;
#3941 = EDGE_CURVE ( 'NONE', #3867, #5367, #3424, .T. ) ;
#3942 = EDGE_CURVE ( 'NONE', #2351, #3739, #2069, .T. ) ;
#3943 = DIRECTION ( 'NONE',  ( -0.000000000000000000, 0.000000000000000000, 1.000000000000000000 ) ) ;
#3944 = VECTOR ( 'NONE', #1031, 1000.000000000000000 ) ;
#3945 = ORIENTED_EDGE ( 'NONE', *, *, #802, .T. ) ;
#3946 = CARTESIAN_POINT ( 'NONE',  ( -4.899999999999999467, 5.190000000000000391, 0.5000000000000000000 ) ) ;
#3947 = CARTESIAN_POINT ( 'NONE',  ( 4.823259234548942231, 0.8099999999999973888, 0.000000000000000000 ) ) ;
#3948 = ORIENTED_EDGE ( 'NONE', *, *, #4388, .T. ) ;
#3949 = FACE_OUTER_BOUND ( 'NONE', #905, .T. ) ;
#3950 = PRESENTATION_LAYER_ASSIGNMENT (  '', '', ( #685 ) ) ;
#3951 = ADVANCED_FACE ( 'NONE', ( #4342 ), #3882, .T. ) ;
#3952 = FACE_OUTER_BOUND ( 'NONE', #1292, .T. ) ;
#3953 = CARTESIAN_POINT ( 'NONE',  ( 0.000000000000000000, 0.000000000000000000, 0.000000000000000000 ) ) ;
#3954 = DIRECTION ( 'NONE',  ( 1.000000000000000000, 0.000000000000000000, 0.000000000000000000 ) ) ;
#3955 = PRESENTATION_LAYER_ASSIGNMENT (  '', '', ( #4129 ) ) ;
#3956 = EDGE_LOOP ( 'NONE', ( #5710, #4598, #2354, #3789 ) ) ;
#3957 = FILL_AREA_STYLE_COLOUR ( '', #4138 ) ;
#3958 = FILL_AREA_STYLE_COLOUR ( '', #1391 ) ;
#3959 = CARTESIAN_POINT ( 'NONE',  ( -3.800000000000013589, 5.790000000000000036, 0.5000000000000000000 ) ) ;
#3960 = ORIENTED_EDGE ( 'NONE', *, *, #5147, .T. ) ;
#3961 = CARTESIAN_POINT ( 'NONE',  ( 0.000000000000000000, -4.850097823754071946, 2.399999999999999911 ) ) ;
#3962 =( LENGTH_UNIT ( ) NAMED_UNIT ( * ) SI_UNIT ( .MILLI., .METRE. ) );
#3963 = ORIENTED_EDGE ( 'NONE', *, *, #2015, .T. ) ;
#3964 = CARTESIAN_POINT ( 'NONE',  ( 3.897026497535696077, 4.187026497535694780, 2.399999999999999911 ) ) ;
#3965 = LINE ( 'NONE', #1331, #3708 ) ;
#3966 = VECTOR ( 'NONE', #858, 1000.000000000000000 ) ;
#3967 = ORIENTED_EDGE ( 'NONE', *, *, #3880, .T. ) ;
#3968 = EDGE_CURVE ( 'NONE', #1032, #1950, #2934, .T. ) ;
#3969 = VECTOR ( 'NONE', #5323, 1000.000000000000000 ) ;
#3970 = VERTEX_POINT ( 'NONE', #3452 ) ;
#3971 =( NAMED_UNIT ( * ) PLANE_ANGLE_UNIT ( ) SI_UNIT ( $, .RADIAN. ) );
#3972 = EDGE_LOOP ( 'NONE', ( #2278, #1416, #409, #3063 ) ) ;
#3973 =( LENGTH_UNIT ( ) NAMED_UNIT ( * ) SI_UNIT ( .MILLI., .METRE. ) );
#3974 =( NAMED_UNIT ( * ) SI_UNIT ( $, .STERADIAN. ) SOLID_ANGLE_UNIT ( ) );
#3975 = PRESENTATION_LAYER_ASSIGNMENT (  '', '', ( #517 ) ) ;
#3976 =( LENGTH_UNIT ( ) NAMED_UNIT ( * ) SI_UNIT ( .MILLI., .METRE. ) );
#3977 = EDGE_CURVE ( 'NONE', #1230, #4847, #2149, .T. ) ;
#3978 =( LENGTH_UNIT ( ) NAMED_UNIT ( * ) SI_UNIT ( .MILLI., .METRE. ) );
#3979 = EDGE_CURVE ( 'NONE', #3168, #2159, #276, .T. ) ;
#3980 = ORIENTED_EDGE ( 'NONE', *, *, #3290, .F. ) ;
#3981 = CARTESIAN_POINT ( 'NONE',  ( -2.200000000000009059, 5.190000000000000391, 0.5000000000000000000 ) ) ;
#3982 = VECTOR ( 'NONE', #4688, 1000.000000000000000 ) ;
#3983 = DIRECTION ( 'NONE',  ( 0.000000000000000000, 0.000000000000000000, -1.000000000000000000 ) ) ;
#3984 = PRESENTATION_LAYER_ASSIGNMENT (  '', '', ( #3504 ) ) ;
#3985 = VERTEX_POINT ( 'NONE', #3478 ) ;
#3986 = FACE_OUTER_BOUND ( 'NONE', #2920, .T. ) ;
#3987 = LINE ( 'NONE', #2232, #2131 ) ;
#3988 = FILL_AREA_STYLE_COLOUR ( '', #1914 ) ;
#3989 = LINE ( 'NONE', #1788, #4284 ) ;
#3990 = VECTOR ( 'NONE', #1464, 1000.000000000000000 ) ;
#3991 = AXIS2_PLACEMENT_3D ( 'NONE', #1156, #266, #2493 ) ;
#3992 = SURFACE_SIDE_STYLE ('',( #3164 ) ) ;
#3993 = CARTESIAN_POINT ( 'NONE',  ( -3.800000000000013589, 4.499823100075543536, 0.5000000000000000000 ) ) ;
#3994 = MECHANICAL_DESIGN_GEOMETRIC_PRESENTATION_REPRESENTATION (  '', ( #4641 ), #4168 ) ;
#3995 = COLOUR_RGB ( '',0.8431372549019607865, 0.8431372549019607865, 0.8431372549019607865 ) ;
#3996 = ORIENTED_EDGE ( 'NONE', *, *, #4395, .F. ) ;
#3997 = STYLED_ITEM ( 'NONE', ( #5615 ), #3725 ) ;
#3998 = STYLED_ITEM ( 'NONE', ( #4525 ), #2891 ) ;
#3999 = ORIENTED_EDGE ( 'NONE', *, *, #4934, .T. ) ;
#4000 = CARTESIAN_POINT ( 'NONE',  ( 2.600000000000000533, 5.790000000000000036, 0.000000000000000000 ) ) ;
#4001 = FILL_AREA_STYLE ('',( #5305 ) ) ;
#4002 = FILL_AREA_STYLE ('',( #5648 ) ) ;
#4003 = CARTESIAN_POINT ( 'NONE',  ( -4.899999999999999467, 5.090973193125843288, 0.5999999999999569011 ) ) ;
#4004 = SURFACE_SIDE_STYLE ('',( #432 ) ) ;
#4005 = ADVANCED_FACE ( 'NONE', ( #2692 ), #3632, .T. ) ;
#4006 =( GEOMETRIC_REPRESENTATION_CONTEXT ( 3 ) GLOBAL_UNCERTAINTY_ASSIGNED_CONTEXT ( ( #5642 ) ) GLOBAL_UNIT_ASSIGNED_CONTEXT ( ( #3473, #3072, #1754 ) ) REPRESENTATION_CONTEXT ( 'NONE', 'WORKASPACE' ) );
#4007 = ORIENTED_EDGE ( 'NONE', *, *, #3079, .F. ) ;
#4008 = DIRECTION ( 'NONE',  ( -0.000000000000000000, -0.000000000000000000, -1.000000000000000000 ) ) ;
#4009 = COLOUR_RGB ( '',0.8431372549019607865, 0.8431372549019607865, 0.8431372549019607865 ) ;
#4010 =( NAMED_UNIT ( * ) PLANE_ANGLE_UNIT ( ) SI_UNIT ( $, .RADIAN. ) );
#4011 = CARTESIAN_POINT ( 'NONE',  ( -4.600000000000013856, 5.790000000000000036, 0.000000000000000000 ) ) ;
#4012 = EDGE_CURVE ( 'NONE', #3083, #1107, #267, .T. ) ;
#4013 = EDGE_CURVE ( 'NONE', #2101, #2765, #3989, .T. ) ;
#4014 = CYLINDRICAL_SURFACE ( 'NONE', #4951, 0.1000000000000002554 ) ;
#4015 = ORIENTED_EDGE ( 'NONE', *, *, #151, .F. ) ;
#4016 = DIRECTION ( 'NONE',  ( -0.000000000000000000, 0.000000000000000000, 1.000000000000000000 ) ) ;
#4017 = CARTESIAN_POINT ( 'NONE',  ( -4.560097823754071911, 4.850097823754071946, 2.299999999999999822 ) ) ;
#4018 = SURFACE_STYLE_FILL_AREA ( #4043 ) ;
#4019 = MECHANICAL_DESIGN_GEOMETRIC_PRESENTATION_REPRESENTATION (  '', ( #4195 ), #1041 ) ;
#4020 = CARTESIAN_POINT ( 'NONE',  ( 3.522026497535696077, 4.187026497535694780, 2.399999999999999911 ) ) ;
#4021 = LINE ( 'NONE', #4919, #5382 ) ;
#4022 = AXIS2_PLACEMENT_3D ( 'NONE', #122, #4101, #4069 ) ;
#4023 = ORIENTED_EDGE ( 'NONE', *, *, #5601, .F. ) ;
#4024 = STYLED_ITEM ( 'NONE', ( #2276 ), #4792 ) ;
#4025 = ORIENTED_EDGE ( 'NONE', *, *, #4608, .T. ) ;
#4026 = FACE_OUTER_BOUND ( 'NONE', #1489, .T. ) ;
#4027 = CARTESIAN_POINT ( 'NONE',  ( -2.200000000000009504, 5.790000000000000036, 0.5000000000000000000 ) ) ;
#4028 = FILL_AREA_STYLE ('',( #1774 ) ) ;
#4029 = DIRECTION ( 'NONE',  ( -1.000000000000000000, 0.000000000000000000, -0.000000000000000000 ) ) ;
#4030 = UNCERTAINTY_MEASURE_WITH_UNIT (LENGTH_MEASURE( 1.000000000000000082E-05 ), #3268, 'distance_accuracy_value', 'NONE');
#4031 = FILL_AREA_STYLE_COLOUR ( '', #2902 ) ;
#4032 = ORIENTED_EDGE ( 'NONE', *, *, #878, .T. ) ;
#4033 =( NAMED_UNIT ( * ) PLANE_ANGLE_UNIT ( ) SI_UNIT ( $, .RADIAN. ) );
#4034 = MECHANICAL_DESIGN_GEOMETRIC_PRESENTATION_REPRESENTATION (  '', ( #2813 ), #5513 ) ;
#4035 = FACE_OUTER_BOUND ( 'NONE', #3497, .T. ) ;
#4036 = LINE ( 'NONE', #4486, #735 ) ;
#4037 = CARTESIAN_POINT ( 'NONE',  ( 1.399999999999997469, 4.499823100075543536, 0.5000000000000000000 ) ) ;
#4038 = DIRECTION ( 'NONE',  ( -0.000000000000000000, -0.000000000000000000, -1.000000000000000000 ) ) ;
#4039 = EDGE_CURVE ( 'NONE', #4826, #4847, #538, .T. ) ;
#4040 = EDGE_LOOP ( 'NONE', ( #4054, #797, #2450, #4131, #1217, #3141, #956, #1887, #104, #2897, #5361, #480, #3803, #2309, #1081, #2084, #680, #4107, #2512, #4132, #3724, #5658, #5090, #5726, #3584, #4099, #710, #2303 ) ) ;
#4041 = EDGE_CURVE ( 'NONE', #1484, #2946, #3330, .T. ) ;
#4042 = AXIS2_PLACEMENT_3D ( 'NONE', #1439, #29, #4996 ) ;
#4043 = FILL_AREA_STYLE ('',( #3988 ) ) ;
#4044 = SURFACE_STYLE_USAGE ( .BOTH. , #4496 ) ;
#4045 = DIRECTION ( 'NONE',  ( -1.000000000000000000, 0.000000000000000000, 0.000000000000000000 ) ) ;
#4046 = ADVANCED_FACE ( 'NONE', ( #3127 ), #5406, .T. ) ;
#4047 = EDGE_CURVE ( 'NONE', #3858, #5340, #1303, .T. ) ;
#4048 = DIRECTION ( 'NONE',  ( -1.680703123035279354E-16, 1.000000000000000000, -0.000000000000000000 ) ) ;
#4049 = CARTESIAN_POINT ( 'NONE',  ( 0.5999999999999998668, -5.840000000000001634, 0.5000000000000000000 ) ) ;
#4050 = VERTEX_POINT ( 'NONE', #2204 ) ;
#4051 =( GEOMETRIC_REPRESENTATION_CONTEXT ( 3 ) GLOBAL_UNCERTAINTY_ASSIGNED_CONTEXT ( ( #1174 ) ) GLOBAL_UNIT_ASSIGNED_CONTEXT ( ( #56, #5481, #942 ) ) REPRESENTATION_CONTEXT ( 'NONE', 'WORKASPACE' ) );
#4052 = ORIENTED_EDGE ( 'NONE', *, *, #671, .F. ) ;
#4053 = ADVANCED_FACE ( 'NONE', ( #3248 ), #261, .T. ) ;
#4054 = ORIENTED_EDGE ( 'NONE', *, *, #5704, .T. ) ;
#4055 = CARTESIAN_POINT ( 'NONE',  ( -3.800000000000013589, 5.790000000000000036, 0.5000000000000000000 ) ) ;
#4056 = VECTOR ( 'NONE', #48, 1000.000000000000000 ) ;
#4057 = DIRECTION ( 'NONE',  ( -0.000000000000000000, -0.000000000000000000, -1.000000000000000000 ) ) ;
#4058 = FILL_AREA_STYLE ('',( #4031 ) ) ;
#4059 = PRESENTATION_LAYER_ASSIGNMENT (  '', '', ( #3583 ) ) ;
#4060 = ORIENTED_EDGE ( 'NONE', *, *, #1553, .F. ) ;
#4061 = DIRECTION ( 'NONE',  ( -0.000000000000000000, -0.000000000000000000, -1.000000000000000000 ) ) ;
#4062 = CARTESIAN_POINT ( 'NONE',  ( 1.399999999999997247, 5.790000000000000036, 0.5000000000000000000 ) ) ;
#4063 = CARTESIAN_POINT ( 'NONE',  ( 0.1999999999999952094, 4.499823100075543536, 0.000000000000000000 ) ) ;
#4064 = VECTOR ( 'NONE', #488, 1000.000000000000000 ) ;
#4065 = ORIENTED_EDGE ( 'NONE', *, *, #3650, .F. ) ;
#4066 = LINE ( 'NONE', #62, #4077 ) ;
#4067 = FACE_OUTER_BOUND ( 'NONE', #3659, .T. ) ;
#4068 = EDGE_CURVE ( 'NONE', #5689, #4442, #4754, .T. ) ;
#4069 = DIRECTION ( 'NONE',  ( 0.9902680687415710281, 0.000000000000000000, 0.1391731009600615798 ) ) ;
#4070 = LINE ( 'NONE', #4592, #392 ) ;
#4071 = ORIENTED_EDGE ( 'NONE', *, *, #3014, .T. ) ;
#4072 = LINE ( 'NONE', #1016, #3969 ) ;
#4073 = PRESENTATION_STYLE_ASSIGNMENT (( #479 ) ) ;
#4074 = EDGE_LOOP ( 'NONE', ( #1650, #4768, #740, #3923 ) ) ;
#4075 = EDGE_CURVE ( 'NONE', #2351, #4718, #1043, .T. ) ;
#4076 = EDGE_CURVE ( 'NONE', #3388, #2497, #5623, .T. ) ;
#4077 = VECTOR ( 'NONE', #979, 1000.000000000000000 ) ;
#4078 = ORIENTED_EDGE ( 'NONE', *, *, #215, .F. ) ;
#4079 = ORIENTED_EDGE ( 'NONE', *, *, #2217, .F. ) ;
#4080 = AXIS2_PLACEMENT_3D ( 'NONE', #5220, #2979, #376 ) ;
#4081 = SURFACE_STYLE_USAGE ( .BOTH. , #2794 ) ;
#4082 = VECTOR ( 'NONE', #1309, 1000.000000000000000 ) ;
#4083 = LINE ( 'NONE', #3645, #2864 ) ;
#4084 = CARTESIAN_POINT ( 'NONE',  ( -2.200000000000009504, 5.790000000000000036, 0.000000000000000000 ) ) ;
#4085 = UNCERTAINTY_MEASURE_WITH_UNIT (LENGTH_MEASURE( 1.000000000000000082E-05 ), #2111, 'distance_accuracy_value', 'NONE');
#4086 = VECTOR ( 'NONE', #3916, 1000.000000000000000 ) ;
#4087 = DIRECTION ( 'NONE',  ( 1.000000000000000000, 0.000000000000000000, 0.000000000000000000 ) ) ;
#4088 = PRESENTATION_LAYER_ASSIGNMENT (  '', '', ( #3998 ) ) ;
#4089 = ORIENTED_EDGE ( 'NONE', *, *, #1794, .F. ) ;
#4090 = CARTESIAN_POINT ( 'NONE',  ( 4.182670137274078215, -5.090000000000002522, 0.5000000000000000000 ) ) ;
#4091 = DIRECTION ( 'NONE',  ( 1.000000000000000000, 0.000000000000000000, 0.000000000000000000 ) ) ;
#4092 = CARTESIAN_POINT ( 'NONE',  ( 4.823259234548942231, -5.090000000000002522, 0.5000000000000000000 ) ) ;
#4093 = AXIS2_PLACEMENT_3D ( 'NONE', #2789, #2470, #1946 ) ;
#4094 = AXIS2_PLACEMENT_3D ( 'NONE', #754, #2495, #2523 ) ;
#4095 = LINE ( 'NONE', #5165, #1877 ) ;
#4096 = DIRECTION ( 'NONE',  ( -1.000000000000000000, 0.000000000000000000, 0.000000000000000000 ) ) ;
#4097 =( GEOMETRIC_REPRESENTATION_CONTEXT ( 3 ) GLOBAL_UNCERTAINTY_ASSIGNED_CONTEXT ( ( #2866 ) ) GLOBAL_UNIT_ASSIGNED_CONTEXT ( ( #2454, #4559, #2344 ) ) REPRESENTATION_CONTEXT ( 'NONE', 'WORKASPACE' ) );
#4098 = VERTEX_POINT ( 'NONE', #2981 ) ;
#4099 = ORIENTED_EDGE ( 'NONE', *, *, #2545, .T. ) ;
#4100 = CARTESIAN_POINT ( 'NONE',  ( 4.823259234548942231, -5.090000000000002522, 0.5000000000000000000 ) ) ;
#4101 = DIRECTION ( 'NONE',  ( -0.1378445374916257016, 0.1378445374916254518, 0.9808148484639899189 ) ) ;
#4102 = LINE ( 'NONE', #96, #4589 ) ;
#4103 = ORIENTED_EDGE ( 'NONE', *, *, #4863, .T. ) ;
#4104 =( NAMED_UNIT ( * ) PLANE_ANGLE_UNIT ( ) SI_UNIT ( $, .RADIAN. ) );
#4105 = FACE_OUTER_BOUND ( 'NONE', #3932, .T. ) ;
#4106 = AXIS2_PLACEMENT_3D ( 'NONE', #3767, #5558, #706 ) ;
#4107 = ORIENTED_EDGE ( 'NONE', *, *, #1980, .T. ) ;
#4108 = ORIENTED_EDGE ( 'NONE', *, *, #4830, .T. ) ;
#4109 = EDGE_CURVE ( 'NONE', #577, #2103, #2080, .T. ) ;
#4110 = ADVANCED_FACE ( 'NONE', ( #4266 ), #5567, .T. ) ;
#4111 = CARTESIAN_POINT ( 'NONE',  ( -2.200000000000008615, 4.499823100075543536, 0.5000000000000000000 ) ) ;
#4112 = LINE ( 'NONE', #1829, #1937 ) ;
#4113 = SURFACE_SIDE_STYLE ('',( #4478 ) ) ;
#4114 = PRESENTATION_LAYER_ASSIGNMENT (  '', '', ( #1417 ) ) ;
#4115 = EDGE_LOOP ( 'NONE', ( #1513, #1258 ) ) ;
#4116 = DIRECTION ( 'NONE',  ( -0.000000000000000000, -0.000000000000000000, -1.000000000000000000 ) ) ;
#4117 = EDGE_CURVE ( 'NONE', #3937, #1623, #2917, .T. ) ;
#4118 = ORIENTED_EDGE ( 'NONE', *, *, #3292, .F. ) ;
#4119 = AXIS2_PLACEMENT_3D ( 'NONE', #3839, #233, #4652 ) ;
#4120 = DIRECTION ( 'NONE',  ( 0.000000000000000000, 0.000000000000000000, -1.000000000000000000 ) ) ;
#4121 = LINE ( 'NONE', #2277, #1889 ) ;
#4122 = ORIENTED_EDGE ( 'NONE', *, *, #3793, .F. ) ;
#4123 = ORIENTED_EDGE ( 'NONE', *, *, #474, .F. ) ;
#4124 = DIRECTION ( 'NONE',  ( 1.000000000000000000, 0.000000000000000000, 0.000000000000000000 ) ) ;
#4125 = PLANE ( 'NONE',  #2387 ) ;
#4126 = DIRECTION ( 'NONE',  ( 0.000000000000000000, 0.000000000000000000, -1.000000000000000000 ) ) ;
#4127 = PLANE ( 'NONE',  #3466 ) ;
#4128 = ORIENTED_EDGE ( 'NONE', *, *, #2679, .T. ) ;
#4129 = STYLED_ITEM ( 'NONE', ( #2455 ), #5720 ) ;
#4130 = FILL_AREA_STYLE_COLOUR ( '', #3151 ) ;
#4131 = ORIENTED_EDGE ( 'NONE', *, *, #3076, .T. ) ;
#4132 = ORIENTED_EDGE ( 'NONE', *, *, #1099, .T. ) ;
#4133 = CARTESIAN_POINT ( 'NONE',  ( 3.937576565366517567, 0.8099999999999973888, 0.5000000000000000000 ) ) ;
#4134 = ORIENTED_EDGE ( 'NONE', *, *, #2892, .T. ) ;
#4135 = DIRECTION ( 'NONE',  ( -0.000000000000000000, -1.000000000000000000, -0.000000000000000000 ) ) ;
#4136 = DIRECTION ( 'NONE',  ( 1.000000000000000000, -0.000000000000000000, -0.000000000000000000 ) ) ;
#4137 = CARTESIAN_POINT ( 'NONE',  ( 0.9999999999999947820, 5.790000000000000036, 0.5000000000000000000 ) ) ;
#4138 = COLOUR_RGB ( '',0.8431372549019607865, 0.8431372549019607865, 0.8431372549019607865 ) ;
#4139 = EDGE_CURVE ( 'NONE', #4703, #5275, #4708, .T. ) ;
#4140 = SURFACE_STYLE_USAGE ( .BOTH. , #2362 ) ;
#4141 = MECHANICAL_DESIGN_GEOMETRIC_PRESENTATION_REPRESENTATION (  '', ( #1906 ), #4888 ) ;
#4142 = EDGE_LOOP ( 'NONE', ( #806, #3311, #4348, #1769 ) ) ;
#4143 = LINE ( 'NONE', #138, #3056 ) ;
#4144 = DIRECTION ( 'NONE',  ( 0.000000000000000000, -0.000000000000000000, 1.000000000000000000 ) ) ;
#4145 = VECTOR ( 'NONE', #2505, 1000.000000000000000 ) ;
#4146 = ADVANCED_FACE ( 'NONE', ( #5680 ), #4790, .F. ) ;
#4147 = EDGE_CURVE ( 'NONE', #2698, #584, #3467, .T. ) ;
#4148 = FACE_OUTER_BOUND ( 'NONE', #373, .T. ) ;
#4149 = LINE ( 'NONE', #5055, #968 ) ;
#4150 = ORIENTED_EDGE ( 'NONE', *, *, #2288, .T. ) ;
#4151 =( NAMED_UNIT ( * ) SI_UNIT ( $, .STERADIAN. ) SOLID_ANGLE_UNIT ( ) );
#4152 =( NAMED_UNIT ( * ) PLANE_ANGLE_UNIT ( ) SI_UNIT ( $, .RADIAN. ) );
#4153 = UNCERTAINTY_MEASURE_WITH_UNIT (LENGTH_MEASURE( 1.000000000000000082E-05 ), #4882, 'distance_accuracy_value', 'NONE');
#4154 = ORIENTED_EDGE ( 'NONE', *, *, #509, .T. ) ;
#4155 =( NAMED_UNIT ( * ) PLANE_ANGLE_UNIT ( ) SI_UNIT ( $, .RADIAN. ) );
#4156 = MECHANICAL_DESIGN_GEOMETRIC_PRESENTATION_REPRESENTATION (  '', ( #3590 ), #5727 ) ;
#4157 = EDGE_LOOP ( 'NONE', ( #2836, #3561, #3461, #4275, #3927, #2760, #455, #4808, #2520, #426 ) ) ;
#4158 = DIRECTION ( 'NONE',  ( -2.168404344971008868E-16, -1.000000000000000000, 0.000000000000000000 ) ) ;
#4159 = VECTOR ( 'NONE', #5690, 1000.000000000000000 ) ;
#4160 = DIRECTION ( 'NONE',  ( -1.000000000000000000, -0.000000000000000000, -0.000000000000000000 ) ) ;
#4161 = ORIENTED_EDGE ( 'NONE', *, *, #1224, .T. ) ;
#4162 = EDGE_LOOP ( 'NONE', ( #441, #5626 ) ) ;
#4163 = CARTESIAN_POINT ( 'NONE',  ( 4.600000000000000533, 5.790000000000000036, 0.5000000000000000000 ) ) ;
#4164 = DIRECTION ( 'NONE',  ( 0.000000000000000000, -1.000000000000000000, 0.000000000000000000 ) ) ;
#4165 = CARTESIAN_POINT ( 'NONE',  ( -3.937576565366517567, 0.8099999999999973888, 0.000000000000000000 ) ) ;
#4166 = CARTESIAN_POINT ( 'NONE',  ( -4.600000000000013856, 5.190000000000000391, 2.399999999999999911 ) ) ;
#4167 = CARTESIAN_POINT ( 'NONE',  ( 4.823259234548942231, 0.8099999999999973888, 0.5000000000000000000 ) ) ;
#4168 =( GEOMETRIC_REPRESENTATION_CONTEXT ( 3 ) GLOBAL_UNCERTAINTY_ASSIGNED_CONTEXT ( ( #2409 ) ) GLOBAL_UNIT_ASSIGNED_CONTEXT ( ( #4477, #1888, #2735 ) ) REPRESENTATION_CONTEXT ( 'NONE', 'WORKASPACE' ) );
#4169 = ORIENTED_EDGE ( 'NONE', *, *, #1712, .T. ) ;
#4170 = VECTOR ( 'NONE', #2824, 1000.000000000000000 ) ;
#4171 =( GEOMETRIC_REPRESENTATION_CONTEXT ( 3 ) GLOBAL_UNCERTAINTY_ASSIGNED_CONTEXT ( ( #5697 ) ) GLOBAL_UNIT_ASSIGNED_CONTEXT ( ( #2701, #3084, #163 ) ) REPRESENTATION_CONTEXT ( 'NONE', 'WORKASPACE' ) );
#4172 = SPHERICAL_SURFACE ( 'NONE', #1605, 0.1000000000000000056 ) ;
#4173 = ORIENTED_EDGE ( 'NONE', *, *, #4890, .F. ) ;
#4174 = FACE_OUTER_BOUND ( 'NONE', #948, .T. ) ;
#4175 = AXIS2_PLACEMENT_3D ( 'NONE', #4667, #1567, #5128 ) ;
#4176 = PRESENTATION_STYLE_ASSIGNMENT (( #2290 ) ) ;
#4177 =( GEOMETRIC_REPRESENTATION_CONTEXT ( 3 ) GLOBAL_UNCERTAINTY_ASSIGNED_CONTEXT ( ( #2001 ) ) GLOBAL_UNIT_ASSIGNED_CONTEXT ( ( #1502, #5031, #4623 ) ) REPRESENTATION_CONTEXT ( 'NONE', 'WORKASPACE' ) );
#4178 = SURFACE_STYLE_USAGE ( .BOTH. , #270 ) ;
#4179 = ADVANCED_FACE ( 'NONE', ( #3952 ), #3552, .T. ) ;
#4180 = ADVANCED_FACE ( 'NONE', ( #1312 ), #4876, .T. ) ;
#4181 =( NAMED_UNIT ( * ) PLANE_ANGLE_UNIT ( ) SI_UNIT ( $, .RADIAN. ) );
#4182 = ORIENTED_EDGE ( 'NONE', *, *, #108, .T. ) ;
#4183 = MECHANICAL_DESIGN_GEOMETRIC_PRESENTATION_REPRESENTATION (  '', ( #5027 ), #1850 ) ;
#4184 = CARTESIAN_POINT ( 'NONE',  ( -3.400000000000011902, 4.499823100075543536, 0.5000000000000000000 ) ) ;
#4185 = ORIENTED_EDGE ( 'NONE', *, *, #5250, .F. ) ;
#4186 = ADVANCED_FACE ( 'NONE', ( #3261 ), #523, .T. ) ;
#4187 = CARTESIAN_POINT ( 'NONE',  ( 3.800000000000000711, 5.790000000000000036, 0.5000000000000000000 ) ) ;
#4188 = PLANE ( 'NONE',  #5661 ) ;
#4189 = VERTEX_POINT ( 'NONE', #2705 ) ;
#4190 = ORIENTED_EDGE ( 'NONE', *, *, #5562, .T. ) ;
#4191 = LINE ( 'NONE', #5471, #4444 ) ;
#4192 = CARTESIAN_POINT ( 'NONE',  ( -1.000000000000007105, 5.190000000000000391, 0.5000000000000000000 ) ) ;
#4193 = CARTESIAN_POINT ( 'NONE',  ( -2.600000000000012079, 4.499823100075543536, 0.000000000000000000 ) ) ;
#4194 = SURFACE_STYLE_FILL_AREA ( #4700 ) ;
#4195 = STYLED_ITEM ( 'NONE', ( #2909 ), #4257 ) ;
#4196 =( NAMED_UNIT ( * ) SI_UNIT ( $, .STERADIAN. ) SOLID_ANGLE_UNIT ( ) );
#4197 = DIRECTION ( 'NONE',  ( 0.000000000000000000, -1.000000000000000000, 0.000000000000000000 ) ) ;
#4198 = VERTEX_POINT ( 'NONE', #4480 ) ;
#4199 = CARTESIAN_POINT ( 'NONE',  ( 0.000000000000000000, 0.000000000000000000, 0.5000000000000000000 ) ) ;
#4200 = DIRECTION ( 'NONE',  ( -1.000000000000000000, -0.000000000000000000, -0.000000000000000000 ) ) ;
#4201 = CARTESIAN_POINT ( 'NONE',  ( -4.823259234548942231, 0.8099999999999973888, 0.5000000000000000000 ) ) ;
#4202 = VECTOR ( 'NONE', #3278, 1000.000000000000000 ) ;
#4203 = COLOUR_RGB ( '',0.8431372549019607865, 0.8431372549019607865, 0.8431372549019607865 ) ;
#4204 = SURFACE_STYLE_USAGE ( .BOTH. , #1128 ) ;
#4205 = SURFACE_STYLE_USAGE ( .BOTH. , #1098 ) ;
#4206 = ORIENTED_EDGE ( 'NONE', *, *, #1855, .F. ) ;
#4207 = DIRECTION ( 'NONE',  ( -1.000000000000000000, -5.042109369105837323E-16, 0.000000000000000000 ) ) ;
#4208 = LINE ( 'NONE', #1560, #2511 ) ;
#4209 = PLANE ( 'NONE',  #4251 ) ;
#4210 = VERTEX_POINT ( 'NONE', #4545 ) ;
#4211 = PRESENTATION_STYLE_ASSIGNMENT (( #667 ) ) ;
#4212 = EDGE_CURVE ( 'NONE', #885, #73, #4451, .T. ) ;
#4213 = CARTESIAN_POINT ( 'NONE',  ( -3.400000000000011902, 4.499823100075543536, 0.5000000000000000000 ) ) ;
#4214 = ADVANCED_FACE ( 'NONE', ( #462 ), #997, .F. ) ;
#4215 = VERTEX_POINT ( 'NONE', #2300 ) ;
#4216 = FACE_OUTER_BOUND ( 'NONE', #4320, .T. ) ;
#4217 = VECTOR ( 'NONE', #786, 1000.000000000000000 ) ;
#4218 = ADVANCED_FACE ( 'NONE', ( #1831 ), #3617, .T. ) ;
#4219 = VECTOR ( 'NONE', #4463, 1000.000000000000000 ) ;
#4220 = EDGE_CURVE ( 'NONE', #5378, #5500, #3350, .T. ) ;
#4221 = ORIENTED_EDGE ( 'NONE', *, *, #5733, .T. ) ;
#4222 = DIRECTION ( 'NONE',  ( 1.000000000000000000, 0.000000000000000000, 0.000000000000000000 ) ) ;
#4223 = DIRECTION ( 'NONE',  ( 0.000000000000000000, -1.000000000000000000, 0.000000000000000000 ) ) ;
#4224 = CARTESIAN_POINT ( 'NONE',  ( 4.862484784730344956, 5.190000000000000391, 0.5279117640514753296 ) ) ;
#4225 = CARTESIAN_POINT ( 'NONE',  ( 1.399999999999996803, 5.190000000000000391, 2.399999999999999911 ) ) ;
#4226 = FILL_AREA_STYLE ('',( #2480 ) ) ;
#4227 = DIRECTION ( 'NONE',  ( -1.000000000000000000, 0.000000000000000000, 0.000000000000000000 ) ) ;
#4228 = ORIENTED_EDGE ( 'NONE', *, *, #4075, .T. ) ;
#4229 = LINE ( 'NONE', #2485, #5014 ) ;
#4230 = ORIENTED_EDGE ( 'NONE', *, *, #4694, .T. ) ;
#4231 = VECTOR ( 'NONE', #4048, 1000.000000000000000 ) ;
#4232 = SURFACE_STYLE_FILL_AREA ( #1525 ) ;
#4233 = DIRECTION ( 'NONE',  ( -0.000000000000000000, -0.000000000000000000, -1.000000000000000000 ) ) ;
#4234 = LINE ( 'NONE', #1588, #2346 ) ;
#4235 = MECHANICAL_DESIGN_GEOMETRIC_PRESENTATION_REPRESENTATION (  '', ( #1716 ), #5344 ) ;
#4236 =( LENGTH_UNIT ( ) NAMED_UNIT ( * ) SI_UNIT ( .MILLI., .METRE. ) );
#4237 = ORIENTED_EDGE ( 'NONE', *, *, #1056, .T. ) ;
#4238 = DIRECTION ( 'NONE',  ( 5.042109369105837323E-16, -1.000000000000000000, 0.000000000000000000 ) ) ;
#4239 = CARTESIAN_POINT ( 'NONE',  ( -4.899999999999999467, 5.190000000000000391, 0.5000000000000000000 ) ) ;
#4240 = CARTESIAN_POINT ( 'NONE',  ( -4.823259234548942231, 0.8099999999999973888, 0.000000000000000000 ) ) ;
#4241 = VECTOR ( 'NONE', #3007, 1000.000000000000000 ) ;
#4242 = ORIENTED_EDGE ( 'NONE', *, *, #1658, .F. ) ;
#4243 = LINE ( 'NONE', #3369, #2635 ) ;
#4244 =( GEOMETRIC_REPRESENTATION_CONTEXT ( 3 ) GLOBAL_UNCERTAINTY_ASSIGNED_CONTEXT ( ( #1860 ) ) GLOBAL_UNIT_ASSIGNED_CONTEXT ( ( #2319, #4104, #4469 ) ) REPRESENTATION_CONTEXT ( 'NONE', 'WORKASPACE' ) );
#4245 = ORIENTED_EDGE ( 'NONE', *, *, #1012, .T. ) ;
#4246 = DIRECTION ( 'NONE',  ( 2.168404344971008868E-16, 1.000000000000000000, -0.000000000000000000 ) ) ;
#4247 = SURFACE_STYLE_USAGE ( .BOTH. , #5467 ) ;
#4248 = FILL_AREA_STYLE ('',( #2350 ) ) ;
#4249 = EDGE_CURVE ( 'NONE', #5452, #1777, #3479, .T. ) ;
#4250 =( GEOMETRIC_REPRESENTATION_CONTEXT ( 3 ) GLOBAL_UNCERTAINTY_ASSIGNED_CONTEXT ( ( #996 ) ) GLOBAL_UNIT_ASSIGNED_CONTEXT ( ( #156, #2900, #2469 ) ) REPRESENTATION_CONTEXT ( 'NONE', 'WORKASPACE' ) );
#4251 = AXIS2_PLACEMENT_3D ( 'NONE', #1072, #2000, #5521 ) ;
#4252 = ORIENTED_EDGE ( 'NONE', *, *, #5215, .F. ) ;
#4253 = FACE_OUTER_BOUND ( 'NONE', #2357, .T. ) ;
#4254 = CARTESIAN_POINT ( 'NONE',  ( 3.400000000000001243, 5.790000000000000036, 0.5000000000000000000 ) ) ;
#4255 = FACE_OUTER_BOUND ( 'NONE', #2146, .T. ) ;
#4256 = ADVANCED_FACE ( 'NONE', ( #5134 ), #222, .T. ) ;
#4257 = ADVANCED_FACE ( 'NONE', ( #5616 ), #3799, .T. ) ;
#4258 = CARTESIAN_POINT ( 'NONE',  ( 4.182670137274078215, -5.090000000000002522, 0.5000000000000000000 ) ) ;
#4259 = FILL_AREA_STYLE ('',( #2881 ) ) ;
#4260 =( GEOMETRIC_REPRESENTATION_CONTEXT ( 3 ) GLOBAL_UNCERTAINTY_ASSIGNED_CONTEXT ( ( #5187 ) ) GLOBAL_UNIT_ASSIGNED_CONTEXT ( ( #2779, #1840, #4151 ) ) REPRESENTATION_CONTEXT ( 'NONE', 'WORKASPACE' ) );
#4261 = LINE ( 'NONE', #1922, #3557 ) ;
#4262 = VERTEX_POINT ( 'NONE', #5535 ) ;
#4263 = LINE ( 'NONE', #2855, #2041 ) ;
#4264 = SURFACE_STYLE_USAGE ( .BOTH. , #1524 ) ;
#4265 = SURFACE_STYLE_FILL_AREA ( #2487 ) ;
#4266 = FACE_OUTER_BOUND ( 'NONE', #1425, .T. ) ;
#4267 = DIRECTION ( 'NONE',  ( 0.000000000000000000, 0.000000000000000000, -1.000000000000000000 ) ) ;
#4268 = STYLED_ITEM ( 'NONE', ( #5488 ), #1977 ) ;
#4269 = CARTESIAN_POINT ( 'NONE',  ( 0.000000000000000000, 0.000000000000000000, 2.399999999999999911 ) ) ;
#4270 = ORIENTED_EDGE ( 'NONE', *, *, #3012, .T. ) ;
#4271 = LINE ( 'NONE', #4738, #1472 ) ;
#4272 = VECTOR ( 'NONE', #2427, 1000.000000000000000 ) ;
#4273 = CARTESIAN_POINT ( 'NONE',  ( -1.000000000000006661, 4.499823100075543536, 0.5000000000000000000 ) ) ;
#4274 = MECHANICAL_DESIGN_GEOMETRIC_PRESENTATION_REPRESENTATION (  '', ( #831 ), #3240 ) ;
#4275 = ORIENTED_EDGE ( 'NONE', *, *, #1467, .T. ) ;
#4276 = FILL_AREA_STYLE_COLOUR ( '', #3936 ) ;
#4277 = DIRECTION ( 'NONE',  ( 1.000000000000000000, -0.000000000000000000, -0.000000000000000000 ) ) ;
#4278 = STYLED_ITEM ( 'NONE', ( #4073 ), #3836 ) ;
#4279 = STYLED_ITEM ( 'NONE', ( #2847 ), #2546 ) ;
#4280 = ORIENTED_EDGE ( 'NONE', *, *, #4368, .F. ) ;
#4281 =( LENGTH_UNIT ( ) NAMED_UNIT ( * ) SI_UNIT ( .MILLI., .METRE. ) );
#4282 = DIRECTION ( 'NONE',  ( 1.000000000000000000, -0.000000000000000000, -0.000000000000000000 ) ) ;
#4283 = DIRECTION ( 'NONE',  ( 0.000000000000000000, 0.000000000000000000, -1.000000000000000000 ) ) ;
#4284 = VECTOR ( 'NONE', #2284, 1000.000000000000000 ) ;
#4285 = ORIENTED_EDGE ( 'NONE', *, *, #2938, .F. ) ;
#4286 = COLOUR_RGB ( '',0.8431372549019607865, 0.8431372549019607865, 0.8431372549019607865 ) ;
#4287 = SURFACE_STYLE_FILL_AREA ( #5183 ) ;
#4288 = CARTESIAN_POINT ( 'NONE',  ( -1.000000000000006661, 4.499823100075543536, 0.000000000000000000 ) ) ;
#4289 = LINE ( 'NONE', #2848, #1266 ) ;
#4290 = ORIENTED_EDGE ( 'NONE', *, *, #4659, .T. ) ;
#4291 = CARTESIAN_POINT ( 'NONE',  ( 0.000000000000000000, 0.000000000000000000, 0.000000000000000000 ) ) ;
#4292 = CARTESIAN_POINT ( 'NONE',  ( 4.823259234548942231, -5.840000000000002522, 0.5000000000000000000 ) ) ;
#4293 = SURFACE_STYLE_FILL_AREA ( #4226 ) ;
#4294 = EDGE_CURVE ( 'NONE', #2492, #2930, #1577, .T. ) ;
#4295 = EDGE_CURVE ( 'NONE', #3156, #92, #4728, .T. ) ;
#4296 = ORIENTED_EDGE ( 'NONE', *, *, #2287, .F. ) ;
#4297 = CARTESIAN_POINT ( 'NONE',  ( -4.899999999999997691, -5.190000000000000391, 2.399999999999999911 ) ) ;
#4298 = AXIS2_PLACEMENT_3D ( 'NONE', #1861, #970, #2676 ) ;
#4299 = DIRECTION ( 'NONE',  ( 0.000000000000000000, 0.000000000000000000, 1.000000000000000000 ) ) ;
#4300 = CARTESIAN_POINT ( 'NONE',  ( -4.899999999999999467, 5.190000000000000391, 0.5000000000000000000 ) ) ;
#4301 = VECTOR ( 'NONE', #5507, 1000.000000000000000 ) ;
#4302 = LINE ( 'NONE', #2887, #2441 ) ;
#4303 = VERTEX_POINT ( 'NONE', #3029 ) ;
#4304 = PRESENTATION_STYLE_ASSIGNMENT (( #5599 ) ) ;
#4305 = CARTESIAN_POINT ( 'NONE',  ( -4.823259234548942231, -5.840000000000002522, 0.5000000000000000000 ) ) ;
#4306 = SURFACE_SIDE_STYLE ('',( #2524 ) ) ;
#4307 = FILL_AREA_STYLE ('',( #4745 ) ) ;
#4308 =( GEOMETRIC_REPRESENTATION_CONTEXT ( 3 ) GLOBAL_UNCERTAINTY_ASSIGNED_CONTEXT ( ( #2345 ) ) GLOBAL_UNIT_ASSIGNED_CONTEXT ( ( #4281, #4310, #3790 ) ) REPRESENTATION_CONTEXT ( 'NONE', 'WORKASPACE' ) );
#4309 = EDGE_LOOP ( 'NONE', ( #3166, #3044, #4840, #3674 ) ) ;
#4310 =( NAMED_UNIT ( * ) PLANE_ANGLE_UNIT ( ) SI_UNIT ( $, .RADIAN. ) );
#4311 = DIRECTION ( 'NONE',  ( 1.000000000000000000, 0.000000000000000000, 0.000000000000000000 ) ) ;
#4312 = ORIENTED_EDGE ( 'NONE', *, *, #3366, .F. ) ;
#4313 = LINE ( 'NONE', #5721, #1068 ) ;
#4314 = CARTESIAN_POINT ( 'NONE',  ( 2.199999999999997069, 4.499823100075543536, 0.5000000000000000000 ) ) ;
#4315 = DIRECTION ( 'NONE',  ( 1.000000000000000000, 0.000000000000000000, 0.000000000000000000 ) ) ;
#4316 = LINE ( 'NONE', #3940, #4650 ) ;
#4317 = UNCERTAINTY_MEASURE_WITH_UNIT (LENGTH_MEASURE( 1.000000000000000082E-05 ), #456, 'distance_accuracy_value', 'NONE');
#4318 = DIRECTION ( 'NONE',  ( 0.000000000000000000, 1.000000000000000000, 0.000000000000000000 ) ) ;
#4319 = ORIENTED_EDGE ( 'NONE', *, *, #4861, .F. ) ;
#4320 = EDGE_LOOP ( 'NONE', ( #3471, #2386, #5325, #4593, #4397 ) ) ;
#4321 = SURFACE_STYLE_USAGE ( .BOTH. , #3859 ) ;
#4322 =( GEOMETRIC_REPRESENTATION_CONTEXT ( 3 ) GLOBAL_UNCERTAINTY_ASSIGNED_CONTEXT ( ( #2578 ) ) GLOBAL_UNIT_ASSIGNED_CONTEXT ( ( #2199, #3474, #1727 ) ) REPRESENTATION_CONTEXT ( 'NONE', 'WORKASPACE' ) );
#4323 = CARTESIAN_POINT ( 'NONE',  ( -3.937576565366517567, 0.8099999999999973888, 0.5000000000000000000 ) ) ;
#4324 = FILL_AREA_STYLE_COLOUR ( '', #1949 ) ;
#4325 = COLOUR_RGB ( '',0.7921568627450980005, 0.8196078431372548767, 0.9333333333333333481 ) ;
#4326 = EDGE_CURVE ( 'NONE', #5107, #3199, #5725, .T. ) ;
#4327 =( NAMED_UNIT ( * ) PLANE_ANGLE_UNIT ( ) SI_UNIT ( $, .RADIAN. ) );
#4328 = ORIENTED_EDGE ( 'NONE', *, *, #5080, .T. ) ;
#4329 = CARTESIAN_POINT ( 'NONE',  ( -4.149999999999999467, -5.840000000000002522, 0.5000000000000000000 ) ) ;
#4330 = LINE ( 'NONE', #866, #1285 ) ;
#4331 =( LENGTH_UNIT ( ) NAMED_UNIT ( * ) SI_UNIT ( .MILLI., .METRE. ) );
#4332 = EDGE_CURVE ( 'NONE', #2930, #1839, #3001, .T. ) ;
#4333 = UNCERTAINTY_MEASURE_WITH_UNIT (LENGTH_MEASURE( 1.000000000000000082E-05 ), #2952, 'distance_accuracy_value', 'NONE');
#4334 = ADVANCED_FACE ( 'NONE', ( #1686 ), #3918, .T. ) ;
#4335 = AXIS2_PLACEMENT_3D ( 'NONE', #2574, #2683, #2608 ) ;
#4336 = DIRECTION ( 'NONE',  ( -0.000000000000000000, -0.000000000000000000, 1.000000000000000000 ) ) ;
#4337 = PRESENTATION_STYLE_ASSIGNMENT (( #4716 ) ) ;
#4338 = ORIENTED_EDGE ( 'NONE', *, *, #2745, .F. ) ;
#4339 = AXIS2_PLACEMENT_3D ( 'NONE', #1856, #4568, #3643 ) ;
#4340 = VECTOR ( 'NONE', #3455, 1000.000000000000000 ) ;
#4341 = PLANE ( 'NONE',  #5633 ) ;
#4342 = FACE_OUTER_BOUND ( 'NONE', #1702, .T. ) ;
#4343 = VECTOR ( 'NONE', #1305, 1000.000000000000000 ) ;
#4344 = ORIENTED_EDGE ( 'NONE', *, *, #744, .T. ) ;
#4345 = PRESENTATION_STYLE_ASSIGNMENT (( #3431 ) ) ;
#4346 = SURFACE_STYLE_FILL_AREA ( #853 ) ;
#4347 =( NAMED_UNIT ( * ) SI_UNIT ( $, .STERADIAN. ) SOLID_ANGLE_UNIT ( ) );
#4348 = ORIENTED_EDGE ( 'NONE', *, *, #1791, .F. ) ;
#4349 = CARTESIAN_POINT ( 'NONE',  ( 4.899999999999999467, 5.117756129431179524, 0.5999999999999537925 ) ) ;
#4350 = ORIENTED_EDGE ( 'NONE', *, *, #2150, .T. ) ;
#4351 = SURFACE_STYLE_FILL_AREA ( #861 ) ;
#4352 = VECTOR ( 'NONE', #4573, 1000.000000000000000 ) ;
#4353 = VERTEX_POINT ( 'NONE', #5673 ) ;
#4354 = DIRECTION ( 'NONE',  ( 0.000000000000000000, -1.000000000000000000, 0.000000000000000000 ) ) ;
#4355 = CARTESIAN_POINT ( 'NONE',  ( -3.937576565366517567, 0.9099999999999973666, 0.000000000000000000 ) ) ;
#4356 =( GEOMETRIC_REPRESENTATION_CONTEXT ( 3 ) GLOBAL_UNCERTAINTY_ASSIGNED_CONTEXT ( ( #4030 ) ) GLOBAL_UNIT_ASSIGNED_CONTEXT ( ( #3268, #5085, #204 ) ) REPRESENTATION_CONTEXT ( 'NONE', 'WORKASPACE' ) );
#4357 = ORIENTED_EDGE ( 'NONE', *, *, #5461, .F. ) ;
#4358 = FILL_AREA_STYLE_COLOUR ( '', #1236 ) ;
#4359 = ADVANCED_FACE ( 'NONE', ( #5643 ), #1710, .F. ) ;
#4360 = ORIENTED_EDGE ( 'NONE', *, *, #1971, .T. ) ;
#4361 = EDGE_CURVE ( 'NONE', #4748, #729, #5698, .T. ) ;
#4362 = VECTOR ( 'NONE', #5447, 1000.000000000000000 ) ;
#4363 = MECHANICAL_DESIGN_GEOMETRIC_PRESENTATION_REPRESENTATION (  '', ( #3611 ), #2775 ) ;
#4364 = DIRECTION ( 'NONE',  ( -0.000000000000000000, -1.000000000000000000, -0.000000000000000000 ) ) ;
#4365 = CARTESIAN_POINT ( 'NONE',  ( -4.823259234548942231, -1.790000000000002478, 0.5000000000000000000 ) ) ;
#4366 = PRESENTATION_LAYER_ASSIGNMENT (  '', '', ( #356 ) ) ;
#4367 = PRESENTATION_STYLE_ASSIGNMENT (( #12 ) ) ;
#4368 = EDGE_CURVE ( 'NONE', #190, #4940, #3484, .T. ) ;
#4369 = EDGE_LOOP ( 'NONE', ( #3236, #545, #4118, #3445 ) ) ;
#4370 =( NAMED_UNIT ( * ) PLANE_ANGLE_UNIT ( ) SI_UNIT ( $, .RADIAN. ) );
#4371 = AXIS2_PLACEMENT_3D ( 'NONE', #689, #5575, #1591 ) ;
#4372 = UNCERTAINTY_MEASURE_WITH_UNIT (LENGTH_MEASURE( 1.000000000000000082E-05 ), #3886, 'distance_accuracy_value', 'NONE');
#4373 = MECHANICAL_DESIGN_GEOMETRIC_PRESENTATION_REPRESENTATION (  '', ( #5024 ), #1030 ) ;
#4374 = ORIENTED_EDGE ( 'NONE', *, *, #2255, .T. ) ;
#4375 = LINE ( 'NONE', #4297, #4642 ) ;
#4376 = CARTESIAN_POINT ( 'NONE',  ( 3.937576565366517567, 0.8099999999999973888, 0.5000000000000000000 ) ) ;
#4377 = SURFACE_STYLE_USAGE ( .BOTH. , #2162 ) ;
#4378 = LINE ( 'NONE', #3011, #3852 ) ;
#4379 = SURFACE_STYLE_USAGE ( .BOTH. , #2604 ) ;
#4380 = EDGE_LOOP ( 'NONE', ( #2035, #4971, #1284, #4161 ) ) ;
#4381 = DIRECTION ( 'NONE',  ( 0.000000000000000000, 0.000000000000000000, -1.000000000000000000 ) ) ;
#4382 = LINE ( 'NONE', #381, #1761 ) ;
#4383 = CARTESIAN_POINT ( 'NONE',  ( -1.000000000000007327, 5.790000000000000036, 0.5000000000000000000 ) ) ;
#4384 = VERTEX_POINT ( 'NONE', #2537 ) ;
#4385 = SURFACE_SIDE_STYLE ('',( #5 ) ) ;
#4386 = FACE_OUTER_BOUND ( 'NONE', #3279, .T. ) ;
#4387 = CARTESIAN_POINT ( 'NONE',  ( 4.600000000000000533, 5.790000000000000036, 0.5000000000000000000 ) ) ;
#4388 = EDGE_CURVE ( 'NONE', #4826, #1739, #1282, .T. ) ;
#4389 =( GEOMETRIC_REPRESENTATION_CONTEXT ( 3 ) GLOBAL_UNCERTAINTY_ASSIGNED_CONTEXT ( ( #3434 ) ) GLOBAL_UNIT_ASSIGNED_CONTEXT ( ( #3848, #5177, #1196 ) ) REPRESENTATION_CONTEXT ( 'NONE', 'WORKASPACE' ) );
#4390 = EDGE_LOOP ( 'NONE', ( #576, #1629, #4338, #4150 ) ) ;
#4391 = COLOUR_RGB ( '',0.2941176470588235392, 0.2941176470588235392, 0.2941176470588235392 ) ;
#4392 = CARTESIAN_POINT ( 'NONE',  ( 4.823259234548942231, -5.840000000000002522, 0.5000000000000000000 ) ) ;
#4393 = CARTESIAN_POINT ( 'NONE',  ( 2.199999999999997069, 5.790000000000000036, 0.5000000000000000000 ) ) ;
#4394 = CARTESIAN_POINT ( 'NONE',  ( -4.461582618623271657, 4.850609425497429683, 3.014889417878186872 ) ) ;
#4395 = EDGE_CURVE ( 'NONE', #1454, #2845, #2183, .T. ) ;
#4396 = EDGE_CURVE ( 'NONE', #2582, #4482, #4760, .T. ) ;
#4397 = ORIENTED_EDGE ( 'NONE', *, *, #2410, .F. ) ;
#4398 = VECTOR ( 'NONE', #3925, 1000.000000000000000 ) ;
#4399 = ORIENTED_EDGE ( 'NONE', *, *, #2363, .F. ) ;
#4400 = CARTESIAN_POINT ( 'NONE',  ( 0.9999999999999947820, 5.790000000000000036, 0.5000000000000000000 ) ) ;
#4401 = PLANE ( 'NONE',  #4080 ) ;
#4402 = FILL_AREA_STYLE ('',( #5282 ) ) ;
#4403 = MECHANICAL_DESIGN_GEOMETRIC_PRESENTATION_REPRESENTATION (  '', ( #3860 ), #2723 ) ;
#4404 = EDGE_LOOP ( 'NONE', ( #3, #3025, #2954, #4613 ) ) ;
#4405 = DIRECTION ( 'NONE',  ( 0.000000000000000000, 1.000000000000000000, -0.000000000000000000 ) ) ;
#4406 = PRESENTATION_STYLE_ASSIGNMENT (( #380 ) ) ;
#4407 = FILL_AREA_STYLE ('',( #3958 ) ) ;
#4408 = SURFACE_SIDE_STYLE ('',( #4824 ) ) ;
#4409 = ORIENTED_EDGE ( 'NONE', *, *, #4039, .F. ) ;
#4410 = PRESENTATION_STYLE_ASSIGNMENT (( #5744 ) ) ;
#4411 = CARTESIAN_POINT ( 'NONE',  ( 0.9999999999999947820, 5.790000000000000036, 0.5000000000000000000 ) ) ;
#4412 = SURFACE_SIDE_STYLE ('',( #4858 ) ) ;
#4413 = DIRECTION ( 'NONE',  ( 1.000000000000000000, -0.000000000000000000, -0.000000000000000000 ) ) ;
#4414 = EDGE_CURVE ( 'NONE', #4718, #3692, #5608, .T. ) ;
#4415 = DIRECTION ( 'NONE',  ( 0.000000000000000000, -1.000000000000000000, 0.000000000000000000 ) ) ;
#4416 = VECTOR ( 'NONE', #5236, 1000.000000000000000 ) ;
#4417 = ORIENTED_EDGE ( 'NONE', *, *, #4396, .T. ) ;
#4418 = AXIS2_PLACEMENT_3D ( 'NONE', #1764, #2312, #503 ) ;
#4419 = EDGE_LOOP ( 'NONE', ( #3169, #319, #650, #5207 ) ) ;
#4420 = EDGE_CURVE ( 'NONE', #1550, #3505, #5551, .T. ) ;
#4421 = DIRECTION ( 'NONE',  ( 0.000000000000000000, -0.000000000000000000, 1.000000000000000000 ) ) ;
#4422 = EDGE_CURVE ( 'NONE', #311, #5500, #1221, .T. ) ;
#4423 = DIRECTION ( 'NONE',  ( 0.000000000000000000, 0.000000000000000000, 1.000000000000000000 ) ) ;
#4424 = VECTOR ( 'NONE', #2092, 1000.000000000000000 ) ;
#4425 = DIRECTION ( 'NONE',  ( 1.000000000000000000, -0.000000000000000000, -0.000000000000000000 ) ) ;
#4426 = ORIENTED_EDGE ( 'NONE', *, *, #874, .T. ) ;
#4427 = CARTESIAN_POINT ( 'NONE',  ( 3.800000000000000266, 3.790000000000000036, 0.5000000000000000000 ) ) ;
#4428 = EDGE_CURVE ( 'NONE', #5470, #2582, #5579, .T. ) ;
#4429 = VECTOR ( 'NONE', #1890, 1000.000000000000000 ) ;
#4430 = DIRECTION ( 'NONE',  ( 0.000000000000000000, 1.000000000000000000, 0.000000000000000000 ) ) ;
#4431 = DIRECTION ( 'NONE',  ( -1.671217221557617370E-16, 1.000000000000000000, 0.000000000000000000 ) ) ;
#4432 = AXIS2_PLACEMENT_3D ( 'NONE', #5435, #3683, #922 ) ;
#4433 = DIRECTION ( 'NONE',  ( 0.000000000000000000, 1.000000000000000000, 0.000000000000000000 ) ) ;
#4434 = ORIENTED_EDGE ( 'NONE', *, *, #2783, .T. ) ;
#4435 = PRESENTATION_STYLE_ASSIGNMENT (( #817 ) ) ;
#4436 = DIRECTION ( 'NONE',  ( -0.000000000000000000, -1.000000000000000000, -0.000000000000000000 ) ) ;
#4437 = FILL_AREA_STYLE_COLOUR ( '', #2200 ) ;
#4438 = DIRECTION ( 'NONE',  ( -1.000000000000000000, 1.751771596736715162E-14, -0.000000000000000000 ) ) ;
#4439 = COLOUR_RGB ( '',0.8431372549019607865, 0.8431372549019607865, 0.8431372549019607865 ) ;
#4440 = SURFACE_STYLE_FILL_AREA ( #2208 ) ;
#4441 = VECTOR ( 'NONE', #1515, 1000.000000000000000 ) ;
#4442 = VERTEX_POINT ( 'NONE', #1974 ) ;
#4443 = VECTOR ( 'NONE', #2093, 1000.000000000000114 ) ;
#4444 = VECTOR ( 'NONE', #1916, 1000.000000000000000 ) ;
#4445 = ORIENTED_EDGE ( 'NONE', *, *, #5667, .F. ) ;
#4446 = DIRECTION ( 'NONE',  ( 0.000000000000000000, -1.000000000000000000, 0.000000000000000000 ) ) ;
#4447 = DIRECTION ( 'NONE',  ( -8.673617379884013384E-15, -1.000000000000000000, 0.000000000000000000 ) ) ;
#4448 = VERTEX_POINT ( 'NONE', #5126 ) ;
#4449 = CARTESIAN_POINT ( 'NONE',  ( 0.9999999999999947820, 4.499823100075543536, 0.5000000000000000000 ) ) ;
#4450 = DIRECTION ( 'NONE',  ( -0.000000000000000000, 1.000000000000000000, -0.000000000000000000 ) ) ;
#4451 = LINE ( 'NONE', #5420, #3832 ) ;
#4452 = COLOUR_RGB ( '',0.8431372549019607865, 0.8431372549019607865, 0.8431372549019607865 ) ;
#4453 = ADVANCED_FACE ( 'NONE', ( #2067 ), #3753, .T. ) ;
#4454 = EDGE_CURVE ( 'NONE', #3156, #5068, #3372, .T. ) ;
#4455 =( NAMED_UNIT ( * ) SI_UNIT ( $, .STERADIAN. ) SOLID_ANGLE_UNIT ( ) );
#4456 = ORIENTED_EDGE ( 'NONE', *, *, #1132, .F. ) ;
#4457 = DIRECTION ( 'NONE',  ( 1.000000000000000000, -0.000000000000000000, -0.000000000000000000 ) ) ;
#4458 = PRESENTATION_LAYER_ASSIGNMENT (  '', '', ( #655 ) ) ;
#4459 = LINE ( 'NONE', #26, #5290 ) ;
#4460 = ADVANCED_FACE ( 'NONE', ( #4631 ), #5636, .T. ) ;
#4461 = ADVANCED_FACE ( 'NONE', ( #4216 ), #1475, .T. ) ;
#4462 = DIRECTION ( 'NONE',  ( -2.521054684552918662E-16, 1.000000000000000000, -0.000000000000000000 ) ) ;
#4463 = DIRECTION ( 'NONE',  ( 1.000000000000000000, -0.000000000000000000, -0.000000000000000000 ) ) ;
#4464 = ORIENTED_EDGE ( 'NONE', *, *, #1970, .F. ) ;
#4465 = DIRECTION ( 'NONE',  ( 0.1378445374916248412, -0.1378445374916248412, 0.9808148484639902520 ) ) ;
#4466 = LINE ( 'NONE', #2751, #2624 ) ;
#4467 = DIRECTION ( 'NONE',  ( 0.000000000000000000, -0.000000000000000000, 1.000000000000000000 ) ) ;
#4468 = CARTESIAN_POINT ( 'NONE',  ( 0.000000000000000000, 0.000000000000000000, 0.000000000000000000 ) ) ;
#4469 =( NAMED_UNIT ( * ) SI_UNIT ( $, .STERADIAN. ) SOLID_ANGLE_UNIT ( ) );
#4470 = FILL_AREA_STYLE_COLOUR ( '', #1018 ) ;
#4471 = VERTEX_POINT ( 'NONE', #3249 ) ;
#4472 = VERTEX_POINT ( 'NONE', #35 ) ;
#4473 = AXIS2_PLACEMENT_3D ( 'NONE', #3560, #2714, #3186 ) ;
#4474 = ORIENTED_EDGE ( 'NONE', *, *, #4608, .F. ) ;
#4475 = DIRECTION ( 'NONE',  ( 0.000000000000000000, 1.000000000000000000, 0.000000000000000000 ) ) ;
#4476 =( LENGTH_UNIT ( ) NAMED_UNIT ( * ) SI_UNIT ( .MILLI., .METRE. ) );
#4477 =( LENGTH_UNIT ( ) NAMED_UNIT ( * ) SI_UNIT ( .MILLI., .METRE. ) );
#4478 = SURFACE_STYLE_FILL_AREA ( #969 ) ;
#4479 = UNCERTAINTY_MEASURE_WITH_UNIT (LENGTH_MEASURE( 1.000000000000000082E-05 ), #5293, 'distance_accuracy_value', 'NONE');
#4480 = CARTESIAN_POINT ( 'NONE',  ( -0.5999999999999998668, -5.840000000000001634, 0.000000000000000000 ) ) ;
#4481 = CARTESIAN_POINT ( 'NONE',  ( -4.899999999999999467, 5.190000000000000391, 0.000000000000000000 ) ) ;
#4482 = VERTEX_POINT ( 'NONE', #2720 ) ;
#4483 = LINE ( 'NONE', #1835, #1287 ) ;
#4484 = AXIS2_PLACEMENT_3D ( 'NONE', #5496, #3722, #1476 ) ;
#4485 = DIRECTION ( 'NONE',  ( 0.9902680687415708061, 8.274765252197578362E-17, 0.1391731009600624680 ) ) ;
#4486 = CARTESIAN_POINT ( 'NONE',  ( 4.899999999999999467, 5.190000000000000391, 2.399999999999999911 ) ) ;
#4487 = VECTOR ( 'NONE', #4682, 1000.000000000000000 ) ;
#4488 = FILL_AREA_STYLE ('',( #3121 ) ) ;
#4489 = CARTESIAN_POINT ( 'NONE',  ( -4.823259234548942231, -1.790000000000002478, 0.5000000000000000000 ) ) ;
#4490 = ORIENTED_EDGE ( 'NONE', *, *, #1898, .T. ) ;
#4491 = VERTEX_POINT ( 'NONE', #1846 ) ;
#4492 = CARTESIAN_POINT ( 'NONE',  ( -3.937576565366517567, 0.8099999999999973888, 0.5000000000000000000 ) ) ;
#4493 = EDGE_CURVE ( 'NONE', #3739, #5166, #95, .T. ) ;
#4494 = EDGE_CURVE ( 'NONE', #2765, #1931, #4466, .T. ) ;
#4495 = DIRECTION ( 'NONE',  ( -1.000000000000000000, 0.000000000000000000, 0.000000000000000000 ) ) ;
#4496 = SURFACE_SIDE_STYLE ('',( #3540 ) ) ;
#4497 = UNCERTAINTY_MEASURE_WITH_UNIT (LENGTH_MEASURE( 1.000000000000000082E-05 ), #1079, 'distance_accuracy_value', 'NONE');
#4498 = CLOSED_SHELL ( 'NONE', ( #3613, #4899, #224, #2891, #1785, #4359, #369, #4792, #5070, #4691, #5007, #5668, #158, #3651, #498, #360, #1540, #36, #3574, #1154, #2436, #2010, #2584, #3462, #2016, #1691, #842, #943, #1408, #3871, #3829, #769, #663, #5289, #5634, #3004, #2125, #1832, #3493, #1480, #397, #4214, #5569, #1261, #258, #975, #2054, #1936, #2513, #1399, #396, #1127, #1126, #3184, #405, #291, #4891, #3768, #906, #5005, #4334, #425, #1319, #1821, #880, #5214, #4218, #4729, #2546, #4461, #4829, #591, #2180 ) ) ;
#4499 = SURFACE_SIDE_STYLE ('',( #1446 ) ) ;
#4500 = DIRECTION ( 'NONE',  ( -1.000000000000000000, 0.000000000000000000, 0.000000000000000000 ) ) ;
#4501 = ORIENTED_EDGE ( 'NONE', *, *, #3365, .F. ) ;
#4502 = PRESENTATION_LAYER_ASSIGNMENT (  '', '', ( #3105 ) ) ;
#4503 = CARTESIAN_POINT ( 'NONE',  ( 0.5999999999999998668, -5.540000000000001812, 0.5000000000000000000 ) ) ;
#4504 = DIRECTION ( 'NONE',  ( 0.000000000000000000, 0.000000000000000000, -1.000000000000000000 ) ) ;
#4505 = SURFACE_STYLE_USAGE ( .BOTH. , #5441 ) ;
#4506 = EDGE_LOOP ( 'NONE', ( #1948, #1644, #1903, #3826 ) ) ;
#4507 = COLOUR_RGB ( '',0.8431372549019607865, 0.8431372549019607865, 0.8431372549019607865 ) ;
#4508 = ORIENTED_EDGE ( 'NONE', *, *, #3217, .T. ) ;
#4509 = VERTEX_POINT ( 'NONE', #603 ) ;
#4510 = DIRECTION ( 'NONE',  ( 0.000000000000000000, -0.000000000000000000, -1.000000000000000000 ) ) ;
#4511 = FILL_AREA_STYLE ('',( #5415 ) ) ;
#4512 = VERTEX_POINT ( 'NONE', #5063 ) ;
#4513 = VECTOR ( 'NONE', #4200, 1000.000000000000000 ) ;
#4514 = DIRECTION ( 'NONE',  ( -1.000000000000000000, 0.000000000000000000, 0.000000000000000000 ) ) ;
#4515 = CIRCLE ( 'NONE', #5350, 0.3750000000000003331 ) ;
#4516 =( BOUNDED_CURVE ( )  B_SPLINE_CURVE ( 3, ( #4787, #2541, #4349, #5619 ),
 .UNSPECIFIED., .F., .T. ) 
 B_SPLINE_CURVE_WITH_KNOTS ( ( 4, 4 ),
 ( 5.488101962113670851, 6.263814943842644922 ),
 .UNSPECIFIED. ) 
 CURVE ( )  GEOMETRIC_REPRESENTATION_ITEM ( )  RATIONAL_B_SPLINE_CURVE ( ( 1.000000000000000000, 0.9504812478446617030, 0.9504812478446617030, 1.000000000000000000 ) ) 
 REPRESENTATION_ITEM ( '' )  );
#4517 = ORIENTED_EDGE ( 'NONE', *, *, #2852, .F. ) ;
#4518 = CARTESIAN_POINT ( 'NONE',  ( 0.000000000000000000, 0.000000000000000000, 0.000000000000000000 ) ) ;
#4519 = CARTESIAN_POINT ( 'NONE',  ( 4.182670137274078215, -5.090000000000002522, 0.5000000000000000000 ) ) ;
#4520 = VECTOR ( 'NONE', #4495, 1000.000000000000000 ) ;
#4521 = PLANE ( 'NONE',  #879 ) ;
#4522 = MECHANICAL_DESIGN_GEOMETRIC_PRESENTATION_REPRESENTATION (  '', ( #4900 ), #2489 ) ;
#4523 = ORIENTED_EDGE ( 'NONE', *, *, #5612, .T. ) ;
#4524 = SURFACE_STYLE_USAGE ( .BOTH. , #3213 ) ;
#4525 = PRESENTATION_STYLE_ASSIGNMENT (( #5002 ) ) ;
#4526 = PLANE ( 'NONE',  #3587 ) ;
#4527 = CARTESIAN_POINT ( 'NONE',  ( -4.900000000000000355, 5.152484784730346767, 0.5279117640514767729 ) ) ;
#4528 = PRESENTATION_LAYER_ASSIGNMENT (  '', '', ( #5464 ) ) ;
#4529 = PRESENTATION_STYLE_ASSIGNMENT (( #1907 ) ) ;
#4530 = ADVANCED_FACE ( 'NONE', ( #5438 ), #1420, .T. ) ;
#4531 = EDGE_CURVE ( 'NONE', #5378, #3934, #2315, .T. ) ;
#4532 = ORIENTED_EDGE ( 'NONE', *, *, #3253, .T. ) ;
#4533 = SURFACE_STYLE_USAGE ( .BOTH. , #3197 ) ;
#4534 = LINE ( 'NONE', #987, #5748 ) ;
#4535 =( GEOMETRIC_REPRESENTATION_CONTEXT ( 3 ) GLOBAL_UNCERTAINTY_ASSIGNED_CONTEXT ( ( #1940 ) ) GLOBAL_UNIT_ASSIGNED_CONTEXT ( ( #1103, #5628, #177 ) ) REPRESENTATION_CONTEXT ( 'NONE', 'WORKASPACE' ) );
#4536 = PRESENTATION_LAYER_ASSIGNMENT (  '', '', ( #4268 ) ) ;
#4537 = ORIENTED_EDGE ( 'NONE', *, *, #4422, .T. ) ;
#4538 = EDGE_CURVE ( 'NONE', #4262, #4817, #2694, .T. ) ;
#4539 = EDGE_LOOP ( 'NONE', ( #2700, #1521, #4772, #5000 ) ) ;
#4540 = FILL_AREA_STYLE ('',( #3608 ) ) ;
#4541 = CARTESIAN_POINT ( 'NONE',  ( -4.560097823754072799, 4.850097823754071946, 2.299999999999999822 ) ) ;
#4542 = ORIENTED_EDGE ( 'NONE', *, *, #1619, .T. ) ;
#4543 = STYLED_ITEM ( 'NONE', ( #3831 ), #2294 ) ;
#4544 = FACE_OUTER_BOUND ( 'NONE', #4369, .T. ) ;
#4545 = CARTESIAN_POINT ( 'NONE',  ( -2.200000000000008615, 4.499823100075543536, 0.000000000000000000 ) ) ;
#4546 =( GEOMETRIC_REPRESENTATION_CONTEXT ( 3 ) GLOBAL_UNCERTAINTY_ASSIGNED_CONTEXT ( ( #4372 ) ) GLOBAL_UNIT_ASSIGNED_CONTEXT ( ( #3886, #2127, #2969 ) ) REPRESENTATION_CONTEXT ( 'NONE', 'WORKASPACE' ) );
#4547 = PRESENTATION_STYLE_ASSIGNMENT (( #999 ) ) ;
#4548 = VECTOR ( 'NONE', #417, 1000.000000000000000 ) ;
#4549 = ORIENTED_EDGE ( 'NONE', *, *, #5532, .T. ) ;
#4550 = DIRECTION ( 'NONE',  ( 1.000000000000000000, -0.000000000000000000, -0.000000000000000000 ) ) ;
#4551 = CARTESIAN_POINT ( 'NONE',  ( -4.823259234548942231, -5.090000000000002522, 0.5000000000000000000 ) ) ;
#4552 =( GEOMETRIC_REPRESENTATION_CONTEXT ( 3 ) GLOBAL_UNCERTAINTY_ASSIGNED_CONTEXT ( ( #1281 ) ) GLOBAL_UNIT_ASSIGNED_CONTEXT ( ( #5318, #1324, #899 ) ) REPRESENTATION_CONTEXT ( 'NONE', 'WORKASPACE' ) );
#4553 = DIRECTION ( 'NONE',  ( 1.671217221557617617E-16, -1.000000000000000000, 0.000000000000000000 ) ) ;
#4554 = DIRECTION ( 'NONE',  ( 0.000000000000000000, 0.000000000000000000, 1.000000000000000000 ) ) ;
#4555 = ORIENTED_EDGE ( 'NONE', *, *, #2121, .F. ) ;
#4556 = ORIENTED_EDGE ( 'NONE', *, *, #3795, .T. ) ;
#4557 = CARTESIAN_POINT ( 'NONE',  ( 0.000000000000000000, 0.000000000000000000, 0.000000000000000000 ) ) ;
#4558 = LINE ( 'NONE', #2031, #5359 ) ;
#4559 =( NAMED_UNIT ( * ) PLANE_ANGLE_UNIT ( ) SI_UNIT ( $, .RADIAN. ) );
#4560 = UNCERTAINTY_MEASURE_WITH_UNIT (LENGTH_MEASURE( 1.000000000000000082E-05 ), #1665, 'distance_accuracy_value', 'NONE');
#4561 = FILL_AREA_STYLE ('',( #5494 ) ) ;
#4562 = VERTEX_POINT ( 'NONE', #4944 ) ;
#4563 = LINE ( 'NONE', #3993, #1450 ) ;
#4564 = EDGE_CURVE ( 'NONE', #4703, #5470, #3786, .T. ) ;
#4565 = VECTOR ( 'NONE', #3887, 1000.000000000000000 ) ;
#4566 = ORIENTED_EDGE ( 'NONE', *, *, #5740, .F. ) ;
#4567 = ORIENTED_EDGE ( 'NONE', *, *, #4853, .F. ) ;
#4568 = DIRECTION ( 'NONE',  ( 1.000000000000000000, 0.000000000000000000, 0.000000000000000000 ) ) ;
#4569 = VERTEX_POINT ( 'NONE', #5172 ) ;
#4570 = CARTESIAN_POINT ( 'NONE',  ( -4.600000000000013856, 5.190000000000000391, 0.5000000000000000000 ) ) ;
#4571 = EDGE_CURVE ( 'NONE', #5258, #3505, #2434, .T. ) ;
#4572 = EDGE_CURVE ( 'NONE', #2186, #1343, #1192, .T. ) ;
#4573 = DIRECTION ( 'NONE',  ( 0.000000000000000000, 0.000000000000000000, 1.000000000000000000 ) ) ;
#4574 =( NAMED_UNIT ( * ) SI_UNIT ( $, .STERADIAN. ) SOLID_ANGLE_UNIT ( ) );
#4575 = VECTOR ( 'NONE', #2555, 1000.000000000000000 ) ;
#4576 = PLANE ( 'NONE',  #5234 ) ;
#4577 = EDGE_LOOP ( 'NONE', ( #4978, #3439, #1370, #5653 ) ) ;
#4578 = LINE ( 'NONE', #2221, #1380 ) ;
#4579 = DIRECTION ( 'NONE',  ( -1.000000000000000000, 0.000000000000000000, 0.000000000000000000 ) ) ;
#4580 = VECTOR ( 'NONE', #4581, 1000.000000000000000 ) ;
#4581 = DIRECTION ( 'NONE',  ( -0.000000000000000000, -0.000000000000000000, -1.000000000000000000 ) ) ;
#4582 = CARTESIAN_POINT ( 'NONE',  ( 4.823259234548942231, -5.840000000000002522, 0.5000000000000000000 ) ) ;
#4583 = VECTOR ( 'NONE', #5135, 1000.000000000000000 ) ;
#4584 = ORIENTED_EDGE ( 'NONE', *, *, #1519, .T. ) ;
#4585 = ORIENTED_EDGE ( 'NONE', *, *, #1056, .F. ) ;
#4586 = CARTESIAN_POINT ( 'NONE',  ( 2.199999999999997069, 5.790000000000000036, 0.000000000000000000 ) ) ;
#4587 = FACE_OUTER_BOUND ( 'NONE', #3352, .T. ) ;
#4588 =( NAMED_UNIT ( * ) SI_UNIT ( $, .STERADIAN. ) SOLID_ANGLE_UNIT ( ) );
#4589 = VECTOR ( 'NONE', #3663, 1000.000000000000000 ) ;
#4590 = ORIENTED_EDGE ( 'NONE', *, *, #982, .T. ) ;
#4591 = ORIENTED_EDGE ( 'NONE', *, *, #5462, .T. ) ;
#4592 = CARTESIAN_POINT ( 'NONE',  ( -4.600000000000013856, 5.790000000000000036, 0.5000000000000000000 ) ) ;
#4593 = ORIENTED_EDGE ( 'NONE', *, *, #3109, .F. ) ;
#4594 = PLANE ( 'NONE',  #1549 ) ;
#4595 = PLANE ( 'NONE',  #4175 ) ;
#4596 = EDGE_LOOP ( 'NONE', ( #5548, #1123, #605, #2263 ) ) ;
#4597 = VECTOR ( 'NONE', #4656, 1000.000000000000000 ) ;
#4598 = ORIENTED_EDGE ( 'NONE', *, *, #4863, .F. ) ;
#4599 = CARTESIAN_POINT ( 'NONE',  ( 4.823259234548942231, -5.840000000000002522, 0.5000000000000000000 ) ) ;
#4600 = DIRECTION ( 'NONE',  ( 0.000000000000000000, 1.000000000000000000, 0.000000000000000000 ) ) ;
#4601 = DIRECTION ( 'NONE',  ( -0.000000000000000000, -0.000000000000000000, 1.000000000000000000 ) ) ;
#4602 = DIRECTION ( 'NONE',  ( -1.000000000000000000, 0.000000000000000000, 0.000000000000000000 ) ) ;
#4603 = UNCERTAINTY_MEASURE_WITH_UNIT (LENGTH_MEASURE( 1.000000000000000082E-05 ), #2643, 'distance_accuracy_value', 'NONE');
#4604 = SURFACE_SIDE_STYLE ('',( #2018 ) ) ;
#4605 = AXIS2_PLACEMENT_3D ( 'NONE', #4518, #2304, #4091 ) ;
#4606 = DIRECTION ( 'NONE',  ( 0.000000000000000000, 0.000000000000000000, -1.000000000000000000 ) ) ;
#4607 = EDGE_CURVE ( 'NONE', #4946, #816, #1969, .T. ) ;
#4608 = EDGE_CURVE ( 'NONE', #3748, #4786, #1075, .T. ) ;
#4609 = VECTOR ( 'NONE', #2764, 1000.000000000000000 ) ;
#4610 = VERTEX_POINT ( 'NONE', #2868 ) ;
#4611 =( GEOMETRIC_REPRESENTATION_CONTEXT ( 3 ) GLOBAL_UNCERTAINTY_ASSIGNED_CONTEXT ( ( #2908 ) ) GLOBAL_UNIT_ASSIGNED_CONTEXT ( ( #1202, #3883, #5211 ) ) REPRESENTATION_CONTEXT ( 'NONE', 'WORKASPACE' ) );
#4612 = SURFACE_STYLE_FILL_AREA ( #589 ) ;
#4613 = ORIENTED_EDGE ( 'NONE', *, *, #662, .T. ) ;
#4614 = FACE_OUTER_BOUND ( 'NONE', #4950, .T. ) ;
#4615 =( LENGTH_UNIT ( ) NAMED_UNIT ( * ) SI_UNIT ( .MILLI., .METRE. ) );
#4616 = CARTESIAN_POINT ( 'NONE',  ( -4.560097823754070134, -4.850097823754071946, 2.299999999999999822 ) ) ;
#4617 = CARTESIAN_POINT ( 'NONE',  ( 4.182670137274078215, -5.090000000000002522, 0.000000000000000000 ) ) ;
#4618 = ADVANCED_FACE ( 'NONE', ( #4663 ), #3368, .T. ) ;
#4619 = VERTEX_POINT ( 'NONE', #2957 ) ;
#4620 = DIRECTION ( 'NONE',  ( 0.000000000000000000, 0.000000000000000000, 1.000000000000000000 ) ) ;
#4621 = DIRECTION ( 'NONE',  ( 0.000000000000000000, 1.000000000000000000, 0.000000000000000000 ) ) ;
#4622 = COLOUR_RGB ( '',0.8431372549019607865, 0.8431372549019607865, 0.8431372549019607865 ) ;
#4623 =( NAMED_UNIT ( * ) SI_UNIT ( $, .STERADIAN. ) SOLID_ANGLE_UNIT ( ) );
#4624 = DIRECTION ( 'NONE',  ( 0.000000000000000000, 0.000000000000000000, -1.000000000000000000 ) ) ;
#4625 = UNCERTAINTY_MEASURE_WITH_UNIT (LENGTH_MEASURE( 1.000000000000000082E-05 ), #3973, 'distance_accuracy_value', 'NONE');
#4626 = EDGE_LOOP ( 'NONE', ( #2419, #2976, #2070 ) ) ;
#4627 = PLANE ( 'NONE',  #3846 ) ;
#4628 = STYLED_ITEM ( 'NONE', ( #2086 ), #1540 ) ;
#4629 = LINE ( 'NONE', #634, #2352 ) ;
#4630 = ORIENTED_EDGE ( 'NONE', *, *, #3320, .T. ) ;
#4631 = FACE_OUTER_BOUND ( 'NONE', #4646, .T. ) ;
#4632 = DIRECTION ( 'NONE',  ( 0.000000000000000000, 0.000000000000000000, -1.000000000000000000 ) ) ;
#4633 = VECTOR ( 'NONE', #4639, 1000.000000000000000 ) ;
#4634 = VERTEX_POINT ( 'NONE', #5605 ) ;
#4635 = ORIENTED_EDGE ( 'NONE', *, *, #324, .F. ) ;
#4636 =( NAMED_UNIT ( * ) PLANE_ANGLE_UNIT ( ) SI_UNIT ( $, .RADIAN. ) );
#4637 = CARTESIAN_POINT ( 'NONE',  ( -4.182670137274078215, -5.090000000000002522, 0.000000000000000000 ) ) ;
#4638 = PLANE ( 'NONE',  #1385 ) ;
#4639 = DIRECTION ( 'NONE',  ( -0.000000000000000000, -0.000000000000000000, -1.000000000000000000 ) ) ;
#4640 = CARTESIAN_POINT ( 'NONE',  ( 4.149999999999999467, -5.540000000000002700, 0.000000000000000000 ) ) ;
#4641 = STYLED_ITEM ( 'NONE', ( #5393 ), #3538 ) ;
#4642 = VECTOR ( 'NONE', #2626, 1000.000000000000000 ) ;
#4643 = ORIENTED_EDGE ( 'NONE', *, *, #811, .F. ) ;
#4644 = DIRECTION ( 'NONE',  ( -0.000000000000000000, -0.000000000000000000, -1.000000000000000000 ) ) ;
#4645 =( LENGTH_UNIT ( ) NAMED_UNIT ( * ) SI_UNIT ( .MILLI., .METRE. ) );
#4646 = EDGE_LOOP ( 'NONE', ( #458, #1040, #4537, #5473 ) ) ;
#4647 = DIRECTION ( 'NONE',  ( 1.000000000000000000, -0.000000000000000000, -0.000000000000000000 ) ) ;
#4648 = ADVANCED_FACE ( 'NONE', ( #2003 ), #4627, .T. ) ;
#4649 = EDGE_CURVE ( 'NONE', #5109, #3867, #3020, .T. ) ;
#4650 = VECTOR ( 'NONE', #281, 1000.000000000000000 ) ;
#4651 = VECTOR ( 'NONE', #5130, 1000.000000000000000 ) ;
#4652 = DIRECTION ( 'NONE',  ( 0.000000000000000000, 0.000000000000000000, -1.000000000000000000 ) ) ;
#4653 = CARTESIAN_POINT ( 'NONE',  ( -1.000000000000007327, 5.790000000000000036, 0.000000000000000000 ) ) ;
#4654 = ORIENTED_EDGE ( 'NONE', *, *, #4414, .F. ) ;
#4655 = PRESENTATION_LAYER_ASSIGNMENT (  '', '', ( #3914 ) ) ;
#4656 = DIRECTION ( 'NONE',  ( -1.000000000000000000, 0.000000000000000000, 0.000000000000000000 ) ) ;
#4657 = VECTOR ( 'NONE', #4732, 1000.000000000000000 ) ;
#4658 = LINE ( 'NONE', #4239, #5299 ) ;
#4659 = EDGE_CURVE ( 'NONE', #5171, #3322, #3532, .T. ) ;
#4660 = EDGE_CURVE ( 'NONE', #532, #5378, #1780, .T. ) ;
#4661 = EDGE_LOOP ( 'NONE', ( #3328, #658, #4242, #5503 ) ) ;
#4662 = VECTOR ( 'NONE', #4413, 1000.000000000000000 ) ;
#4663 = FACE_OUTER_BOUND ( 'NONE', #3641, .T. ) ;
#4664 = LINE ( 'NONE', #1194, #1885 ) ;
#4665 = ORIENTED_EDGE ( 'NONE', *, *, #4659, .F. ) ;
#4666 = DIRECTION ( 'NONE',  ( -1.000000000000000000, 2.168404344971008868E-16, 0.000000000000000000 ) ) ;
#4667 = CARTESIAN_POINT ( 'NONE',  ( -3.400000000000011902, 5.790000000000000036, 0.5000000000000000000 ) ) ;
#4668 = EDGE_CURVE ( 'NONE', #4098, #344, #1318, .T. ) ;
#4669 = ORIENTED_EDGE ( 'NONE', *, *, #284, .F. ) ;
#4670 = ORIENTED_EDGE ( 'NONE', *, *, #2899, .F. ) ;
#4671 = CARTESIAN_POINT ( 'NONE',  ( -3.937576565366517567, 0.8099999999999973888, 0.5000000000000000000 ) ) ;
#4672 = SURFACE_STYLE_FILL_AREA ( #250 ) ;
#4673 = LINE ( 'NONE', #2507, #2026 ) ;
#4674 = AXIS2_PLACEMENT_3D ( 'NONE', #1547, #1604, #1175 ) ;
#4675 = SURFACE_STYLE_USAGE ( .BOTH. , #4604 ) ;
#4676 = CARTESIAN_POINT ( 'NONE',  ( 4.823259234548942231, 0.8099999999999973888, 0.5000000000000000000 ) ) ;
#4677 = ORIENTED_EDGE ( 'NONE', *, *, #1057, .F. ) ;
#4678 = ORIENTED_EDGE ( 'NONE', *, *, #1057, .T. ) ;
#4679 = CARTESIAN_POINT ( 'NONE',  ( 0.9999999999999947820, 5.790000000000000036, 0.000000000000000000 ) ) ;
#4680 = STYLED_ITEM ( 'NONE', ( #5374 ), #4461 ) ;
#4681 =( NAMED_UNIT ( * ) PLANE_ANGLE_UNIT ( ) SI_UNIT ( $, .RADIAN. ) );
#4682 = DIRECTION ( 'NONE',  ( 1.000000000000000000, -0.000000000000000000, -0.000000000000000000 ) ) ;
#4683 = EDGE_CURVE ( 'NONE', #1615, #159, #4852, .T. ) ;
#4684 = ORIENTED_EDGE ( 'NONE', *, *, #787, .T. ) ;
#4685 = CARTESIAN_POINT ( 'NONE',  ( -3.800000000000013589, 5.790000000000000036, 0.000000000000000000 ) ) ;
#4686 = VECTOR ( 'NONE', #4773, 1000.000000000000000 ) ;
#4687 = DIRECTION ( 'NONE',  ( -0.000000000000000000, 0.000000000000000000, 1.000000000000000000 ) ) ;
#4688 = DIRECTION ( 'NONE',  ( -1.000000000000000000, 0.000000000000000000, 0.000000000000000000 ) ) ;
#4689 = UNCERTAINTY_MEASURE_WITH_UNIT (LENGTH_MEASURE( 1.000000000000000082E-05 ), #1622, 'distance_accuracy_value', 'NONE');
#4690 = SURFACE_STYLE_FILL_AREA ( #3819 ) ;
#4691 = ADVANCED_FACE ( 'NONE', ( #3449 ), #814, .F. ) ;
#4692 = ORIENTED_EDGE ( 'NONE', *, *, #2055, .T. ) ;
#4693 = DIRECTION ( 'NONE',  ( 0.000000000000000000, 0.000000000000000000, -1.000000000000000000 ) ) ;
#4694 = EDGE_CURVE ( 'NONE', #2792, #4262, #328, .T. ) ;
#4695 = PRESENTATION_LAYER_ASSIGNMENT (  '', '', ( #4874 ) ) ;
#4696 = CARTESIAN_POINT ( 'NONE',  ( -4.899999999999999467, 5.190000000000000391, 0.000000000000000000 ) ) ;
#4697 = ORIENTED_EDGE ( 'NONE', *, *, #2928, .T. ) ;
#4698 = CARTESIAN_POINT ( 'NONE',  ( 4.182670137274078215, -1.790000000000002478, 0.5000000000000000000 ) ) ;
#4699 = PLANE ( 'NONE',  #3058 ) ;
#4700 = FILL_AREA_STYLE ('',( #648 ) ) ;
#4701 = PRESENTATION_LAYER_ASSIGNMENT (  '', '', ( #4706 ) ) ;
#4702 = CARTESIAN_POINT ( 'NONE',  ( -3.800000000000013589, 0.000000000000000000, 0.000000000000000000 ) ) ;
#4703 = VERTEX_POINT ( 'NONE', #2989 ) ;
#4704 = ORIENTED_EDGE ( 'NONE', *, *, #5462, .F. ) ;
#4705 = FILL_AREA_STYLE ('',( #1639 ) ) ;
#4706 = STYLED_ITEM ( 'NONE', ( #2984 ), #224 ) ;
#4707 = DIRECTION ( 'NONE',  ( 1.000000000000000000, -0.000000000000000000, -0.000000000000000000 ) ) ;
#4708 = LINE ( 'NONE', #714, #3528 ) ;
#4709 = DIRECTION ( 'NONE',  ( 1.000000000000000000, 0.000000000000000000, 8.673617379884013384E-15 ) ) ;
#4710 = LINE ( 'NONE', #4653, #212 ) ;
#4711 = ORIENTED_EDGE ( 'NONE', *, *, #3941, .F. ) ;
#4712 = CARTESIAN_POINT ( 'NONE',  ( 3.400000000000001243, 5.790000000000000036, 0.5000000000000000000 ) ) ;
#4713 = DIRECTION ( 'NONE',  ( -1.000000000000000000, -0.000000000000000000, -0.000000000000000000 ) ) ;
#4714 = CIRCLE ( 'NONE', #3579, 0.3750000000000003331 ) ;
#4715 =( LENGTH_UNIT ( ) NAMED_UNIT ( * ) SI_UNIT ( .MILLI., .METRE. ) );
#4716 = SURFACE_STYLE_USAGE ( .BOTH. , #3820 ) ;
#4717 = COLOUR_RGB ( '',0.8431372549019607865, 0.8431372549019607865, 0.8431372549019607865 ) ;
#4718 = VERTEX_POINT ( 'NONE', #838 ) ;
#4719 = CARTESIAN_POINT ( 'NONE',  ( -4.560097823754070134, -4.850097823754071946, 2.299999999999999822 ) ) ;
#4720 = AXIS2_PLACEMENT_3D ( 'NONE', #5295, #4804, #4831 ) ;
#4721 = EDGE_CURVE ( 'NONE', #1589, #2549, #1728, .T. ) ;
#4722 = ORIENTED_EDGE ( 'NONE', *, *, #2438, .F. ) ;
#4723 = PRESENTATION_STYLE_ASSIGNMENT (( #1170 ) ) ;
#4724 = CARTESIAN_POINT ( 'NONE',  ( -2.200000000000008615, 4.499823100075543536, 0.000000000000000000 ) ) ;
#4725 = SURFACE_STYLE_FILL_AREA ( #1543 ) ;
#4726 = CARTESIAN_POINT ( 'NONE',  ( -4.182670137274078215, -1.790000000000002478, 0.000000000000000000 ) ) ;
#4727 = UNCERTAINTY_MEASURE_WITH_UNIT (LENGTH_MEASURE( 1.000000000000000082E-05 ), #452, 'distance_accuracy_value', 'NONE');
#4728 = LINE ( 'NONE', #1955, #4301 ) ;
#4729 = ADVANCED_FACE ( 'NONE', ( #1298 ), #4014, .T. ) ;
#4730 = EDGE_LOOP ( 'NONE', ( #1487, #5416, #4079, #1052 ) ) ;
#4731 = FACE_OUTER_BOUND ( 'NONE', #4390, .T. ) ;
#4732 = DIRECTION ( 'NONE',  ( -8.356086107788088083E-17, 1.000000000000000000, -0.000000000000000000 ) ) ;
#4733 = CARTESIAN_POINT ( 'NONE',  ( -4.823259234548942231, -1.790000000000002478, 0.5000000000000000000 ) ) ;
#4734 = AXIS2_PLACEMENT_3D ( 'NONE', #2215, #3490, #430 ) ;
#4735 =( LENGTH_UNIT ( ) NAMED_UNIT ( * ) SI_UNIT ( .MILLI., .METRE. ) );
#4736 = AXIS2_PLACEMENT_3D ( 'NONE', #1674, #4405, #5654 ) ;
#4737 = ORIENTED_EDGE ( 'NONE', *, *, #732, .T. ) ;
#4738 = CARTESIAN_POINT ( 'NONE',  ( -0.5999999999999998668, -5.840000000000001634, 0.5000000000000000000 ) ) ;
#4739 = DIRECTION ( 'NONE',  ( 1.000000000000000000, -0.000000000000000000, -0.000000000000000000 ) ) ;
#4740 = VECTOR ( 'NONE', #829, 1000.000000000000000 ) ;
#4741 = STYLED_ITEM ( 'NONE', ( #3137 ), #2515 ) ;
#4742 = UNCERTAINTY_MEASURE_WITH_UNIT (LENGTH_MEASURE( 1.000000000000000082E-05 ), #820, 'distance_accuracy_value', 'NONE');
#4743 = VERTEX_POINT ( 'NONE', #4062 ) ;
#4744 =( NAMED_UNIT ( * ) SI_UNIT ( $, .STERADIAN. ) SOLID_ANGLE_UNIT ( ) );
#4745 = FILL_AREA_STYLE_COLOUR ( '', #3193 ) ;
#4746 = STYLED_ITEM ( 'NONE', ( #5270 ), #3775 ) ;
#4747 = VECTOR ( 'NONE', #4857, 1000.000000000000000 ) ;
#4748 = VERTEX_POINT ( 'NONE', #5432 ) ;
#4749 = CARTESIAN_POINT ( 'NONE',  ( 4.149999999999999467, -5.540000000000002700, 0.5000000000000000000 ) ) ;
#4750 =( NAMED_UNIT ( * ) SI_UNIT ( $, .STERADIAN. ) SOLID_ANGLE_UNIT ( ) );
#4751 = LINE ( 'NONE', #1628, #2784 ) ;
#4752 = VECTOR ( 'NONE', #2532, 1000.000000000000000 ) ;
#4753 = VECTOR ( 'NONE', #4739, 1000.000000000000000 ) ;
#4754 = CIRCLE ( 'NONE', #3825, 0.3750000000000003331 ) ;
#4755 = ORIENTED_EDGE ( 'NONE', *, *, #3910, .T. ) ;
#4756 = EDGE_CURVE ( 'NONE', #4562, #4189, #596, .T. ) ;
#4757 = CARTESIAN_POINT ( 'NONE',  ( -4.823259234548942231, -5.840000000000002522, 0.5000000000000000000 ) ) ;
#4758 = PLANE ( 'NONE',  #232 ) ;
#4759 = DIRECTION ( 'NONE',  ( 0.000000000000000000, 0.000000000000000000, 1.000000000000000000 ) ) ;
#4760 = LINE ( 'NONE', #2098, #94 ) ;
#4761 = ORIENTED_EDGE ( 'NONE', *, *, #4428, .F. ) ;
#4762 = EDGE_CURVE ( 'NONE', #2424, #3599, #1869, .T. ) ;
#4763 = CARTESIAN_POINT ( 'NONE',  ( 3.897026497535696077, 4.187026497535694780, 2.389999999999999680 ) ) ;
#4764 = EDGE_CURVE ( 'NONE', #1307, #4775, #530, .T. ) ;
#4765 = PRESENTATION_STYLE_ASSIGNMENT (( #313 ) ) ;
#4766 = FACE_OUTER_BOUND ( 'NONE', #910, .T. ) ;
#4767 = CARTESIAN_POINT ( 'NONE',  ( -4.827756129431178600, 5.190000000000000391, 0.5999999999999559019 ) ) ;
#4768 = ORIENTED_EDGE ( 'NONE', *, *, #4924, .F. ) ;
#4769 = DIRECTION ( 'NONE',  ( 0.000000000000000000, 0.000000000000000000, 1.000000000000000000 ) ) ;
#4770 = CARTESIAN_POINT ( 'NONE',  ( 4.555099101707708265, -4.746072294833551197, 3.054097408932103352 ) ) ;
#4771 = CARTESIAN_POINT ( 'NONE',  ( -4.149999999999999467, -5.540000000000002700, 0.5000000000000000000 ) ) ;
#4772 = ORIENTED_EDGE ( 'NONE', *, *, #1201, .T. ) ;
#4773 = DIRECTION ( 'NONE',  ( 0.000000000000000000, -1.000000000000000000, 0.000000000000000000 ) ) ;
#4774 = CARTESIAN_POINT ( 'NONE',  ( -3.400000000000011902, 5.790000000000000036, 0.000000000000000000 ) ) ;
#4775 = VERTEX_POINT ( 'NONE', #1837 ) ;
#4776 =( NAMED_UNIT ( * ) SI_UNIT ( $, .STERADIAN. ) SOLID_ANGLE_UNIT ( ) );
#4777 = SURFACE_STYLE_FILL_AREA ( #2122 ) ;
#4778 = VECTOR ( 'NONE', #3319, 1000.000000000000000 ) ;
#4779 = VECTOR ( 'NONE', #4500, 1000.000000000000000 ) ;
#4780 = ORIENTED_EDGE ( 'NONE', *, *, #2679, .F. ) ;
#4781 = FACE_OUTER_BOUND ( 'NONE', #1039, .T. ) ;
#4782 =( NAMED_UNIT ( * ) PLANE_ANGLE_UNIT ( ) SI_UNIT ( $, .RADIAN. ) );
#4783 = UNCERTAINTY_MEASURE_WITH_UNIT (LENGTH_MEASURE( 1.000000000000000082E-05 ), #529, 'distance_accuracy_value', 'NONE');
#4784 = SURFACE_STYLE_USAGE ( .BOTH. , #854 ) ;
#4785 = STYLED_ITEM ( 'NONE', ( #5375 ), #5241 ) ;
#4786 = VERTEX_POINT ( 'NONE', #5339 ) ;
#4787 = CARTESIAN_POINT ( 'NONE',  ( 4.899999999999999467, 5.190000000000000391, 0.3944444506222585800 ) ) ;
#4788 =( NAMED_UNIT ( * ) PLANE_ANGLE_UNIT ( ) SI_UNIT ( $, .RADIAN. ) );
#4789 = ORIENTED_EDGE ( 'NONE', *, *, #1467, .F. ) ;
#4790 = PLANE ( 'NONE',  #172 ) ;
#4791 = EDGE_CURVE ( 'NONE', #2946, #4983, #469, .T. ) ;
#4792 = ADVANCED_FACE ( 'NONE', ( #4148 ), #5456, .F. ) ;
#4793 =( NAMED_UNIT ( * ) SI_UNIT ( $, .STERADIAN. ) SOLID_ANGLE_UNIT ( ) );
#4794 = VERTEX_POINT ( 'NONE', #1381 ) ;
#4795 = DIRECTION ( 'NONE',  ( 1.000000000000000000, 0.000000000000000000, 0.000000000000000000 ) ) ;
#4796 = CARTESIAN_POINT ( 'NONE',  ( -1.000000000000006661, 4.499823100075543536, 0.5000000000000000000 ) ) ;
#4797 = LINE ( 'NONE', #5256, #3809 ) ;
#4798 = ORIENTED_EDGE ( 'NONE', *, *, #4249, .T. ) ;
#4799 = EDGE_CURVE ( 'NONE', #3555, #5078, #4969, .T. ) ;
#4800 = SURFACE_SIDE_STYLE ('',( #1 ) ) ;
#4801 = ORIENTED_EDGE ( 'NONE', *, *, #981, .F. ) ;
#4802 = FILL_AREA_STYLE_COLOUR ( '', #821 ) ;
#4803 = VECTOR ( 'NONE', #375, 1000.000000000000000 ) ;
#4804 = DIRECTION ( 'NONE',  ( -1.000000000000000000, -6.722812492141117417E-16, 0.000000000000000000 ) ) ;
#4805 = PRESENTATION_STYLE_ASSIGNMENT (( #3935 ) ) ;
#4806 = ORIENTED_EDGE ( 'NONE', *, *, #3604, .T. ) ;
#4807 = SURFACE_SIDE_STYLE ('',( #4915 ) ) ;
#4808 = ORIENTED_EDGE ( 'NONE', *, *, #3941, .T. ) ;
#4809 = CARTESIAN_POINT ( 'NONE',  ( 1.399999999999997247, 5.790000000000000036, 0.5000000000000000000 ) ) ;
#4810 = FILL_AREA_STYLE_COLOUR ( '', #1863 ) ;
#4811 = ORIENTED_EDGE ( 'NONE', *, *, #3136, .T. ) ;
#4812 = FACE_OUTER_BOUND ( 'NONE', #3195, .T. ) ;
#4813 =( NAMED_UNIT ( * ) SI_UNIT ( $, .STERADIAN. ) SOLID_ANGLE_UNIT ( ) );
#4814 = EDGE_LOOP ( 'NONE', ( #1722, #2973, #2802, #2237 ) ) ;
#4815 = SURFACE_STYLE_FILL_AREA ( #3064 ) ;
#4816 = MECHANICAL_DESIGN_GEOMETRIC_PRESENTATION_REPRESENTATION (  '', ( #3318 ), #1463 ) ;
#4817 = VERTEX_POINT ( 'NONE', #1899 ) ;
#4818 = FACE_OUTER_BOUND ( 'NONE', #3298, .T. ) ;
#4819 = LINE ( 'NONE', #834, #2834 ) ;
#4820 = CARTESIAN_POINT ( 'NONE',  ( -0.2000000000000075051, 5.190000000000000391, 0.000000000000000000 ) ) ;
#4821 = EDGE_CURVE ( 'NONE', #921, #3806, #1413, .T. ) ;
#4822 = EDGE_CURVE ( 'NONE', #208, #5356, #3153, .T. ) ;
#4823 = AXIS2_PLACEMENT_3D ( 'NONE', #1239, #354, #3446 ) ;
#4824 = SURFACE_STYLE_FILL_AREA ( #5205 ) ;
#4825 = CARTESIAN_POINT ( 'NONE',  ( 2.199999999999997069, 5.790000000000000036, 0.000000000000000000 ) ) ;
#4826 = VERTEX_POINT ( 'NONE', #976 ) ;
#4827 = PLANE ( 'NONE',  #1366 ) ;
#4828 = VECTOR ( 'NONE', #427, 1000.000000000000000 ) ;
#4829 = ADVANCED_FACE ( 'NONE', ( #2308 ), #4172, .T. ) ;
#4830 = EDGE_CURVE ( 'NONE', #3692, #3060, #4095, .T. ) ;
#4831 = DIRECTION ( 'NONE',  ( 6.722812492141117417E-16, -1.000000000000000000, 0.000000000000000000 ) ) ;
#4832 = FILL_AREA_STYLE_COLOUR ( '', #3342 ) ;
#4833 = MECHANICAL_DESIGN_GEOMETRIC_PRESENTATION_REPRESENTATION (  '', ( #356 ), #2044 ) ;
#4834 = FILL_AREA_STYLE_COLOUR ( '', #5609 ) ;
#4835 = ORIENTED_EDGE ( 'NONE', *, *, #1301, .F. ) ;
#4836 = ADVANCED_FACE ( 'NONE', ( #2024 ), #1097, .T. ) ;
#4837 = CARTESIAN_POINT ( 'NONE',  ( 3.400000000000001243, 3.790000000000000036, 0.5000000000000000000 ) ) ;
#4838 = VECTOR ( 'NONE', #4647, 1000.000000000000000 ) ;
#4839 = DIRECTION ( 'NONE',  ( 1.000000000000000000, 0.000000000000000000, -0.000000000000000000 ) ) ;
#4840 = ORIENTED_EDGE ( 'NONE', *, *, #699, .T. ) ;
#4841 = ORIENTED_EDGE ( 'NONE', *, *, #1618, .T. ) ;
#4842 = LINE ( 'NONE', #5304, #4082 ) ;
#4843 = CARTESIAN_POINT ( 'NONE',  ( -3.800000000000013589, 5.190000000000000391, 0.000000000000000000 ) ) ;
#4844 =( NAMED_UNIT ( * ) SI_UNIT ( $, .STERADIAN. ) SOLID_ANGLE_UNIT ( ) );
#4845 = CARTESIAN_POINT ( 'NONE',  ( -2.600000000000012079, 5.790000000000000036, 0.5000000000000000000 ) ) ;
#4846 = DIRECTION ( 'NONE',  ( -0.000000000000000000, 0.000000000000000000, 1.000000000000000000 ) ) ;
#4847 = VERTEX_POINT ( 'NONE', #1994 ) ;
#4848 = CARTESIAN_POINT ( 'NONE',  ( -4.600000000000013856, 5.790000000000000036, 0.5000000000000000000 ) ) ;
#4849 = FILL_AREA_STYLE_COLOUR ( '', #4507 ) ;
#4850 = LINE ( 'NONE', #1316, #3510 ) ;
#4851 = AXIS2_PLACEMENT_3D ( 'NONE', #5216, #3943, #2972 ) ;
#4852 = LINE ( 'NONE', #1701, #3269 ) ;
#4853 = EDGE_CURVE ( 'NONE', #463, #1185, #4302, .T. ) ;
#4854 = DIRECTION ( 'NONE',  ( -0.000000000000000000, -0.000000000000000000, -1.000000000000000000 ) ) ;
#4855 = ORIENTED_EDGE ( 'NONE', *, *, #3568, .T. ) ;
#4856 = FILL_AREA_STYLE ('',( #844 ) ) ;
#4857 = DIRECTION ( 'NONE',  ( -1.680703123035279354E-16, -1.000000000000000000, 0.000000000000000000 ) ) ;
#4858 = SURFACE_STYLE_FILL_AREA ( #952 ) ;
#4859 = PRESENTATION_STYLE_ASSIGNMENT (( #4044 ) ) ;
#4860 = PRESENTATION_LAYER_ASSIGNMENT (  '', '', ( #3266 ) ) ;
#4861 = EDGE_CURVE ( 'NONE', #2930, #3985, #656, .T. ) ;
#4862 = FILL_AREA_STYLE ('',( #4834 ) ) ;
#4863 = EDGE_CURVE ( 'NONE', #2502, #1550, #5543, .T. ) ;
#4864 = DIRECTION ( 'NONE',  ( 0.000000000000000000, -1.000000000000000000, 0.000000000000000000 ) ) ;
#4865 =( GEOMETRIC_REPRESENTATION_CONTEXT ( 3 ) GLOBAL_UNCERTAINTY_ASSIGNED_CONTEXT ( ( #765 ) ) GLOBAL_UNIT_ASSIGNED_CONTEXT ( ( #4735, #3776, #3710 ) ) REPRESENTATION_CONTEXT ( 'NONE', 'WORKASPACE' ) );
#4866 = CARTESIAN_POINT ( 'NONE',  ( 3.937576565366517567, 0.9099999999999973666, 0.5000000000000000000 ) ) ;
#4867 = EDGE_LOOP ( 'NONE', ( #1398, #1957, #359, #931 ) ) ;
#4868 = VECTOR ( 'NONE', #1493, 1000.000000000000000 ) ;
#4869 = EDGE_CURVE ( 'NONE', #4610, #1808, #683, .T. ) ;
#4870 = ORIENTED_EDGE ( 'NONE', *, *, #5114, .F. ) ;
#4871 = CARTESIAN_POINT ( 'NONE',  ( 4.182670137274078215, -1.790000000000002478, 0.5000000000000000000 ) ) ;
#4872 = ORIENTED_EDGE ( 'NONE', *, *, #5180, .F. ) ;
#4873 = PRESENTATION_STYLE_ASSIGNMENT (( #4377 ) ) ;
#4874 = STYLED_ITEM ( 'NONE', ( #368 ), #5214 ) ;
#4875 = SURFACE_STYLE_USAGE ( .BOTH. , #4306 ) ;
#4876 = PLANE ( 'NONE',  #557 ) ;
#4877 = PRESENTATION_STYLE_ASSIGNMENT (( #5650 ) ) ;
#4878 =( GEOMETRIC_REPRESENTATION_CONTEXT ( 3 ) GLOBAL_UNCERTAINTY_ASSIGNED_CONTEXT ( ( #2462 ) ) GLOBAL_UNIT_ASSIGNED_CONTEXT ( ( #4236, #3411, #5199 ) ) REPRESENTATION_CONTEXT ( 'NONE', 'WORKASPACE' ) );
#4879 = ORIENTED_EDGE ( 'NONE', *, *, #3494, .F. ) ;
#4880 = CARTESIAN_POINT ( 'NONE',  ( -4.823259234548942231, -5.090000000000002522, 0.5000000000000000000 ) ) ;
#4881 = CARTESIAN_POINT ( 'NONE',  ( 4.461582618623270768, -4.850609425497429683, 3.014889417878187761 ) ) ;
#4882 =( LENGTH_UNIT ( ) NAMED_UNIT ( * ) SI_UNIT ( .MILLI., .METRE. ) );
#4883 = CIRCLE ( 'NONE', #1341, 0.09999999999999982514 ) ;
#4884 = LINE ( 'NONE', #919, #2259 ) ;
#4885 = ORIENTED_EDGE ( 'NONE', *, *, #183, .T. ) ;
#4886 = DIRECTION ( 'NONE',  ( -1.000000000000000000, 2.443272501375785452E-16, -0.000000000000000000 ) ) ;
#4887 = SURFACE_SIDE_STYLE ('',( #3104 ) ) ;
#4888 =( GEOMETRIC_REPRESENTATION_CONTEXT ( 3 ) GLOBAL_UNCERTAINTY_ASSIGNED_CONTEXT ( ( #5419 ) ) GLOBAL_UNIT_ASSIGNED_CONTEXT ( ( #4645, #287, #1991 ) ) REPRESENTATION_CONTEXT ( 'NONE', 'WORKASPACE' ) );
#4889 = FACE_OUTER_BOUND ( 'NONE', #2166, .T. ) ;
#4890 = EDGE_CURVE ( 'NONE', #5498, #5223, #4234, .T. ) ;
#4891 = ADVANCED_FACE ( 'NONE', ( #5141 ), #2490, .F. ) ;
#4892 = VECTOR ( 'NONE', #4164, 1000.000000000000000 ) ;
#4893 = ORIENTED_EDGE ( 'NONE', *, *, #4924, .T. ) ;
#4894 = EDGE_LOOP ( 'NONE', ( #4409, #3948, #5647, #3228 ) ) ;
#4895 = CARTESIAN_POINT ( 'NONE',  ( 3.937576565366517567, 0.8099999999999973888, 0.000000000000000000 ) ) ;
#4896 = DIRECTION ( 'NONE',  ( -6.722812492141117417E-16, 1.000000000000000000, -0.000000000000000000 ) ) ;
#4897 = VERTEX_POINT ( 'NONE', #776 ) ;
#4898 = DIRECTION ( 'NONE',  ( 1.000000000000000000, -0.000000000000000000, -0.000000000000000000 ) ) ;
#4899 = ADVANCED_FACE ( 'NONE', ( #317 ), #3894, .F. ) ;
#4900 = STYLED_ITEM ( 'NONE', ( #2375 ), #1436 ) ;
#4901 =( LENGTH_UNIT ( ) NAMED_UNIT ( * ) SI_UNIT ( .MILLI., .METRE. ) );
#4902 = ORIENTED_EDGE ( 'NONE', *, *, #3728, .T. ) ;
#4903 = CARTESIAN_POINT ( 'NONE',  ( -4.823259234548942231, -5.090000000000002522, 0.5000000000000000000 ) ) ;
#4904 = CARTESIAN_POINT ( 'NONE',  ( -1.000000000000006661, 4.499823100075543536, 0.5000000000000000000 ) ) ;
#4905 = COLOUR_RGB ( '',0.8431372549019607865, 0.8431372549019607865, 0.8431372549019607865 ) ;
#4906 = FILL_AREA_STYLE ('',( #3627 ) ) ;
#4907 = VECTOR ( 'NONE', #3714, 1000.000000000000000 ) ;
#4908 = CARTESIAN_POINT ( 'NONE',  ( 4.823259234548942231, 0.8099999999999973888, 0.5000000000000000000 ) ) ;
#4909 = ORIENTED_EDGE ( 'NONE', *, *, #1721, .T. ) ;
#4910 = LINE ( 'NONE', #1384, #631 ) ;
#4911 = CARTESIAN_POINT ( 'NONE',  ( 2.600000000000000533, 5.790000000000000036, 0.5000000000000000000 ) ) ;
#4912 = FILL_AREA_STYLE ('',( #1874 ) ) ;
#4913 = AXIS2_PLACEMENT_3D ( 'NONE', #320, #410, #2658 ) ;
#4914 = FILL_AREA_STYLE_COLOUR ( '', #1760 ) ;
#4915 = SURFACE_STYLE_FILL_AREA ( #2177 ) ;
#4916 = VECTOR ( 'NONE', #2795, 1000.000000000000000 ) ;
#4917 = VECTOR ( 'NONE', #4116, 1000.000000000000000 ) ;
#4918 = LINE ( 'NONE', #5750, #2002 ) ;
#4919 = CARTESIAN_POINT ( 'NONE',  ( 4.182670137274078215, -1.790000000000002478, 0.000000000000000000 ) ) ;
#4920 = MECHANICAL_DESIGN_GEOMETRIC_PRESENTATION_REPRESENTATION (  '', ( #1116 ), #746 ) ;
#4921 = VECTOR ( 'NONE', #5480, 1000.000000000000000 ) ;
#4922 = ORIENTED_EDGE ( 'NONE', *, *, #2329, .F. ) ;
#4923 = VERTEX_POINT ( 'NONE', #1313 ) ;
#4924 = EDGE_CURVE ( 'NONE', #4923, #2297, #1289, .T. ) ;
#4925 = VECTOR ( 'NONE', #5582, 1000.000000000000000 ) ;
#4926 = VERTEX_POINT ( 'NONE', #3067 ) ;
#4927 =( NAMED_UNIT ( * ) PLANE_ANGLE_UNIT ( ) SI_UNIT ( $, .RADIAN. ) );
#4928 = CARTESIAN_POINT ( 'NONE',  ( 2.600000000000000533, 5.790000000000000036, 0.5000000000000000000 ) ) ;
#4929 =( NAMED_UNIT ( * ) SI_UNIT ( $, .STERADIAN. ) SOLID_ANGLE_UNIT ( ) );
#4930 = SURFACE_STYLE_USAGE ( .BOTH. , #1374 ) ;
#4931 = VECTOR ( 'NONE', #4233, 1000.000000000000000 ) ;
#4932 = CARTESIAN_POINT ( 'NONE',  ( -4.659124630628229013, 4.850097823754071946, 2.313917310096006208 ) ) ;
#4933 = ADVANCED_FACE ( 'NONE', ( #4766 ), #1237, .F. ) ;
#4934 = EDGE_CURVE ( 'NONE', #2792, #3853, #4378, .T. ) ;
#4935 = VERTEX_POINT ( 'NONE', #1642 ) ;
#4936 = LINE ( 'NONE', #2338, #1847 ) ;
#4937 = SURFACE_STYLE_FILL_AREA ( #4906 ) ;
#4938 = DIRECTION ( 'NONE',  ( -1.000000000000000000, -2.521054684552918662E-16, 0.000000000000000000 ) ) ;
#4939 = ORIENTED_EDGE ( 'NONE', *, *, #143, .T. ) ;
#4940 = VERTEX_POINT ( 'NONE', #5197 ) ;
#4941 = FILL_AREA_STYLE ('',( #5403 ) ) ;
#4942 = CYLINDRICAL_SURFACE ( 'NONE', #621, 0.3750000000000003331 ) ;
#4943 = FILL_AREA_STYLE ('',( #4914 ) ) ;
#4944 = CARTESIAN_POINT ( 'NONE',  ( 4.600000000000000533, 3.790000000000000036, 0.5000000000000000000 ) ) ;
#4945 = CARTESIAN_POINT ( 'NONE',  ( -2.600000000000012079, 5.790000000000000036, 0.5000000000000000000 ) ) ;
#4946 = VERTEX_POINT ( 'NONE', #803 ) ;
#4947 = LINE ( 'NONE', #1501, #4231 ) ;
#4948 = PLANE ( 'NONE',  #1725 ) ;
#4949 = FILL_AREA_STYLE ('',( #2320 ) ) ;
#4950 = EDGE_LOOP ( 'NONE', ( #2365, #491, #5443, #5122, #3548 ) ) ;
#4951 = AXIS2_PLACEMENT_3D ( 'NONE', #3656, #4553, #918 ) ;
#4952 = ORIENTED_EDGE ( 'NONE', *, *, #3624, .F. ) ;
#4953 = FILL_AREA_STYLE_COLOUR ( '', #5746 ) ;
#4954 = LINE ( 'NONE', #4254, #4892 ) ;
#4955 = ORIENTED_EDGE ( 'NONE', *, *, #4428, .T. ) ;
#4956 = LINE ( 'NONE', #5448, #2661 ) ;
#4957 = UNCERTAINTY_MEASURE_WITH_UNIT (LENGTH_MEASURE( 1.000000000000000082E-05 ), #1213, 'distance_accuracy_value', 'NONE');
#4958 = SURFACE_STYLE_USAGE ( .BOTH. , #1891 ) ;
#4959 = AXIS2_PLACEMENT_3D ( 'NONE', #2244, #5395, #4087 ) ;
#4960 =( LENGTH_UNIT ( ) NAMED_UNIT ( * ) SI_UNIT ( .MILLI., .METRE. ) );
#4961 = ORIENTED_EDGE ( 'NONE', *, *, #2938, .T. ) ;
#4962 = CARTESIAN_POINT ( 'NONE',  ( 1.399999999999997469, 4.499823100075543536, 0.5000000000000000000 ) ) ;
#4963 = VECTOR ( 'NONE', #3194, 1000.000000000000000 ) ;
#4964 = PLANE ( 'NONE',  #4605 ) ;
#4965 = CARTESIAN_POINT ( 'NONE',  ( 4.600000000000000533, 5.790000000000000036, 0.5000000000000000000 ) ) ;
#4966 = EDGE_CURVE ( 'NONE', #3048, #4718, #2138, .T. ) ;
#4967 = ADVANCED_FACE ( 'NONE', ( #5681 ), #3178, .T. ) ;
#4968 = VECTOR ( 'NONE', #1067, 1000.000000000000227 ) ;
#4969 = LINE ( 'NONE', #4037, #578 ) ;
#4970 = DIRECTION ( 'NONE',  ( 1.000000000000000000, 0.000000000000000000, 0.000000000000000000 ) ) ;
#4971 = ORIENTED_EDGE ( 'NONE', *, *, #4212, .F. ) ;
#4972 = DIRECTION ( 'NONE',  ( 0.000000000000000000, -1.000000000000000000, -0.000000000000000000 ) ) ;
#4973 = DIRECTION ( 'NONE',  ( 1.000000000000000000, -0.000000000000000000, -0.000000000000000000 ) ) ;
#4974 = STYLED_ITEM ( 'NONE', ( #378 ), #3800 ) ;
#4975 = EDGE_CURVE ( 'NONE', #5466, #5492, #3619, .T. ) ;
#4976 = DIRECTION ( 'NONE',  ( 0.000000000000000000, 0.000000000000000000, -1.000000000000000000 ) ) ;
#4977 = CARTESIAN_POINT ( 'NONE',  ( -3.800000000000013589, 4.499823100075543536, 0.000000000000000000 ) ) ;
#4978 = ORIENTED_EDGE ( 'NONE', *, *, #2858, .F. ) ;
#4979 = SURFACE_STYLE_USAGE ( .BOTH. , #3130 ) ;
#4980 =( NAMED_UNIT ( * ) SI_UNIT ( $, .STERADIAN. ) SOLID_ANGLE_UNIT ( ) );
#4981 = MECHANICAL_DESIGN_GEOMETRIC_PRESENTATION_REPRESENTATION (  '', ( #2647 ), #5257 ) ;
#4982 = VERTEX_POINT ( 'NONE', #4932 ) ;
#4983 = VERTEX_POINT ( 'NONE', #4481 ) ;
#4984 = CARTESIAN_POINT ( 'NONE',  ( -4.600000000000013856, 5.190000000000000391, 0.000000000000000000 ) ) ;
#4985 = LINE ( 'NONE', #4027, #2473 ) ;
#4986 = ORIENTED_EDGE ( 'NONE', *, *, #2329, .T. ) ;
#4987 = STYLED_ITEM ( 'NONE', ( #3668 ), #622 ) ;
#4988 = DIRECTION ( 'NONE',  ( -0.000000000000000000, 0.000000000000000000, -1.000000000000000000 ) ) ;
#4989 = DIRECTION ( 'NONE',  ( 0.000000000000000000, -0.000000000000000000, -1.000000000000000000 ) ) ;
#4990 = FILL_AREA_STYLE_COLOUR ( '', #2140 ) ;
#4991 = SURFACE_SIDE_STYLE ('',( #1406 ) ) ;
#4992 = ORIENTED_EDGE ( 'NONE', *, *, #2438, .T. ) ;
#4993 = CARTESIAN_POINT ( 'NONE',  ( 3.937576565366517567, 0.9099999999999973666, 0.5000000000000000000 ) ) ;
#4994 = DIRECTION ( 'NONE',  ( -0.000000000000000000, -0.000000000000000000, -1.000000000000000000 ) ) ;
#4995 = VECTOR ( 'NONE', #2068, 1000.000000000000000 ) ;
#4996 = DIRECTION ( 'NONE',  ( 0.000000000000000000, -0.000000000000000000, -1.000000000000000000 ) ) ;
#4997 = AXIS2_PLACEMENT_3D ( 'NONE', #431, #5576, #3392 ) ;
#4998 = EDGE_CURVE ( 'NONE', #4926, #190, #2301, .T. ) ;
#4999 = ORIENTED_EDGE ( 'NONE', *, *, #8, .F. ) ;
#5000 = ORIENTED_EDGE ( 'NONE', *, *, #1132, .T. ) ;
#5001 = SURFACE_STYLE_USAGE ( .BOTH. , #2717 ) ;
#5002 = SURFACE_STYLE_USAGE ( .BOTH. , #980 ) ;
#5003 = DIRECTION ( 'NONE',  ( 2.168404344971008868E-16, 1.000000000000000000, -0.000000000000000000 ) ) ;
#5004 = DIRECTION ( 'NONE',  ( -1.000000000000000000, -0.000000000000000000, -0.000000000000000000 ) ) ;
#5005 = ADVANCED_FACE ( 'NONE', ( #2270 ), #1893, .F. ) ;
#5006 = ORIENTED_EDGE ( 'NONE', *, *, #2429, .T. ) ;
#5007 = ADVANCED_FACE ( 'NONE', ( #1862 ), #3554, .F. ) ;
#5008 = CARTESIAN_POINT ( 'NONE',  ( 0.9999999999999947820, 4.499823100075543536, 0.000000000000000000 ) ) ;
#5009 = VECTOR ( 'NONE', #2085, 1000.000000000000000 ) ;
#5010 = EDGE_LOOP ( 'NONE', ( #1880, #4801, #2051, #1864 ) ) ;
#5011 = ORIENTED_EDGE ( 'NONE', *, *, #1551, .T. ) ;
#5012 = FILL_AREA_STYLE_COLOUR ( '', #1386 ) ;
#5013 = FACE_OUTER_BOUND ( 'NONE', #1506, .T. ) ;
#5014 = VECTOR ( 'NONE', #2830, 1000.000000000000000 ) ;
#5015 = CARTESIAN_POINT ( 'NONE',  ( 0.1999999999999950429, 5.190000000000000391, 0.000000000000000000 ) ) ;
#5016 = UNCERTAINTY_MEASURE_WITH_UNIT (LENGTH_MEASURE( 1.000000000000000082E-05 ), #3622, 'distance_accuracy_value', 'NONE');
#5017 = DIRECTION ( 'NONE',  ( -0.000000000000000000, 0.000000000000000000, -1.000000000000000000 ) ) ;
#5018 = PRESENTATION_LAYER_ASSIGNMENT (  '', '', ( #4278 ) ) ;
#5019 = STYLED_ITEM ( 'NONE', ( #1470 ), #2831 ) ;
#5020 = ORIENTED_EDGE ( 'NONE', *, *, #1782, .F. ) ;
#5021 = LINE ( 'NONE', #1033, #2499 ) ;
#5022 = FILL_AREA_STYLE ('',( #113 ) ) ;
#5023 = CARTESIAN_POINT ( 'NONE',  ( -3.937576565366517567, 0.9099999999999973666, 0.5000000000000000000 ) ) ;
#5024 = STYLED_ITEM ( 'NONE', ( #4859 ), #4046 ) ;
#5025 = CARTESIAN_POINT ( 'NONE',  ( -4.899999999999999467, 5.190000000000000391, 2.399999999999999911 ) ) ;
#5026 = SURFACE_STYLE_FILL_AREA ( #1930 ) ;
#5027 = STYLED_ITEM ( 'NONE', ( #2544 ), #4110 ) ;
#5028 = ORIENTED_EDGE ( 'NONE', *, *, #2616, .T. ) ;
#5029 = ORIENTED_EDGE ( 'NONE', *, *, #3568, .F. ) ;
#5030 =( LENGTH_UNIT ( ) NAMED_UNIT ( * ) SI_UNIT ( .MILLI., .METRE. ) );
#5031 =( NAMED_UNIT ( * ) PLANE_ANGLE_UNIT ( ) SI_UNIT ( $, .RADIAN. ) );
#5032 = LINE ( 'NONE', #630, #2758 ) ;
#5033 = UNCERTAINTY_MEASURE_WITH_UNIT (LENGTH_MEASURE( 1.000000000000000082E-05 ), #2799, 'distance_accuracy_value', 'NONE');
#5034 = EDGE_CURVE ( 'NONE', #3111, #5065, #2334, .T. ) ;
#5035 = DIRECTION ( 'NONE',  ( 0.000000000000000000, 0.000000000000000000, 1.000000000000000000 ) ) ;
#5036 = EDGE_LOOP ( 'NONE', ( #3295, #1064, #5324, #3696, #4532, #3967, #2279, #3019, #1978, #2173, #170, #3999, #4909, #3039, #673, #1834, #1582, #4939, #2856, #1264, #1400, #4542, #2367, #1688, #1092, #4961, #4237, #3520, #2727, #1191, #986, #4885, #2819, #588, #5524, #4737, #722, #4811 ) ) ;
#5037 = DIRECTION ( 'NONE',  ( 1.000000000000000000, 0.000000000000000000, -0.000000000000000000 ) ) ;
#5038 = EDGE_CURVE ( 'NONE', #2327, #4210, #1459, .T. ) ;
#5039 = EDGE_CURVE ( 'NONE', #5062, #1307, #3769, .T. ) ;
#5040 = PRESENTATION_LAYER_ASSIGNMENT (  '', '', ( #2993 ) ) ;
#5041 = EDGE_LOOP ( 'NONE', ( #1006, #4999, #3792, #5020 ) ) ;
#5042 = VERTEX_POINT ( 'NONE', #2853 ) ;
#5043 = DIRECTION ( 'NONE',  ( 3.361406246070558709E-16, 1.000000000000000000, -0.000000000000000000 ) ) ;
#5044 = COLOUR_RGB ( '',0.8431372549019607865, 0.8431372549019607865, 0.8431372549019607865 ) ;
#5045 = LINE ( 'NONE', #3258, #1353 ) ;
#5046 = SURFACE_STYLE_USAGE ( .BOTH. , #3259 ) ;
#5047 = LINE ( 'NONE', #1029, #4352 ) ;
#5048 = VECTOR ( 'NONE', #2580, 1000.000000000000000 ) ;
#5049 = LINE ( 'NONE', #1122, #1325 ) ;
#5050 = ORIENTED_EDGE ( 'NONE', *, *, #2187, .F. ) ;
#5051 = ORIENTED_EDGE ( 'NONE', *, *, #174, .T. ) ;
#5052 = DIRECTION ( 'NONE',  ( 1.680703123035279354E-16, -1.000000000000000000, 0.000000000000000000 ) ) ;
#5053 =( GEOMETRIC_REPRESENTATION_CONTEXT ( 3 ) GLOBAL_UNCERTAINTY_ASSIGNED_CONTEXT ( ( #5491 ) ) GLOBAL_UNIT_ASSIGNED_CONTEXT ( ( #2687, #2743, #945 ) ) REPRESENTATION_CONTEXT ( 'NONE', 'WORKASPACE' ) );
#5054 = FILL_AREA_STYLE ('',( #5514 ) ) ;
#5055 = CARTESIAN_POINT ( 'NONE',  ( -3.800000000000013589, 5.790000000000000036, 0.000000000000000000 ) ) ;
#5056 = COLOUR_RGB ( '',0.8431372549019607865, 0.8431372549019607865, 0.8431372549019607865 ) ;
#5057 = ORIENTED_EDGE ( 'NONE', *, *, #2618, .F. ) ;
#5058 = SURFACE_SIDE_STYLE ('',( #3329 ) ) ;
#5059 = CARTESIAN_POINT ( 'NONE',  ( -4.823259234548942231, -1.790000000000002478, 0.000000000000000000 ) ) ;
#5060 = FILL_AREA_STYLE_COLOUR ( '', #2416 ) ;
#5061 = COLOUR_RGB ( '',0.2941176470588235392, 0.2941176470588235392, 0.2941176470588235392 ) ;
#5062 = VERTEX_POINT ( 'NONE', #4167 ) ;
#5063 = CARTESIAN_POINT ( 'NONE',  ( 4.182670137274078215, -1.790000000000002478, 0.5000000000000000000 ) ) ;
#5064 = CARTESIAN_POINT ( 'NONE',  ( 4.823259234548942231, -1.790000000000002478, 0.5000000000000000000 ) ) ;
#5065 = VERTEX_POINT ( 'NONE', #2449 ) ;
#5066 = AXIS2_PLACEMENT_3D ( 'NONE', #3959, #3047, #1350 ) ;
#5067 = DIRECTION ( 'NONE',  ( -1.000000000000000000, 0.000000000000000000, 0.000000000000000000 ) ) ;
#5068 = VERTEX_POINT ( 'NONE', #4640 ) ;
#5069 = EDGE_LOOP ( 'NONE', ( #2862, #1337, #5006, #961 ) ) ;
#5070 = ADVANCED_FACE ( 'NONE', ( #195 ), #3802, .F. ) ;
#5071 = LINE ( 'NONE', #2904, #3152 ) ;
#5072 = EDGE_CURVE ( 'NONE', #2762, #1783, #1088, .T. ) ;
#5073 = DIRECTION ( 'NONE',  ( 0.000000000000000000, 1.000000000000000000, 0.000000000000000000 ) ) ;
#5074 =( NAMED_UNIT ( * ) PLANE_ANGLE_UNIT ( ) SI_UNIT ( $, .RADIAN. ) );
#5075 = AXIS2_PLACEMENT_3D ( 'NONE', #1630, #236, #1590 ) ;
#5076 = DIRECTION ( 'NONE',  ( -0.1378445374916254240, -0.1378445374916254795, -0.9808148484639899189 ) ) ;
#5077 = VECTOR ( 'NONE', #933, 1000.000000000000000 ) ;
#5078 = VERTEX_POINT ( 'NONE', #5537 ) ;
#5079 = EDGE_CURVE ( 'NONE', #598, #3052, #168, .T. ) ;
#5080 = EDGE_CURVE ( 'NONE', #4509, #1468, #3262, .T. ) ;
#5081 = DIRECTION ( 'NONE',  ( -0.9902680687415710281, 0.000000000000000000, 0.1391731009600615798 ) ) ;
#5082 =( GEOMETRIC_REPRESENTATION_CONTEXT ( 3 ) GLOBAL_UNCERTAINTY_ASSIGNED_CONTEXT ( ( #4727 ) ) GLOBAL_UNIT_ASSIGNED_CONTEXT ( ( #452, #3570, #1818 ) ) REPRESENTATION_CONTEXT ( 'NONE', 'WORKASPACE' ) );
#5083 = FILL_AREA_STYLE ('',( #3811 ) ) ;
#5084 = VERTEX_POINT ( 'NONE', #1956 ) ;
#5085 =( NAMED_UNIT ( * ) PLANE_ANGLE_UNIT ( ) SI_UNIT ( $, .RADIAN. ) );
#5086 = STYLED_ITEM ( 'NONE', ( #3755 ), #1163 ) ;
#5087 = CARTESIAN_POINT ( 'NONE',  ( -0.2000000000000074496, 5.790000000000000036, 0.5000000000000000000 ) ) ;
#5088 = FACE_OUTER_BOUND ( 'NONE', #5564, .T. ) ;
#5089 = UNCERTAINTY_MEASURE_WITH_UNIT (LENGTH_MEASURE( 1.000000000000000082E-05 ), #2107, 'distance_accuracy_value', 'NONE');
#5090 = ORIENTED_EDGE ( 'NONE', *, *, #9, .T. ) ;
#5091 = DIRECTION ( 'NONE',  ( 1.000000000000000000, -0.000000000000000000, -0.000000000000000000 ) ) ;
#5092 = VECTOR ( 'NONE', #5204, 1000.000000000000000 ) ;
#5093 = CARTESIAN_POINT ( 'NONE',  ( -0.2000000000000074496, 5.790000000000000036, 0.5000000000000000000 ) ) ;
#5094 = ORIENTED_EDGE ( 'NONE', *, *, #944, .F. ) ;
#5095 = MECHANICAL_DESIGN_GEOMETRIC_PRESENTATION_REPRESENTATION (  '', ( #338 ), #4260 ) ;
#5096 = DIRECTION ( 'NONE',  ( 0.000000000000000000, -1.000000000000000000, 0.000000000000000000 ) ) ;
#5097 = ORIENTED_EDGE ( 'NONE', *, *, #3910, .F. ) ;
#5098 = ORIENTED_EDGE ( 'NONE', *, *, #3290, .T. ) ;
#5099 = LINE ( 'NONE', #3229, #4651 ) ;
#5100 =( NAMED_UNIT ( * ) PLANE_ANGLE_UNIT ( ) SI_UNIT ( $, .RADIAN. ) );
#5101 = CYLINDRICAL_SURFACE ( 'NONE', #2677, 0.3750000000000003331 ) ;
#5102 = CARTESIAN_POINT ( 'NONE',  ( 0.9999999999999947820, 5.190000000000000391, 0.000000000000000000 ) ) ;
#5103 = AXIS2_PLACEMENT_3D ( 'NONE', #2550, #4769, #4795 ) ;
#5104 = EDGE_CURVE ( 'NONE', #5706, #339, #2394, .T. ) ;
#5105 = CARTESIAN_POINT ( 'NONE',  ( -4.823259234548942231, -5.190000000000000391, 0.000000000000000000 ) ) ;
#5106 = STYLED_ITEM ( 'NONE', ( #1609 ), #3425 ) ;
#5107 = VERTEX_POINT ( 'NONE', #3734 ) ;
#5108 = FILL_AREA_STYLE ('',( #1989 ) ) ;
#5109 = VERTEX_POINT ( 'NONE', #5105 ) ;
#5110 = PRESENTATION_STYLE_ASSIGNMENT (( #4264 ) ) ;
#5111 =( NAMED_UNIT ( * ) SI_UNIT ( $, .STERADIAN. ) SOLID_ANGLE_UNIT ( ) );
#5112 = COLOUR_RGB ( '',0.2941176470588235392, 0.2941176470588235392, 0.2941176470588235392 ) ;
#5113 = PRESENTATION_LAYER_ASSIGNMENT (  '', '', ( #4279 ) ) ;
#5114 = EDGE_CURVE ( 'NONE', #5367, #666, #5049, .T. ) ;
#5115 = EDGE_CURVE ( 'NONE', #5275, #542, #2019, .T. ) ;
#5116 = PRESENTATION_STYLE_ASSIGNMENT (( #4205 ) ) ;
#5117 = ORIENTED_EDGE ( 'NONE', *, *, #5242, .F. ) ;
#5118 =( GEOMETRIC_REPRESENTATION_CONTEXT ( 3 ) GLOBAL_UNCERTAINTY_ASSIGNED_CONTEXT ( ( #2156 ) ) GLOBAL_UNIT_ASSIGNED_CONTEXT ( ( #2176, #304, #1168 ) ) REPRESENTATION_CONTEXT ( 'NONE', 'WORKASPACE' ) );
#5119 =( NAMED_UNIT ( * ) PLANE_ANGLE_UNIT ( ) SI_UNIT ( $, .RADIAN. ) );
#5120 = VECTOR ( 'NONE', #355, 1000.000000000000000 ) ;
#5121 = DIRECTION ( 'NONE',  ( 1.000000000000000000, 0.000000000000000000, 0.000000000000000000 ) ) ;
#5122 = ORIENTED_EDGE ( 'NONE', *, *, #4388, .F. ) ;
#5123 = MECHANICAL_DESIGN_GEOMETRIC_PRESENTATION_REPRESENTATION (  '', ( #3344 ), #82 ) ;
#5124 = CARTESIAN_POINT ( 'NONE',  ( 4.182670137274078215, -1.790000000000002478, 0.000000000000000000 ) ) ;
#5125 = VERTEX_POINT ( 'NONE', #5509 ) ;
#5126 = CARTESIAN_POINT ( 'NONE',  ( 4.823259234548942231, 0.8099999999999973888, 0.5000000000000000000 ) ) ;
#5127 = CARTESIAN_POINT ( 'NONE',  ( 4.600000000000000533, 3.790000000000000036, 0.5000000000000000000 ) ) ;
#5128 = DIRECTION ( 'NONE',  ( -0.000000000000000000, 0.000000000000000000, 1.000000000000000000 ) ) ;
#5129 = ORIENTED_EDGE ( 'NONE', *, *, #2287, .T. ) ;
#5130 = DIRECTION ( 'NONE',  ( 0.000000000000000000, -1.000000000000000000, 0.000000000000000000 ) ) ;
#5131 = CARTESIAN_POINT ( 'NONE',  ( 4.823259234548942231, -1.790000000000002478, 0.5000000000000000000 ) ) ;
#5132 = SURFACE_STYLE_USAGE ( .BOTH. , #3293 ) ;
#5133 = VECTOR ( 'NONE', #1738, 1000.000000000000000 ) ;
#5134 = FACE_OUTER_BOUND ( 'NONE', #2109, .T. ) ;
#5135 = DIRECTION ( 'NONE',  ( 0.000000000000000000, 1.000000000000000000, 0.000000000000000000 ) ) ;
#5136 = EDGE_LOOP ( 'NONE', ( #696, #2681, #4556, #1345 ) ) ;
#5137 = FILL_AREA_STYLE_COLOUR ( '', #2594 ) ;
#5138 = DIRECTION ( 'NONE',  ( 0.000000000000000000, 0.000000000000000000, -1.000000000000000000 ) ) ;
#5139 = FILL_AREA_STYLE ('',( #3384 ) ) ;
#5140 = MECHANICAL_DESIGN_GEOMETRIC_PRESENTATION_REPRESENTATION (  '', ( #1505 ), #191 ) ;
#5141 = FACE_OUTER_BOUND ( 'NONE', #4661, .T. ) ;
#5142 = ORIENTED_EDGE ( 'NONE', *, *, #5215, .T. ) ;
#5143 = DIRECTION ( 'NONE',  ( -1.680703123035279354E-16, 1.000000000000000000, -0.000000000000000000 ) ) ;
#5144 = COLOUR_RGB ( '',0.8431372549019607865, 0.8431372549019607865, 0.8431372549019607865 ) ;
#5145 = CARTESIAN_POINT ( 'NONE',  ( 4.600000000000000533, 3.790000000000000036, 0.000000000000000000 ) ) ;
#5146 = FACE_OUTER_BOUND ( 'NONE', #3719, .T. ) ;
#5147 = EDGE_CURVE ( 'NONE', #5340, #5498, #4261, .T. ) ;
#5148 = ADVANCED_FACE ( 'NONE', ( #2800 ), #4576, .T. ) ;
#5149 = ORIENTED_EDGE ( 'NONE', *, *, #3531, .T. ) ;
#5150 = FILL_AREA_STYLE_COLOUR ( '', #1873 ) ;
#5151 = DIRECTION ( 'NONE',  ( 0.000000000000000000, 0.000000000000000000, -1.000000000000000000 ) ) ;
#5152 = ORIENTED_EDGE ( 'NONE', *, *, #2157, .F. ) ;
#5153 = ADVANCED_FACE ( 'NONE', ( #1304 ), #2206, .T. ) ;
#5154 = FILL_AREA_STYLE ('',( #1566 ) ) ;
#5155 = STYLED_ITEM ( 'NONE', ( #5116 ), #5668 ) ;
#5156 = ORIENTED_EDGE ( 'NONE', *, *, #3456, .T. ) ;
#5157 = DIRECTION ( 'NONE',  ( 0.000000000000000000, 0.000000000000000000, -1.000000000000000000 ) ) ;
#5158 = DIRECTION ( 'NONE',  ( 0.000000000000000000, 0.000000000000000000, -1.000000000000000000 ) ) ;
#5159 =( LENGTH_UNIT ( ) NAMED_UNIT ( * ) SI_UNIT ( .MILLI., .METRE. ) );
#5160 = PRESENTATION_STYLE_ASSIGNMENT (( #5132 ) ) ;
#5161 = CIRCLE ( 'NONE', #496, 0.09999999999999982514 ) ;
#5162 = ORIENTED_EDGE ( 'NONE', *, *, #4012, .F. ) ;
#5163 = CARTESIAN_POINT ( 'NONE',  ( 3.400000000000001243, 5.790000000000000036, 0.000000000000000000 ) ) ;
#5164 = CARTESIAN_POINT ( 'NONE',  ( 3.937576565366517567, 0.8099999999999973888, 0.5000000000000000000 ) ) ;
#5165 = CARTESIAN_POINT ( 'NONE',  ( -3.937576565366517567, 0.8099999999999973888, 0.000000000000000000 ) ) ;
#5166 = VERTEX_POINT ( 'NONE', #37 ) ;
#5167 = DIRECTION ( 'NONE',  ( -1.000000000000000000, 0.000000000000000000, 0.000000000000000000 ) ) ;
#5168 = SURFACE_SIDE_STYLE ('',( #1187 ) ) ;
#5169 = SURFACE_STYLE_FILL_AREA ( #1775 ) ;
#5170 = AXIS2_PLACEMENT_3D ( 'NONE', #3964, #3026, #5722 ) ;
#5171 = VERTEX_POINT ( 'NONE', #2617 ) ;
#5172 = CARTESIAN_POINT ( 'NONE',  ( -4.182670137274078215, -5.090000000000002522, 0.5000000000000000000 ) ) ;
#5173 = EDGE_CURVE ( 'NONE', #5078, #4743, #1357, .T. ) ;
#5174 = PLANE ( 'NONE',  #3760 ) ;
#5175 =( GEOMETRIC_REPRESENTATION_CONTEXT ( 3 ) GLOBAL_UNCERTAINTY_ASSIGNED_CONTEXT ( ( #1985 ) ) GLOBAL_UNIT_ASSIGNED_CONTEXT ( ( #3399, #5610, #4750 ) ) REPRESENTATION_CONTEXT ( 'NONE', 'WORKASPACE' ) );
#5176 = EDGE_LOOP ( 'NONE', ( #5424, #1252, #3263, #5716 ) ) ;
#5177 =( NAMED_UNIT ( * ) PLANE_ANGLE_UNIT ( ) SI_UNIT ( $, .RADIAN. ) );
#5178 = LINE ( 'NONE', #846, #3309 ) ;
#5179 =( GEOMETRIC_REPRESENTATION_CONTEXT ( 3 ) GLOBAL_UNCERTAINTY_ASSIGNED_CONTEXT ( ( #3798 ) ) GLOBAL_UNIT_ASSIGNED_CONTEXT ( ( #2112, #886, #4929 ) ) REPRESENTATION_CONTEXT ( 'NONE', 'WORKASPACE' ) );
#5180 = EDGE_CURVE ( 'NONE', #1351, #4786, #5266, .T. ) ;
#5181 = EDGE_CURVE ( 'NONE', #3060, #2139, #3128, .T. ) ;
#5182 = PRESENTATION_LAYER_ASSIGNMENT (  '', '', ( #337 ) ) ;
#5183 = FILL_AREA_STYLE ('',( #3481 ) ) ;
#5184 = CARTESIAN_POINT ( 'NONE',  ( 3.897026497535696077, 4.187026497535694780, 2.399999999999999911 ) ) ;
#5185 = CARTESIAN_POINT ( 'NONE',  ( -4.560097823754071911, 4.850097823754071946, 2.299999999999999822 ) ) ;
#5186 = SURFACE_STYLE_USAGE ( .BOTH. , #372 ) ;
#5187 = UNCERTAINTY_MEASURE_WITH_UNIT (LENGTH_MEASURE( 1.000000000000000082E-05 ), #2779, 'distance_accuracy_value', 'NONE');
#5188 =( NAMED_UNIT ( * ) PLANE_ANGLE_UNIT ( ) SI_UNIT ( $, .RADIAN. ) );
#5189 =( GEOMETRIC_REPRESENTATION_CONTEXT ( 3 ) GLOBAL_UNCERTAINTY_ASSIGNED_CONTEXT ( ( #4479 ) ) GLOBAL_UNIT_ASSIGNED_CONTEXT ( ( #5293, #1322, #3535 ) ) REPRESENTATION_CONTEXT ( 'NONE', 'WORKASPACE' ) );
#5190 = ORIENTED_EDGE ( 'NONE', *, *, #1794, .T. ) ;
#5191 = ORIENTED_EDGE ( 'NONE', *, *, #733, .F. ) ;
#5192 = CARTESIAN_POINT ( 'NONE',  ( -1.000000000000006661, 4.499823100075543536, 0.5000000000000000000 ) ) ;
#5193 = CARTESIAN_POINT ( 'NONE',  ( -4.600000000000013856, 3.790000000000000036, 0.5000000000000000000 ) ) ;
#5194 =( LENGTH_UNIT ( ) NAMED_UNIT ( * ) SI_UNIT ( .MILLI., .METRE. ) );
#5195 = SURFACE_STYLE_FILL_AREA ( #5139 ) ;
#5196 = STYLED_ITEM ( 'NONE', ( #5512 ), #3395 ) ;
#5197 = CARTESIAN_POINT ( 'NONE',  ( 3.800000000000000711, 5.190000000000000391, 0.000000000000000000 ) ) ;
#5198 = MECHANICAL_DESIGN_GEOMETRIC_PRESENTATION_REPRESENTATION (  '', ( #3605 ), #3325 ) ;
#5199 =( NAMED_UNIT ( * ) SI_UNIT ( $, .STERADIAN. ) SOLID_ANGLE_UNIT ( ) );
#5200 = VERTEX_POINT ( 'NONE', #1277 ) ;
#5201 = FILL_AREA_STYLE ('',( #1723 ) ) ;
#5202 = SURFACE_STYLE_FILL_AREA ( #3415 ) ;
#5203 = CARTESIAN_POINT ( 'NONE',  ( 4.900000000000000355, -5.190000000000000391, 0.000000000000000000 ) ) ;
#5204 = DIRECTION ( 'NONE',  ( -0.000000000000000000, -1.000000000000000000, -0.000000000000000000 ) ) ;
#5205 = FILL_AREA_STYLE ('',( #4358 ) ) ;
#5206 = VECTOR ( 'NONE', #3429, 1000.000000000000000 ) ;
#5207 = ORIENTED_EDGE ( 'NONE', *, *, #334, .F. ) ;
#5208 = DIRECTION ( 'NONE',  ( 1.000000000000000000, -0.000000000000000000, -0.000000000000000000 ) ) ;
#5209 = DIRECTION ( 'NONE',  ( -0.000000000000000000, -0.000000000000000000, -1.000000000000000000 ) ) ;
#5210 = STYLED_ITEM ( 'NONE', ( #3114 ), #4180 ) ;
#5211 =( NAMED_UNIT ( * ) SI_UNIT ( $, .STERADIAN. ) SOLID_ANGLE_UNIT ( ) );
#5212 = CARTESIAN_POINT ( 'NONE',  ( 4.182670137274078215, -5.090000000000002522, 0.000000000000000000 ) ) ;
#5213 =( LENGTH_UNIT ( ) NAMED_UNIT ( * ) SI_UNIT ( .MILLI., .METRE. ) );
#5214 = ADVANCED_FACE ( 'NONE', ( #849 ), #2842, .T. ) ;
#5215 = EDGE_CURVE ( 'NONE', #4442, #5689, #1986, .T. ) ;
#5216 = CARTESIAN_POINT ( 'NONE',  ( 0.000000000000000000, 0.000000000000000000, 0.000000000000000000 ) ) ;
#5217 = ORIENTED_EDGE ( 'NONE', *, *, #5281, .T. ) ;
#5218 = FILL_AREA_STYLE_COLOUR ( '', #5656 ) ;
#5219 = DIRECTION ( 'NONE',  ( -1.000000000000000000, 0.000000000000000000, 0.000000000000000000 ) ) ;
#5220 = CARTESIAN_POINT ( 'NONE',  ( -4.823259234548942231, -5.840000000000002522, 0.5000000000000000000 ) ) ;
#5221 = EDGE_CURVE ( 'NONE', #4482, #542, #1879, .T. ) ;
#5222 = CARTESIAN_POINT ( 'NONE',  ( -4.182670137274078215, -5.090000000000002522, 0.5000000000000000000 ) ) ;
#5223 = VERTEX_POINT ( 'NONE', #4945 ) ;
#5224 = DIRECTION ( 'NONE',  ( -8.403515615176396771E-17, -1.000000000000000000, 0.000000000000000000 ) ) ;
#5225 = FILL_AREA_STYLE ('',( #4849 ) ) ;
#5226 = PRESENTATION_STYLE_ASSIGNMENT (( #809 ) ) ;
#5227 = ORIENTED_EDGE ( 'NONE', *, *, #1897, .F. ) ;
#5228 = CARTESIAN_POINT ( 'NONE',  ( -4.899999999999997691, -5.152484784730346767, 0.5279117640514716658 ) ) ;
#5229 = ORIENTED_EDGE ( 'NONE', *, *, #1296, .F. ) ;
#5230 = DIRECTION ( 'NONE',  ( 1.000000000000000000, 0.000000000000000000, 0.000000000000000000 ) ) ;
#5231 = CARTESIAN_POINT ( 'NONE',  ( 3.522026497535696077, 4.187026497535694780, 2.399999999999999911 ) ) ;
#5232 =( LENGTH_UNIT ( ) NAMED_UNIT ( * ) SI_UNIT ( .MILLI., .METRE. ) );
#5233 = PRESENTATION_LAYER_ASSIGNMENT (  '', '', ( #3003 ) ) ;
#5234 = AXIS2_PLACEMENT_3D ( 'NONE', #1327, #391, #4467 ) ;
#5235 = CARTESIAN_POINT ( 'NONE',  ( 4.823259234548942231, -5.840000000000002522, 0.5000000000000000000 ) ) ;
#5236 = DIRECTION ( 'NONE',  ( 0.000000000000000000, -1.000000000000000000, 0.000000000000000000 ) ) ;
#5237 = UNCERTAINTY_MEASURE_WITH_UNIT (LENGTH_MEASURE( 1.000000000000000082E-05 ), #3762, 'distance_accuracy_value', 'NONE');
#5238 = FILL_AREA_STYLE ('',( #4810 ) ) ;
#5239 = PRESENTATION_LAYER_ASSIGNMENT (  '', '', ( #3291 ) ) ;
#5240 = ORIENTED_EDGE ( 'NONE', *, *, #2158, .T. ) ;
#5241 = ADVANCED_FACE ( 'NONE', ( #604 ), #4127, .T. ) ;
#5242 = EDGE_CURVE ( 'NONE', #1694, #2101, #4070, .T. ) ;
#5243 = ORIENTED_EDGE ( 'NONE', *, *, #5674, .F. ) ;
#5244 = DIRECTION ( 'NONE',  ( 0.000000000000000000, 0.000000000000000000, 1.000000000000000000 ) ) ;
#5245 = DIRECTION ( 'NONE',  ( 0.000000000000000000, 0.000000000000000000, -1.000000000000000000 ) ) ;
#5246 = SURFACE_SIDE_STYLE ('',( #1640 ) ) ;
#5247 = SURFACE_SIDE_STYLE ('',( #4351 ) ) ;
#5248 = MECHANICAL_DESIGN_GEOMETRIC_PRESENTATION_REPRESENTATION (  '', ( #2100 ), #4611 ) ;
#5249 =( NAMED_UNIT ( * ) PLANE_ANGLE_UNIT ( ) SI_UNIT ( $, .RADIAN. ) );
#5250 = EDGE_CURVE ( 'NONE', #401, #1351, #3691, .T. ) ;
#5251 = EDGE_CURVE ( 'NONE', #4471, #1256, #154, .T. ) ;
#5252 =( GEOMETRIC_REPRESENTATION_CONTEXT ( 3 ) GLOBAL_UNCERTAINTY_ASSIGNED_CONTEXT ( ( #4603 ) ) GLOBAL_UNIT_ASSIGNED_CONTEXT ( ( #2643, #1933, #420 ) ) REPRESENTATION_CONTEXT ( 'NONE', 'WORKASPACE' ) );
#5253 = VERTEX_POINT ( 'NONE', #1942 ) ;
#5254 = CARTESIAN_POINT ( 'NONE',  ( -0.2000000000000074496, 5.790000000000000036, 0.000000000000000000 ) ) ;
#5255 =( NAMED_UNIT ( * ) SI_UNIT ( $, .STERADIAN. ) SOLID_ANGLE_UNIT ( ) );
#5256 = CARTESIAN_POINT ( 'NONE',  ( -4.600000000000013856, 5.790000000000000036, 0.000000000000000000 ) ) ;
#5257 =( GEOMETRIC_REPRESENTATION_CONTEXT ( 3 ) GLOBAL_UNCERTAINTY_ASSIGNED_CONTEXT ( ( #5016 ) ) GLOBAL_UNIT_ASSIGNED_CONTEXT ( ( #3622, #85, #3238 ) ) REPRESENTATION_CONTEXT ( 'NONE', 'WORKASPACE' ) );
#5258 = VERTEX_POINT ( 'NONE', #5465 ) ;
#5259 = DIRECTION ( 'NONE',  ( 0.000000000000000000, 0.000000000000000000, -1.000000000000000000 ) ) ;
#5260 = CARTESIAN_POINT ( 'NONE',  ( 2.600000000000000533, 4.499823100075543536, 0.5000000000000000000 ) ) ;
#5261 = ORIENTED_EDGE ( 'NONE', *, *, #2398, .T. ) ;
#5262 = CARTESIAN_POINT ( 'NONE',  ( 4.560097823754071023, -4.850097823754071946, 2.299999999999999822 ) ) ;
#5263 = LINE ( 'NONE', #2531, #989 ) ;
#5264 = FILL_AREA_STYLE ('',( #4832 ) ) ;
#5265 = VECTOR ( 'NONE', #1983, 1000.000000000000000 ) ;
#5266 = LINE ( 'NONE', #2258, #202 ) ;
#5267 = SURFACE_SIDE_STYLE ('',( #4287 ) ) ;
#5268 = LINE ( 'NONE', #2536, #4343 ) ;
#5269 = MECHANICAL_DESIGN_GEOMETRIC_PRESENTATION_REPRESENTATION (  '', ( #3885 ), #3120 ) ;
#5270 = PRESENTATION_STYLE_ASSIGNMENT (( #3433 ) ) ;
#5271 = CARTESIAN_POINT ( 'NONE',  ( 3.800000000000000711, 5.790000000000000036, 0.000000000000000000 ) ) ;
#5272 = ORIENTED_EDGE ( 'NONE', *, *, #1328, .T. ) ;
#5273 =( BOUNDED_CURVE ( )  B_SPLINE_CURVE ( 3, ( #1119, #5505, #4224, #647 ),
 .UNSPECIFIED., .F., .T. ) 
 B_SPLINE_CURVE_WITH_KNOTS ( ( 4, 4 ),
 ( 0.01937036333693658782, 0.7950833450659173796 ),
 .UNSPECIFIED. ) 
 CURVE ( )  GEOMETRIC_REPRESENTATION_ITEM ( )  RATIONAL_B_SPLINE_CURVE ( ( 1.000000000000000000, 0.9504812478446608148, 0.9504812478446608148, 1.000000000000000000 ) ) 
 REPRESENTATION_ITEM ( '' )  );
#5274 = PRESENTATION_LAYER_ASSIGNMENT (  '', '', ( #4628 ) ) ;
#5275 = VERTEX_POINT ( 'NONE', #4977 ) ;
#5276 = CARTESIAN_POINT ( 'NONE',  ( -4.899999999999997691, -5.190000000000000391, 0.5999999999999569011 ) ) ;
#5277 = VERTEX_POINT ( 'NONE', #984 ) ;
#5278 =( NAMED_UNIT ( * ) SI_UNIT ( $, .STERADIAN. ) SOLID_ANGLE_UNIT ( ) );
#5279 = SURFACE_SIDE_STYLE ('',( #4815 ) ) ;
#5280 = VECTOR ( 'NONE', #5506, 1000.000000000000000 ) ;
#5281 = EDGE_CURVE ( 'NONE', #17, #339, #4102, .T. ) ;
#5282 = FILL_AREA_STYLE_COLOUR ( '', #2075 ) ;
#5283 = FILL_AREA_STYLE ('',( #2630 ) ) ;
#5284 = ORIENTED_EDGE ( 'NONE', *, *, #2754, .T. ) ;
#5285 = FACE_OUTER_BOUND ( 'NONE', #3812, .T. ) ;
#5286 = SURFACE_STYLE_FILL_AREA ( #3529 ) ;
#5287 = DIRECTION ( 'NONE',  ( 0.000000000000000000, 0.000000000000000000, -1.000000000000000000 ) ) ;
#5288 = EDGE_CURVE ( 'NONE', #5065, #4794, #4629, .T. ) ;
#5289 = ADVANCED_FACE ( 'NONE', ( #1044 ), #3252, .F. ) ;
#5290 = VECTOR ( 'NONE', #3655, 1000.000000000000000 ) ;
#5291 =( NAMED_UNIT ( * ) PLANE_ANGLE_UNIT ( ) SI_UNIT ( $, .RADIAN. ) );
#5292 = EDGE_LOOP ( 'NONE', ( #1452, #301, #5493, #1740 ) ) ;
#5293 =( LENGTH_UNIT ( ) NAMED_UNIT ( * ) SI_UNIT ( .MILLI., .METRE. ) );
#5294 = VECTOR ( 'NONE', #4057, 1000.000000000000000 ) ;
#5295 = CARTESIAN_POINT ( 'NONE',  ( -2.200000000000009504, 5.790000000000000036, 0.5000000000000000000 ) ) ;
#5296 = DIRECTION ( 'NONE',  ( 0.000000000000000000, -1.000000000000000000, 0.000000000000000000 ) ) ;
#5297 = AXIS2_PLACEMENT_3D ( 'NONE', #1227, #1633, #309 ) ;
#5298 =( NAMED_UNIT ( * ) PLANE_ANGLE_UNIT ( ) SI_UNIT ( $, .RADIAN. ) );
#5299 = VECTOR ( 'NONE', #3391, 1000.000000000000000 ) ;
#5300 = PLANE ( 'NONE',  #5297 ) ;
#5301 = ORIENTED_EDGE ( 'NONE', *, *, #467, .T. ) ;
#5302 = VECTOR ( 'NONE', #571, 1000.000000000000000 ) ;
#5303 = VERTEX_POINT ( 'NONE', #2990 ) ;
#5304 = CARTESIAN_POINT ( 'NONE',  ( -4.823259234548942231, -1.790000000000002478, 0.5000000000000000000 ) ) ;
#5305 = FILL_AREA_STYLE_COLOUR ( '', #2275 ) ;
#5306 = CARTESIAN_POINT ( 'NONE',  ( 0.9999999999999947820, 5.790000000000000036, 0.5000000000000000000 ) ) ;
#5307 = SURFACE_SIDE_STYLE ('',( #5169 ) ) ;
#5308 = SURFACE_STYLE_FILL_AREA ( #4402 ) ;
#5309 = ORIENTED_EDGE ( 'NONE', *, *, #4791, .T. ) ;
#5310 = FACE_OUTER_BOUND ( 'NONE', #3913, .T. ) ;
#5311 = CARTESIAN_POINT ( 'NONE',  ( 1.399999999999997247, 5.790000000000000036, 0.5000000000000000000 ) ) ;
#5312 = DIRECTION ( 'NONE',  ( 3.361406246070558709E-16, 1.000000000000000000, -0.000000000000000000 ) ) ;
#5313 = EDGE_CURVE ( 'NONE', #5737, #5706, #1162, .T. ) ;
#5314 = ORIENTED_EDGE ( 'NONE', *, *, #1407, .F. ) ;
#5315 = EDGE_CURVE ( 'NONE', #67, #1050, #2529, .T. ) ;
#5316 = CARTESIAN_POINT ( 'NONE',  ( 4.182670137274078215, -5.090000000000002522, 0.5000000000000000000 ) ) ;
#5317 =( NAMED_UNIT ( * ) SI_UNIT ( $, .STERADIAN. ) SOLID_ANGLE_UNIT ( ) );
#5318 =( LENGTH_UNIT ( ) NAMED_UNIT ( * ) SI_UNIT ( .MILLI., .METRE. ) );
#5319 = DIRECTION ( 'NONE',  ( 0.000000000000000000, 1.000000000000000000, 0.000000000000000000 ) ) ;
#5320 = EDGE_CURVE ( 'NONE', #2297, #921, #4664, .T. ) ;
#5321 = CARTESIAN_POINT ( 'NONE',  ( 2.199999999999997069, 5.790000000000000036, 0.5000000000000000000 ) ) ;
#5322 = COLOUR_RGB ( '',0.2941176470588235392, 0.2941176470588235392, 0.2941176470588235392 ) ;
#5323 = DIRECTION ( 'NONE',  ( -0.000000000000000000, 1.000000000000000000, -0.000000000000000000 ) ) ;
#5324 = ORIENTED_EDGE ( 'NONE', *, *, #4039, .T. ) ;
#5325 = ORIENTED_EDGE ( 'NONE', *, *, #1813, .F. ) ;
#5326 = CARTESIAN_POINT ( 'NONE',  ( 2.600000000000000533, 5.190000000000000391, 0.000000000000000000 ) ) ;
#5327 = DIRECTION ( 'NONE',  ( -0.000000000000000000, -0.000000000000000000, -1.000000000000000000 ) ) ;
#5328 = DIRECTION ( 'NONE',  ( 2.521054684552918662E-16, -1.000000000000000000, 0.000000000000000000 ) ) ;
#5329 = COLOUR_RGB ( '',0.8431372549019607865, 0.8431372549019607865, 0.8431372549019607865 ) ;
#5330 = FACE_OUTER_BOUND ( 'NONE', #4074, .T. ) ;
#5331 = DIRECTION ( 'NONE',  ( -0.000000000000000000, -0.000000000000000000, -1.000000000000000000 ) ) ;
#5332 = SURFACE_STYLE_USAGE ( .BOTH. , #940 ) ;
#5333 = VECTOR ( 'NONE', #3865, 1000.000000000000000 ) ;
#5334 = ORIENTED_EDGE ( 'NONE', *, *, #3603, .F. ) ;
#5335 = CARTESIAN_POINT ( 'NONE',  ( -4.899999999999997691, -5.190000000000000391, 0.000000000000000000 ) ) ;
#5336 = ORIENTED_EDGE ( 'NONE', *, *, #4076, .F. ) ;
#5337 = SURFACE_SIDE_STYLE ('',( #5286 ) ) ;
#5338 = CLOSED_SHELL ( 'NONE', ( #1362, #3425, #5561, #2364 ) ) ;
#5339 = CARTESIAN_POINT ( 'NONE',  ( -4.149999999999999467, -5.840000000000002522, 0.000000000000000000 ) ) ;
#5340 = VERTEX_POINT ( 'NONE', #4213 ) ;
#5341 = CARTESIAN_POINT ( 'NONE',  ( 0.000000000000000000, 0.000000000000000000, 0.5000000000000000000 ) ) ;
#5342 = CARTESIAN_POINT ( 'NONE',  ( 3.400000000000001243, 5.790000000000000036, 0.5000000000000000000 ) ) ;
#5343 =( LENGTH_UNIT ( ) NAMED_UNIT ( * ) SI_UNIT ( .MILLI., .METRE. ) );
#5344 =( GEOMETRIC_REPRESENTATION_CONTEXT ( 3 ) GLOBAL_UNCERTAINTY_ASSIGNED_CONTEXT ( ( #937 ) ) GLOBAL_UNIT_ASSIGNED_CONTEXT ( ( #5712, #4010, #5255 ) ) REPRESENTATION_CONTEXT ( 'NONE', 'WORKASPACE' ) );
#5345 = CARTESIAN_POINT ( 'NONE',  ( -4.900000000000000355, 5.117756129431179524, 0.5999999999999582334 ) ) ;
#5346 = DIRECTION ( 'NONE',  ( -1.680703123035279354E-16, 1.000000000000000000, -0.000000000000000000 ) ) ;
#5347 = CARTESIAN_POINT ( 'NONE',  ( 3.522026497535696077, 4.187026497535694780, 2.399999999999999911 ) ) ;
#5348 = CARTESIAN_POINT ( 'NONE',  ( -4.600000000000013856, 5.790000000000000036, 0.5000000000000000000 ) ) ;
#5349 = DIRECTION ( 'NONE',  ( 0.000000000000000000, -0.000000000000000000, 1.000000000000000000 ) ) ;
#5350 = AXIS2_PLACEMENT_3D ( 'NONE', #2154, #5696, #1709 ) ;
#5351 = EDGE_CURVE ( 'NONE', #1050, #4210, #4243, .T. ) ;
#5352 = ORIENTED_EDGE ( 'NONE', *, *, #4764, .T. ) ;
#5353 = ORIENTED_EDGE ( 'NONE', *, *, #4493, .T. ) ;
#5354 = PLANE ( 'NONE',  #1019 ) ;
#5355 = CARTESIAN_POINT ( 'NONE',  ( -4.899999999999999467, 5.190000000000000391, 0.5000000000000000000 ) ) ;
#5356 = VERTEX_POINT ( 'NONE', #5124 ) ;
#5357 = CARTESIAN_POINT ( 'NONE',  ( -1.400000000000009681, 5.790000000000000036, 0.5000000000000000000 ) ) ;
#5358 = SURFACE_STYLE_FILL_AREA ( #3700 ) ;
#5359 = VECTOR ( 'NONE', #3816, 1000.000000000000000 ) ;
#5360 = CARTESIAN_POINT ( 'NONE',  ( 2.600000000000000533, 4.499823100075543536, 0.5000000000000000000 ) ) ;
#5361 = ORIENTED_EDGE ( 'NONE', *, *, #5351, .T. ) ;
#5362 = FACE_OUTER_BOUND ( 'NONE', #5682, .T. ) ;
#5363 = VECTOR ( 'NONE', #5230, 1000.000000000000000 ) ;
#5364 = SURFACE_STYLE_USAGE ( .BOTH. , #1802 ) ;
#5365 = DIRECTION ( 'NONE',  ( -0.000000000000000000, -1.000000000000000000, -0.000000000000000000 ) ) ;
#5366 = LINE ( 'NONE', #1838, #3470 ) ;
#5367 = VERTEX_POINT ( 'NONE', #2958 ) ;
#5368 = DIRECTION ( 'NONE',  ( -0.1378445374916257016, -0.1378445374916254518, 0.9808148484639899189 ) ) ;
#5369 = DIRECTION ( 'NONE',  ( 0.000000000000000000, 0.000000000000000000, -1.000000000000000000 ) ) ;
#5370 = CARTESIAN_POINT ( 'NONE',  ( -4.149999999999999467, -5.540000000000002700, 0.000000000000000000 ) ) ;
#5371 = VECTOR ( 'NONE', #25, 1000.000000000000000 ) ;
#5372 = PRESENTATION_STYLE_ASSIGNMENT (( #3102 ) ) ;
#5373 = UNCERTAINTY_MEASURE_WITH_UNIT (LENGTH_MEASURE( 1.000000000000000082E-05 ), #504, 'distance_accuracy_value', 'NONE');
#5374 = PRESENTATION_STYLE_ASSIGNMENT (( #1814 ) ) ;
#5375 = PRESENTATION_STYLE_ASSIGNMENT (( #2379 ) ) ;
#5376 = COLOUR_RGB ( '',0.9607843137254902244, 0.9607843137254902244, 0.9607843137254902244 ) ;
#5377 = VECTOR ( 'NONE', #2104, 1000.000000000000000 ) ;
#5378 = VERTEX_POINT ( 'NONE', #3751 ) ;
#5379 = DIRECTION ( 'NONE',  ( -1.000000000000000000, 0.000000000000000000, 0.000000000000000000 ) ) ;
#5380 = LINE ( 'NONE', #959, #2197 ) ;
#5381 = PLANE ( 'NONE',  #3519 ) ;
#5382 = VECTOR ( 'NONE', #3602, 1000.000000000000000 ) ;
#5383 = VERTEX_POINT ( 'NONE', #329 ) ;
#5384 = VECTOR ( 'NONE', #5043, 1000.000000000000000 ) ;
#5385 = ORIENTED_EDGE ( 'NONE', *, *, #174, .F. ) ;
#5386 = STYLED_ITEM ( 'NONE', ( #3745 ), #2937 ) ;
#5387 = ORIENTED_EDGE ( 'NONE', *, *, #768, .F. ) ;
#5388 = EDGE_CURVE ( 'NONE', #2648, #5200, #3787, .T. ) ;
#5389 = DIRECTION ( 'NONE',  ( 0.000000000000000000, -1.000000000000000000, 0.000000000000000000 ) ) ;
#5390 = EDGE_CURVE ( 'NONE', #92, #2739, #1219, .T. ) ;
#5391 = LINE ( 'NONE', #992, #804 ) ;
#5392 = ORIENTED_EDGE ( 'NONE', *, *, #3356, .T. ) ;
#5393 = PRESENTATION_STYLE_ASSIGNMENT (( #3612 ) ) ;
#5394 = FILL_AREA_STYLE_COLOUR ( '', #1403 ) ;
#5395 = DIRECTION ( 'NONE',  ( -0.000000000000000000, -0.000000000000000000, 1.000000000000000000 ) ) ;
#5396 = EDGE_LOOP ( 'NONE', ( #331, #1511, #3895, #515 ) ) ;
#5397 = DIRECTION ( 'NONE',  ( 0.000000000000000000, -0.000000000000000000, 1.000000000000000000 ) ) ;
#5398 = EDGE_CURVE ( 'NONE', #2251, #4384, #2869, .T. ) ;
#5399 = LINE ( 'NONE', #2804, #1900 ) ;
#5400 = LINE ( 'NONE', #4965, #841 ) ;
#5401 = DIRECTION ( 'NONE',  ( 1.000000000000000000, -0.000000000000000000, -0.000000000000000000 ) ) ;
#5402 = VERTEX_POINT ( 'NONE', #2929 ) ;
#5403 = FILL_AREA_STYLE_COLOUR ( '', #2596 ) ;
#5404 = COLOUR_RGB ( '',0.8431372549019607865, 0.8431372549019607865, 0.8431372549019607865 ) ;
#5405 = FACE_OUTER_BOUND ( 'NONE', #1061, .T. ) ;
#5406 = PLANE ( 'NONE',  #271 ) ;
#5407 = DIRECTION ( 'NONE',  ( 0.000000000000000000, 1.000000000000000000, 0.000000000000000000 ) ) ;
#5408 = ORIENTED_EDGE ( 'NONE', *, *, #509, .F. ) ;
#5409 = DIRECTION ( 'NONE',  ( 0.000000000000000000, 0.000000000000000000, -1.000000000000000000 ) ) ;
#5410 = ORIENTED_EDGE ( 'NONE', *, *, #728, .F. ) ;
#5411 = ORIENTED_EDGE ( 'NONE', *, *, #1166, .F. ) ;
#5412 = PRESENTATION_LAYER_ASSIGNMENT (  '', '', ( #3276 ) ) ;
#5413 = EDGE_LOOP ( 'NONE', ( #4665, #1800, #895, #4585 ) ) ;
#5414 =( NAMED_UNIT ( * ) SI_UNIT ( $, .STERADIAN. ) SOLID_ANGLE_UNIT ( ) );
#5415 = FILL_AREA_STYLE_COLOUR ( '', #226 ) ;
#5416 = ORIENTED_EDGE ( 'NONE', *, *, #2783, .F. ) ;
#5417 = PLANE ( 'NONE',  #3609 ) ;
#5418 =( NAMED_UNIT ( * ) PLANE_ANGLE_UNIT ( ) SI_UNIT ( $, .RADIAN. ) );
#5419 = UNCERTAINTY_MEASURE_WITH_UNIT (LENGTH_MEASURE( 1.000000000000000082E-05 ), #4645, 'distance_accuracy_value', 'NONE');
#5420 = CARTESIAN_POINT ( 'NONE',  ( 2.199999999999997069, 4.499823100075543536, 0.5000000000000000000 ) ) ;
#5421 = PRESENTATION_LAYER_ASSIGNMENT (  '', '', ( #2816 ) ) ;
#5422 = ADVANCED_FACE ( 'NONE', ( #668 ), #759, .T. ) ;
#5423 = CARTESIAN_POINT ( 'NONE',  ( -4.899999999999997691, -5.190000000000000391, 2.399999999999999911 ) ) ;
#5424 = ORIENTED_EDGE ( 'NONE', *, *, #2503, .T. ) ;
#5425 = DIRECTION ( 'NONE',  ( 0.000000000000000000, 1.000000000000000000, 0.000000000000000000 ) ) ;
#5426 =( GEOMETRIC_REPRESENTATION_CONTEXT ( 3 ) GLOBAL_UNCERTAINTY_ASSIGNED_CONTEXT ( ( #3874 ) ) GLOBAL_UNIT_ASSIGNED_CONTEXT ( ( #3962, #3541, #5439 ) ) REPRESENTATION_CONTEXT ( 'NONE', 'WORKASPACE' ) );
#5427 = CARTESIAN_POINT ( 'NONE',  ( -4.560097823754072799, 4.850097823754071946, 2.399999999999999911 ) ) ;
#5428 = DIRECTION ( 'NONE',  ( 0.1378445374916248412, 0.1378445374916248412, 0.9808148484639902520 ) ) ;
#5429 = EDGE_CURVE ( 'NONE', #5223, #400, #3394, .T. ) ;
#5430 = COLOUR_RGB ( '',0.9607843137254902244, 0.9607843137254902244, 0.9607843137254902244 ) ;
#5431 = ADVANCED_FACE ( 'NONE', ( #3845 ), #5174, .T. ) ;
#5432 = CARTESIAN_POINT ( 'NONE',  ( -4.182670137274078215, -5.090000000000002522, 0.000000000000000000 ) ) ;
#5433 = FACE_OUTER_BOUND ( 'NONE', #273, .T. ) ;
#5434 = ORIENTED_EDGE ( 'NONE', *, *, #5733, .F. ) ;
#5435 = CARTESIAN_POINT ( 'NONE',  ( 0.000000000000000000, 0.000000000000000000, 0.5000000000000000000 ) ) ;
#5436 = AXIS2_PLACEMENT_3D ( 'NONE', #1750, #2982, #3954 ) ;
#5437 = UNCERTAINTY_MEASURE_WITH_UNIT (LENGTH_MEASURE( 1.000000000000000082E-05 ), #1306, 'distance_accuracy_value', 'NONE');
#5438 = FACE_OUTER_BOUND ( 'NONE', #4577, .T. ) ;
#5439 =( NAMED_UNIT ( * ) SI_UNIT ( $, .STERADIAN. ) SOLID_ANGLE_UNIT ( ) );
#5440 = ORIENTED_EDGE ( 'NONE', *, *, #2970, .F. ) ;
#5441 = SURFACE_SIDE_STYLE ('',( #903 ) ) ;
#5442 = AXIS2_PLACEMENT_3D ( 'NONE', #1157, #4207, #4238 ) ;
#5443 = ORIENTED_EDGE ( 'NONE', *, *, #2820, .F. ) ;
#5444 = ORIENTED_EDGE ( 'NONE', *, *, #4762, .T. ) ;
#5445 = CARTESIAN_POINT ( 'NONE',  ( -1.000000000000007327, 5.790000000000000036, 0.5000000000000000000 ) ) ;
#5446 = MECHANICAL_DESIGN_GEOMETRIC_PRESENTATION_REPRESENTATION (  '', ( #4987 ), #3879 ) ;
#5447 = DIRECTION ( 'NONE',  ( 1.000000000000000000, 0.000000000000000000, 0.000000000000000000 ) ) ;
#5448 = CARTESIAN_POINT ( 'NONE',  ( 3.400000000000001243, 3.790000000000000036, 0.000000000000000000 ) ) ;
#5449 =( NAMED_UNIT ( * ) PLANE_ANGLE_UNIT ( ) SI_UNIT ( $, .RADIAN. ) );
#5450 = DIRECTION ( 'NONE',  ( 0.000000000000000000, 0.000000000000000000, 1.000000000000000000 ) ) ;
#5451 = AXIS2_PLACEMENT_3D ( 'NONE', #5348, #1395, #2696 ) ;
#5452 = VERTEX_POINT ( 'NONE', #2581 ) ;
#5453 = LINE ( 'NONE', #1461, #1743 ) ;
#5454 = CARTESIAN_POINT ( 'NONE',  ( 0.1999999999999948763, 5.790000000000000036, 0.5000000000000000000 ) ) ;
#5455 = ADVANCED_FACE ( 'NONE', ( #1270 ), #2228, .T. ) ;
#5456 = PLANE ( 'NONE',  #4473 ) ;
#5457 = AXIS2_PLACEMENT_3D ( 'NONE', #1058, #2299, #4029 ) ;
#5458 = VERTEX_POINT ( 'NONE', #4825 ) ;
#5459 = VERTEX_POINT ( 'NONE', #3122 ) ;
#5460 = FILL_AREA_STYLE ('',( #534 ) ) ;
#5461 = EDGE_CURVE ( 'NONE', #2843, #2293, #4884, .T. ) ;
#5462 = EDGE_CURVE ( 'NONE', #2159, #825, #1759, .T. ) ;
#5463 = DIRECTION ( 'NONE',  ( -1.000000000000000000, 0.000000000000000000, 0.000000000000000000 ) ) ;
#5464 = STYLED_ITEM ( 'NONE', ( #4435 ), #1785 ) ;
#5465 = CARTESIAN_POINT ( 'NONE',  ( -1.400000000000009681, 5.790000000000000036, 0.5000000000000000000 ) ) ;
#5466 = VERTEX_POINT ( 'NONE', #384 ) ;
#5467 = SURFACE_SIDE_STYLE ('',( #3308 ) ) ;
#5468 = SURFACE_STYLE_USAGE ( .BOTH. , #2415 ) ;
#5469 = ORIENTED_EDGE ( 'NONE', *, *, #2503, .F. ) ;
#5470 = VERTEX_POINT ( 'NONE', #3533 ) ;
#5471 = CARTESIAN_POINT ( 'NONE',  ( 3.400000000000002132, 5.190000000000000391, 2.399999999999999911 ) ) ;
#5472 = CIRCLE ( 'NONE', #5477, 0.09999999999999982514 ) ;
#5473 = ORIENTED_EDGE ( 'NONE', *, *, #944, .T. ) ;
#5474 = MECHANICAL_DESIGN_GEOMETRIC_PRESENTATION_REPRESENTATION (  '', ( #4741 ), #4171 ) ;
#5475 = DIRECTION ( 'NONE',  ( 0.000000000000000000, 1.000000000000000000, 0.000000000000000000 ) ) ;
#5476 = SURFACE_STYLE_USAGE ( .BOTH. , #4113 ) ;
#5477 = AXIS2_PLACEMENT_3D ( 'NONE', #1490, #4135, #1144 ) ;
#5478 =( GEOMETRIC_REPRESENTATION_CONTEXT ( 3 ) GLOBAL_UNCERTAINTY_ASSIGNED_CONTEXT ( ( #5237 ) ) GLOBAL_UNIT_ASSIGNED_CONTEXT ( ( #3762, #4636, #3312 ) ) REPRESENTATION_CONTEXT ( 'NONE', 'WORKASPACE' ) );
#5479 = ORIENTED_EDGE ( 'NONE', *, *, #4694, .F. ) ;
#5480 = DIRECTION ( 'NONE',  ( 0.000000000000000000, -1.000000000000000000, 0.000000000000000000 ) ) ;
#5481 =( NAMED_UNIT ( * ) PLANE_ANGLE_UNIT ( ) SI_UNIT ( $, .RADIAN. ) );
#5482 = DIRECTION ( 'NONE',  ( 0.000000000000000000, 0.000000000000000000, 1.000000000000000000 ) ) ;
#5483 = VECTOR ( 'NONE', #791, 1000.000000000000000 ) ;
#5484 = VECTOR ( 'NONE', #4430, 1000.000000000000000 ) ;
#5485 = DIRECTION ( 'NONE',  ( 0.000000000000000000, 1.000000000000000000, 0.000000000000000000 ) ) ;
#5486 = STYLED_ITEM ( 'NONE', ( #349 ), #4179 ) ;
#5487 = ORIENTED_EDGE ( 'NONE', *, *, #1224, .F. ) ;
#5488 = PRESENTATION_STYLE_ASSIGNMENT (( #2521 ) ) ;
#5489 = DIRECTION ( 'NONE',  ( 1.000000000000000000, 0.000000000000000000, 0.000000000000000000 ) ) ;
#5490 = DIRECTION ( 'NONE',  ( 0.000000000000000000, -0.000000000000000000, 1.000000000000000000 ) ) ;
#5491 = UNCERTAINTY_MEASURE_WITH_UNIT (LENGTH_MEASURE( 1.000000000000000082E-05 ), #2687, 'distance_accuracy_value', 'NONE');
#5492 = VERTEX_POINT ( 'NONE', #839 ) ;
#5493 = ORIENTED_EDGE ( 'NONE', *, *, #5740, .T. ) ;
#5494 = FILL_AREA_STYLE_COLOUR ( '', #5044 ) ;
#5495 = EDGE_CURVE ( 'NONE', #2463, #2444, #440, .T. ) ;
#5496 = CARTESIAN_POINT ( 'NONE',  ( 4.560097823754071911, 4.850097823754071946, 2.299999999999999822 ) ) ;
#5497 = EDGE_CURVE ( 'NONE', #2318, #4471, #3021, .T. ) ;
#5498 = VERTEX_POINT ( 'NONE', #5715 ) ;
#5499 = SURFACE_SIDE_STYLE ('',( #3695 ) ) ;
#5500 = VERTEX_POINT ( 'NONE', #3097 ) ;
#5501 = EDGE_CURVE ( 'NONE', #4215, #3376, #894, .T. ) ;
#5502 = EDGE_CURVE ( 'NONE', #4897, #4448, #2, .T. ) ;
#5503 = ORIENTED_EDGE ( 'NONE', *, *, #2248, .T. ) ;
#5504 = CARTESIAN_POINT ( 'NONE',  ( -4.899999999999997691, -5.190000000000000391, 0.000000000000000000 ) ) ;
#5505 = CARTESIAN_POINT ( 'NONE',  ( 4.827756129431178600, 5.190000000000000391, 0.5999999999999569011 ) ) ;
#5506 = DIRECTION ( 'NONE',  ( 0.000000000000000000, 0.000000000000000000, -1.000000000000000000 ) ) ;
#5507 = DIRECTION ( 'NONE',  ( -1.000000000000000000, 2.443272501375785452E-16, -0.000000000000000000 ) ) ;
#5508 = MECHANICAL_DESIGN_GEOMETRIC_PRESENTATION_REPRESENTATION (  '', ( #3276 ), #385 ) ;
#5509 = CARTESIAN_POINT ( 'NONE',  ( 0.9999999999999947820, 4.499823100075543536, 0.5000000000000000000 ) ) ;
#5510 = ORIENTED_EDGE ( 'NONE', *, *, #700, .F. ) ;
#5511 = EDGE_LOOP ( 'NONE', ( #2395, #1988, #3304, #1393 ) ) ;
#5512 = PRESENTATION_STYLE_ASSIGNMENT (( #3297 ) ) ;
#5513 =( GEOMETRIC_REPRESENTATION_CONTEXT ( 3 ) GLOBAL_UNCERTAINTY_ASSIGNED_CONTEXT ( ( #358 ) ) GLOBAL_UNIT_ASSIGNED_CONTEXT ( ( #3468, #5249, #377 ) ) REPRESENTATION_CONTEXT ( 'NONE', 'WORKASPACE' ) );
#5514 = FILL_AREA_STYLE_COLOUR ( '', #5144 ) ;
#5515 = DIRECTION ( 'NONE',  ( 0.000000000000000000, 0.000000000000000000, -1.000000000000000000 ) ) ;
#5516 = AXIS2_PLACEMENT_3D ( 'NONE', #5093, #5606, #2556 ) ;
#5517 = ORIENTED_EDGE ( 'NONE', *, *, #5115, .T. ) ;
#5518 = SURFACE_STYLE_USAGE ( .BOTH. , #5058 ) ;
#5519 =( NAMED_UNIT ( * ) SI_UNIT ( $, .STERADIAN. ) SOLID_ANGLE_UNIT ( ) );
#5520 = LINE ( 'NONE', #3301, #2975 ) ;
#5521 = DIRECTION ( 'NONE',  ( 0.000000000000000000, 0.000000000000000000, -1.000000000000000000 ) ) ;
#5522 = ORIENTED_EDGE ( 'NONE', *, *, #4294, .F. ) ;
#5523 = SURFACE_SIDE_STYLE ('',( #5549 ) ) ;
#5524 = ORIENTED_EDGE ( 'NONE', *, *, #547, .T. ) ;
#5525 = VECTOR ( 'NONE', #1004, 1000.000000000000000 ) ;
#5526 = FACE_OUTER_BOUND ( 'NONE', #3779, .T. ) ;
#5527 = ORIENTED_EDGE ( 'NONE', *, *, #5147, .F. ) ;
#5528 = VECTOR ( 'NONE', #1329, 1000.000000000000000 ) ;
#5529 = ORIENTED_EDGE ( 'NONE', *, *, #1234, .F. ) ;
#5530 = CARTESIAN_POINT ( 'NONE',  ( -3.400000000000011902, 4.499823100075543536, 0.000000000000000000 ) ) ;
#5531 = DIRECTION ( 'NONE',  ( 0.000000000000000000, 1.000000000000000000, 0.000000000000000000 ) ) ;
#5532 = EDGE_CURVE ( 'NONE', #4982, #1484, #2117, .T. ) ;
#5533 = EDGE_CURVE ( 'NONE', #1751, #1950, #4121, .T. ) ;
#5534 = UNCERTAINTY_MEASURE_WITH_UNIT (LENGTH_MEASURE( 1.000000000000000082E-05 ), #4476, 'distance_accuracy_value', 'NONE');
#5535 = CARTESIAN_POINT ( 'NONE',  ( 3.400000000000001243, 3.790000000000000036, 0.5000000000000000000 ) ) ;
#5536 = COLOUR_RGB ( '',0.2941176470588235392, 0.2941176470588235392, 0.2941176470588235392 ) ;
#5537 = CARTESIAN_POINT ( 'NONE',  ( 1.399999999999997469, 4.499823100075543536, 0.5000000000000000000 ) ) ;
#5538 =( GEOMETRIC_REPRESENTATION_CONTEXT ( 3 ) GLOBAL_UNCERTAINTY_ASSIGNED_CONTEXT ( ( #51 ) ) GLOBAL_UNIT_ASSIGNED_CONTEXT ( ( #3034, #4788, #4813 ) ) REPRESENTATION_CONTEXT ( 'NONE', 'WORKASPACE' ) );
#5539 = ORIENTED_EDGE ( 'NONE', *, *, #367, .T. ) ;
#5540 = SURFACE_STYLE_USAGE ( .BOTH. , #1552 ) ;
#5541 = FACE_OUTER_BOUND ( 'NONE', #1015, .T. ) ;
#5542 = FACE_OUTER_BOUND ( 'NONE', #3345, .T. ) ;
#5543 = LINE ( 'NONE', #2951, #1419 ) ;
#5544 = CARTESIAN_POINT ( 'NONE',  ( 4.272026497535696521, 4.187026497535694780, 2.389999999999999680 ) ) ;
#5545 = ORIENTED_EDGE ( 'NONE', *, *, #3175, .F. ) ;
#5546 = CARTESIAN_POINT ( 'NONE',  ( 3.937576565366517567, 0.9099999999999973666, 0.000000000000000000 ) ) ;
#5547 = CARTESIAN_POINT ( 'NONE',  ( 4.182670137274078215, -5.090000000000002522, 0.000000000000000000 ) ) ;
#5548 = ORIENTED_EDGE ( 'NONE', *, *, #1553, .T. ) ;
#5549 = SURFACE_STYLE_FILL_AREA ( #1161 ) ;
#5550 = ORIENTED_EDGE ( 'NONE', *, *, #3050, .F. ) ;
#5551 = LINE ( 'NONE', #274, #3838 ) ;
#5552 = LINE ( 'NONE', #246, #136 ) ;
#5553 = CIRCLE ( 'NONE', #3801, 0.1000000000000001166 ) ;
#5554 =( NAMED_UNIT ( * ) SI_UNIT ( $, .STERADIAN. ) SOLID_ANGLE_UNIT ( ) );
#5555 = EDGE_LOOP ( 'NONE', ( #1913, #705, #1807, #5028 ) ) ;
#5556 = CYLINDRICAL_SURFACE ( 'NONE', #2686, 0.1000000000000002554 ) ;
#5557 = CARTESIAN_POINT ( 'NONE',  ( -4.560097823754071911, 4.949124630628229049, 2.313917310096006208 ) ) ;
#5558 = DIRECTION ( 'NONE',  ( -1.000000000000000000, 3.361406246070558709E-16, 0.000000000000000000 ) ) ;
#5559 = STYLED_ITEM ( 'NONE', ( #1411 ), #2180 ) ;
#5560 = FILL_AREA_STYLE ('',( #5669 ) ) ;
#5561 = ADVANCED_FACE ( 'NONE', ( #144 ), #1806, .T. ) ;
#5562 = EDGE_CURVE ( 'NONE', #2612, #870, #23, .T. ) ;
#5563 = MECHANICAL_DESIGN_GEOMETRIC_PRESENTATION_REPRESENTATION (  '', ( #4543 ), #1290 ) ;
#5564 = EDGE_LOOP ( 'NONE', ( #1700, #4677, #1679, #4630 ) ) ;
#5565 =( NAMED_UNIT ( * ) SI_UNIT ( $, .STERADIAN. ) SOLID_ANGLE_UNIT ( ) );
#5566 = CARTESIAN_POINT ( 'NONE',  ( -2.600000000000012079, 5.790000000000000036, 0.000000000000000000 ) ) ;
#5567 = PLANE ( 'NONE',  #2418 ) ;
#5568 = VECTOR ( 'NONE', #5369, 1000.000000000000000 ) ;
#5569 = ADVANCED_FACE ( 'NONE', ( #1382 ), #4521, .F. ) ;
#5570 = ORIENTED_EDGE ( 'NONE', *, *, #1720, .T. ) ;
#5571 = DIRECTION ( 'NONE',  ( -1.000000000000000000, -0.000000000000000000, -0.000000000000000000 ) ) ;
#5572 = VECTOR ( 'NONE', #5639, 1000.000000000000000 ) ;
#5573 = CARTESIAN_POINT ( 'NONE',  ( -4.555099101707706488, -4.746072294833550309, 3.054097408932102908 ) ) ;
#5574 = AXIS2_PLACEMENT_3D ( 'NONE', #1003, #5428, #2805 ) ;
#5575 = DIRECTION ( 'NONE',  ( -1.000000000000000000, 0.000000000000000000, 0.000000000000000000 ) ) ;
#5576 = DIRECTION ( 'NONE',  ( 1.000000000000000000, 0.000000000000000000, -0.000000000000000000 ) ) ;
#5577 = AXIS2_PLACEMENT_3D ( 'NONE', #4845, #3088, #3524 ) ;
#5578 = ORIENTED_EDGE ( 'NONE', *, *, #3138, .F. ) ;
#5579 = LINE ( 'NONE', #1564, #1045 ) ;
#5580 =( NAMED_UNIT ( * ) PLANE_ANGLE_UNIT ( ) SI_UNIT ( $, .RADIAN. ) );
#5581 = ORIENTED_EDGE ( 'NONE', *, *, #5533, .T. ) ;
#5582 = DIRECTION ( 'NONE',  ( 0.000000000000000000, -1.000000000000000000, 0.000000000000000000 ) ) ;
#5583 =( NAMED_UNIT ( * ) SI_UNIT ( $, .STERADIAN. ) SOLID_ANGLE_UNIT ( ) );
#5584 = CARTESIAN_POINT ( 'NONE',  ( 3.897026497535696077, 4.187026497535694780, 2.389999999999999680 ) ) ;
#5585 =( LENGTH_UNIT ( ) NAMED_UNIT ( * ) SI_UNIT ( .MILLI., .METRE. ) );
#5586 = UNCERTAINTY_MEASURE_WITH_UNIT (LENGTH_MEASURE( 1.000000000000000082E-05 ), #321, 'distance_accuracy_value', 'NONE');
#5587 = CARTESIAN_POINT ( 'NONE',  ( 4.900000000000000355, -5.152484784730346767, 0.5279117640514682241 ) ) ;
#5588 = ORIENTED_EDGE ( 'NONE', *, *, #1684, .F. ) ;
#5589 = DIRECTION ( 'NONE',  ( 1.000000000000000000, 0.000000000000000000, -0.000000000000000000 ) ) ;
#5590 = FILL_AREA_STYLE ('',( #1149 ) ) ;
#5591 = SURFACE_STYLE_USAGE ( .BOTH. , #2078 ) ;
#5592 = DIRECTION ( 'NONE',  ( 3.361406246070558709E-16, 1.000000000000000000, -0.000000000000000000 ) ) ;
#5593 = EDGE_CURVE ( 'NONE', #1390, #518, #5366, .T. ) ;
#5594 = CARTESIAN_POINT ( 'NONE',  ( -4.823259234548942231, -5.840000000000002522, 0.000000000000000000 ) ) ;
#5595 = LINE ( 'NONE', #3840, #1250 ) ;
#5596 = ORIENTED_EDGE ( 'NONE', *, *, #2015, .F. ) ;
#5597 = FILL_AREA_STYLE_COLOUR ( '', #1109 ) ;
#5598 = PRESENTATION_LAYER_ASSIGNMENT (  '', '', ( #4024 ) ) ;
#5599 = SURFACE_STYLE_USAGE ( .BOTH. , #5168 ) ;
#5600 = PLANE ( 'NONE',  #3889 ) ;
#5601 = EDGE_CURVE ( 'NONE', #1468, #3048, #3657, .T. ) ;
#5602 = EDGE_CURVE ( 'NONE', #1981, #1570, #497, .T. ) ;
#5603 = ORIENTED_EDGE ( 'NONE', *, *, #4564, .F. ) ;
#5604 = VECTOR ( 'NONE', #5076, 1000.000000000000227 ) ;
#5605 = CARTESIAN_POINT ( 'NONE',  ( -4.600000000000013856, 3.790000000000000036, 0.000000000000000000 ) ) ;
#5606 = DIRECTION ( 'NONE',  ( 1.000000000000000000, -8.403515615176396771E-17, 0.000000000000000000 ) ) ;
#5607 = ORIENTED_EDGE ( 'NONE', *, *, #248, .T. ) ;
#5608 = LINE ( 'NONE', #245, #569 ) ;
#5609 = COLOUR_RGB ( '',0.8431372549019607865, 0.8431372549019607865, 0.8431372549019607865 ) ;
#5610 =( NAMED_UNIT ( * ) PLANE_ANGLE_UNIT ( ) SI_UNIT ( $, .RADIAN. ) );
#5611 = DIRECTION ( 'NONE',  ( 1.000000000000000000, 0.000000000000000000, 0.000000000000000000 ) ) ;
#5612 = EDGE_CURVE ( 'NONE', #1623, #17, #597, .T. ) ;
#5613 = CARTESIAN_POINT ( 'NONE',  ( -3.400000000000011902, 4.499823100075543536, 0.000000000000000000 ) ) ;
#5614 = CARTESIAN_POINT ( 'NONE',  ( -4.149999999999999467, -5.540000000000002700, 0.5000000000000000000 ) ) ;
#5615 = PRESENTATION_STYLE_ASSIGNMENT (( #5186 ) ) ;
#5616 = FACE_OUTER_BOUND ( 'NONE', #1220, .T. ) ;
#5617 = VECTOR ( 'NONE', #3569, 1000.000000000000000 ) ;
#5618 = ORIENTED_EDGE ( 'NONE', *, *, #5173, .F. ) ;
#5619 = CARTESIAN_POINT ( 'NONE',  ( 4.899999999999999467, 5.090973193125844176, 0.5999999999999569011 ) ) ;
#5620 = DIRECTION ( 'NONE',  ( -0.000000000000000000, -1.000000000000000000, -0.000000000000000000 ) ) ;
#5621 =( GEOMETRIC_REPRESENTATION_CONTEXT ( 3 ) GLOBAL_UNCERTAINTY_ASSIGNED_CONTEXT ( ( #5586 ) ) GLOBAL_UNIT_ASSIGNED_CONTEXT ( ( #321, #5119, #5519 ) ) REPRESENTATION_CONTEXT ( 'NONE', 'WORKASPACE' ) );
#5622 = CARTESIAN_POINT ( 'NONE',  ( -3.800000000000013589, 5.190000000000000391, 0.5000000000000000000 ) ) ;
#5623 = LINE ( 'NONE', #288, #1492 ) ;
#5624 = DIRECTION ( 'NONE',  ( -1.000000000000000000, 0.000000000000000000, 0.000000000000000000 ) ) ;
#5625 = DIRECTION ( 'NONE',  ( 1.000000000000000000, -0.000000000000000000, -0.000000000000000000 ) ) ;
#5626 = ORIENTED_EDGE ( 'NONE', *, *, #1756, .T. ) ;
#5627 = CARTESIAN_POINT ( 'NONE',  ( -4.600000000000013856, 5.790000000000000036, 0.5000000000000000000 ) ) ;
#5628 =( NAMED_UNIT ( * ) PLANE_ANGLE_UNIT ( ) SI_UNIT ( $, .RADIAN. ) );
#5629 = PRESENTATION_STYLE_ASSIGNMENT (( #3087 ) ) ;
#5630 = AXIS2_PLACEMENT_3D ( 'NONE', #4837, #4415, #3939 ) ;
#5631 = ORIENTED_EDGE ( 'NONE', *, *, #4822, .F. ) ;
#5632 = SURFACE_STYLE_USAGE ( .BOTH. , #3876 ) ;
#5633 = AXIS2_PLACEMENT_3D ( 'NONE', #388, #3507, #3423 ) ;
#5634 = ADVANCED_FACE ( 'NONE', ( #5433 ), #564, .F. ) ;
#5635 = ORIENTED_EDGE ( 'NONE', *, *, #2748, .F. ) ;
#5636 = PLANE ( 'NONE',  #2243 ) ;
#5637 = EDGE_CURVE ( 'NONE', #3110, #1931, #4149, .T. ) ;
#5638 = CARTESIAN_POINT ( 'NONE',  ( -2.600000000000012079, 0.000000000000000000, 0.000000000000000000 ) ) ;
#5639 = DIRECTION ( 'NONE',  ( 1.671217221557617617E-16, -1.000000000000000000, 0.000000000000000000 ) ) ;
#5640 = CARTESIAN_POINT ( 'NONE',  ( 3.937576565366517567, 0.9099999999999973666, 0.5000000000000000000 ) ) ;
#5641 = PLANE ( 'NONE',  #3115 ) ;
#5642 = UNCERTAINTY_MEASURE_WITH_UNIT (LENGTH_MEASURE( 1.000000000000000082E-05 ), #3473, 'distance_accuracy_value', 'NONE');
#5643 = FACE_OUTER_BOUND ( 'NONE', #4142, .T. ) ;
#5644 = ORIENTED_EDGE ( 'NONE', *, *, #142, .T. ) ;
#5645 = CARTESIAN_POINT ( 'NONE',  ( 4.862484784730344067, -5.190000000000000391, 0.5279117640514743304 ) ) ;
#5646 = DIRECTION ( 'NONE',  ( 0.000000000000000000, 1.000000000000000000, 0.000000000000000000 ) ) ;
#5647 = ORIENTED_EDGE ( 'NONE', *, *, #546, .T. ) ;
#5648 = FILL_AREA_STYLE_COLOUR ( '', #2040 ) ;
#5649 =( GEOMETRIC_REPRESENTATION_CONTEXT ( 3 ) GLOBAL_UNCERTAINTY_ASSIGNED_CONTEXT ( ( #3274 ) ) GLOBAL_UNIT_ASSIGNED_CONTEXT ( ( #3834, #3324, #5111 ) ) REPRESENTATION_CONTEXT ( 'NONE', 'WORKASPACE' ) );
#5650 = SURFACE_STYLE_USAGE ( .BOTH. , #351 ) ;
#5651 = VECTOR ( 'NONE', #4475, 1000.000000000000000 ) ;
#5652 = CARTESIAN_POINT ( 'NONE',  ( -4.899999999999999467, 5.190000000000000391, 0.3944444506222559710 ) ) ;
#5653 = ORIENTED_EDGE ( 'NONE', *, *, #70, .T. ) ;
#5654 = DIRECTION ( 'NONE',  ( 0.000000000000000000, 0.000000000000000000, 1.000000000000000000 ) ) ;
#5655 = LINE ( 'NONE', #1412, #2229 ) ;
#5656 = COLOUR_RGB ( '',0.9607843137254902244, 0.9607843137254902244, 0.9607843137254902244 ) ;
#5657 = UNCERTAINTY_MEASURE_WITH_UNIT (LENGTH_MEASURE( 1.000000000000000082E-05 ), #1497, 'distance_accuracy_value', 'NONE');
#5658 = ORIENTED_EDGE ( 'NONE', *, *, #4607, .T. ) ;
#5659 = DIRECTION ( 'NONE',  ( 2.168404344971008868E-16, 1.000000000000000000, -0.000000000000000000 ) ) ;
#5660 = SURFACE_STYLE_USAGE ( .BOTH. , #3073 ) ;
#5661 = AXIS2_PLACEMENT_3D ( 'NONE', #607, #5096, #1508 ) ;
#5662 = MECHANICAL_DESIGN_GEOMETRIC_PRESENTATION_REPRESENTATION (  '', ( #3998 ), #2506 ) ;
#5663 = ORIENTED_EDGE ( 'NONE', *, *, #2822, .T. ) ;
#5664 = SURFACE_SIDE_STYLE ('',( #4777 ) ) ;
#5665 = SURFACE_STYLE_FILL_AREA ( #1657 ) ;
#5666 = MECHANICAL_DESIGN_GEOMETRIC_PRESENTATION_REPRESENTATION (  '', ( #655 ), #4097 ) ;
#5667 = EDGE_CURVE ( 'NONE', #5459, #3156, #1414, .T. ) ;
#5668 = ADVANCED_FACE ( 'NONE', ( #3242, #1901 ), #2339, .T. ) ;
#5669 = FILL_AREA_STYLE_COLOUR ( '', #958 ) ;
#5670 = ORIENTED_EDGE ( 'NONE', *, *, #2623, .T. ) ;
#5671 = CARTESIAN_POINT ( 'NONE',  ( -1.000000000000006661, 4.499823100075543536, 0.000000000000000000 ) ) ;
#5672 = FILL_AREA_STYLE_COLOUR ( '', #71 ) ;
#5673 = CARTESIAN_POINT ( 'NONE',  ( 4.182670137274078215, -1.790000000000002478, 0.000000000000000000 ) ) ;
#5674 = EDGE_CURVE ( 'NONE', #3450, #2463, #3741, .T. ) ;
#5675 = EDGE_CURVE ( 'NONE', #3068, #1538, #201, .T. ) ;
#5676 = ORIENTED_EDGE ( 'NONE', *, *, #4117, .T. ) ;
#5677 = LINE ( 'NONE', #826, #2407 ) ;
#5678 = CARTESIAN_POINT ( 'NONE',  ( -3.800000000000013589, 4.499823100075543536, 0.000000000000000000 ) ) ;
#5679 = CARTESIAN_POINT ( 'NONE',  ( 2.199999999999997069, 4.499823100075543536, 0.000000000000000000 ) ) ;
#5680 = FACE_OUTER_BOUND ( 'NONE', #4040, .T. ) ;
#5681 = FACE_OUTER_BOUND ( 'NONE', #3704, .T. ) ;
#5682 = EDGE_LOOP ( 'NONE', ( #2689, #3697, #216, #5517 ) ) ;
#5683 = DIRECTION ( 'NONE',  ( -1.000000000000000000, 2.168404344971008868E-16, 0.000000000000000000 ) ) ;
#5684 = LINE ( 'NONE', #2196, #5120 ) ;
#5685 = EDGE_LOOP ( 'NONE', ( #4185, #525, #1000, #692 ) ) ;
#5686 = CARTESIAN_POINT ( 'NONE',  ( -4.823259234548942231, -5.190000000000000391, 2.399999999999999911 ) ) ;
#5687 =( NAMED_UNIT ( * ) PLANE_ANGLE_UNIT ( ) SI_UNIT ( $, .RADIAN. ) );
#5688 = STYLED_ITEM ( 'NONE', ( #3385 ), #4829 ) ;
#5689 = VERTEX_POINT ( 'NONE', #5544 ) ;
#5690 = DIRECTION ( 'NONE',  ( 1.000000000000000000, -0.000000000000000000, -0.000000000000000000 ) ) ;
#5691 = PLANE ( 'NONE',  #4720 ) ;
#5692 = CARTESIAN_POINT ( 'NONE',  ( 4.461582618623270768, 4.850609425497429683, 3.014889417878187761 ) ) ;
#5693 = VECTOR ( 'NONE', #2466, 1000.000000000000000 ) ;
#5694 = LINE ( 'NONE', #1661, #1348 ) ;
#5695 = EDGE_CURVE ( 'NONE', #5277, #3599, #1962, .T. ) ;
#5696 = DIRECTION ( 'NONE',  ( 0.000000000000000000, 0.000000000000000000, 1.000000000000000000 ) ) ;
#5697 = UNCERTAINTY_MEASURE_WITH_UNIT (LENGTH_MEASURE( 1.000000000000000082E-05 ), #2701, 'distance_accuracy_value', 'NONE');
#5698 = LINE ( 'NONE', #796, #1772 ) ;
#5699 = MECHANICAL_DESIGN_GEOMETRIC_PRESENTATION_REPRESENTATION (  '', ( #5155 ), #3013 ) ;
#5700 = EDGE_LOOP ( 'NONE', ( #4078, #882, #2755, #3963 ) ) ;
#5701 = EDGE_CURVE ( 'NONE', #3985, #5107, #2519, .T. ) ;
#5702 = DIRECTION ( 'NONE',  ( 1.000000000000000000, 0.000000000000000000, 0.000000000000000000 ) ) ;
#5703 = PRESENTATION_LAYER_ASSIGNMENT (  '', '', ( #4974 ) ) ;
#5704 = EDGE_CURVE ( 'NONE', #2497, #2318, #748, .T. ) ;
#5705 = DIRECTION ( 'NONE',  ( -1.671217221557617370E-16, 1.000000000000000000, 0.000000000000000000 ) ) ;
#5706 = VERTEX_POINT ( 'NONE', #1184 ) ;
#5707 = FILL_AREA_STYLE ('',( #2629 ) ) ;
#5708 = APPLICATION_PROTOCOL_DEFINITION ( 'draft international standard', 'automotive_design', 1998, #1824 ) ;
#5709 = VECTOR ( 'NONE', #2838, 1000.000000000000000 ) ;
#5710 = ORIENTED_EDGE ( 'NONE', *, *, #4420, .F. ) ;
#5711 = CARTESIAN_POINT ( 'NONE',  ( 1.399999999999997469, 4.499823100075543536, 0.000000000000000000 ) ) ;
#5712 =( LENGTH_UNIT ( ) NAMED_UNIT ( * ) SI_UNIT ( .MILLI., .METRE. ) );
#5713 = AXIS2_PLACEMENT_3D ( 'NONE', #4904, #5738, #3071 ) ;
#5714 = CARTESIAN_POINT ( 'NONE',  ( -4.899999999999999467, 5.190000000000000391, 2.399999999999999911 ) ) ;
#5715 = CARTESIAN_POINT ( 'NONE',  ( -3.400000000000011902, 5.790000000000000036, 0.5000000000000000000 ) ) ;
#5716 = ORIENTED_EDGE ( 'NONE', *, *, #3209, .T. ) ;
#5717 = DIRECTION ( 'NONE',  ( 0.000000000000000000, 0.000000000000000000, -1.000000000000000000 ) ) ;
#5718 = VECTOR ( 'NONE', #3738, 1000.000000000000000 ) ;
#5719 = SURFACE_SIDE_STYLE ('',( #5665 ) ) ;
#5720 = MANIFOLD_SOLID_BREP ( 'Boss-Extrude2[3]', #2361 ) ;
#5721 = CARTESIAN_POINT ( 'NONE',  ( 0.000000000000000000, -4.949124630628229049, 2.313917310096006208 ) ) ;
#5722 = DIRECTION ( 'NONE',  ( 1.000000000000000000, 0.000000000000000000, 0.000000000000000000 ) ) ;
#5723 = MECHANICAL_DESIGN_GEOMETRIC_PRESENTATION_REPRESENTATION (  '', ( #5086 ), #4250 ) ;
#5724 = FACE_OUTER_BOUND ( 'NONE', #285, .T. ) ;
#5725 = LINE ( 'NONE', #766, #3735 ) ;
#5726 = ORIENTED_EDGE ( 'NONE', *, *, #1935, .T. ) ;
#5727 =( GEOMETRIC_REPRESENTATION_CONTEXT ( 3 ) GLOBAL_UNCERTAINTY_ASSIGNED_CONTEXT ( ( #3316 ) ) GLOBAL_UNIT_ASSIGNED_CONTEXT ( ( #4331, #1649, #3364 ) ) REPRESENTATION_CONTEXT ( 'NONE', 'WORKASPACE' ) );
#5728 = ORIENTED_EDGE ( 'NONE', *, *, #1897, .T. ) ;
#5729 = CARTESIAN_POINT ( 'NONE',  ( -3.800000000000013589, 5.790000000000000036, 0.5000000000000000000 ) ) ;
#5730 = LINE ( 'NONE', #4400, #2565 ) ;
#5731 = ORIENTED_EDGE ( 'NONE', *, *, #2189, .T. ) ;
#5732 = PRESENTATION_LAYER_ASSIGNMENT (  '', '', ( #3318 ) ) ;
#5733 = EDGE_CURVE ( 'NONE', #115, #2401, #4710, .T. ) ;
#5734 = EDGE_CURVE ( 'NONE', #4512, #3937, #5595, .T. ) ;
#5735 = ORIENTED_EDGE ( 'NONE', *, *, #5429, .T. ) ;
#5736 = FACE_OUTER_BOUND ( 'NONE', #3578, .T. ) ;
#5737 = VERTEX_POINT ( 'NONE', #4617 ) ;
#5738 = DIRECTION ( 'NONE',  ( 0.000000000000000000, 1.000000000000000000, -0.000000000000000000 ) ) ;
#5739 = AXIS2_PLACEMENT_3D ( 'NONE', #3586, #2684, #5482 ) ;
#5740 = EDGE_CURVE ( 'NONE', #110, #1535, #2400, .T. ) ;
#5741 = CARTESIAN_POINT ( 'NONE',  ( 3.800000000000000711, 5.790000000000000036, 0.5000000000000000000 ) ) ;
#5742 =( NAMED_UNIT ( * ) SI_UNIT ( $, .STERADIAN. ) SOLID_ANGLE_UNIT ( ) );
#5743 = ORIENTED_EDGE ( 'NONE', *, *, #938, .F. ) ;
#5744 = SURFACE_STYLE_USAGE ( .BOTH. , #4385 ) ;
#5745 = AXIS2_PLACEMENT_3D ( 'NONE', #4928, #3143, #1371 ) ;
#5746 = COLOUR_RGB ( '',0.8431372549019607865, 0.8431372549019607865, 0.8431372549019607865 ) ;
#5747 = CARTESIAN_POINT ( 'NONE',  ( 4.182670137274078215, -1.790000000000002478, 0.000000000000000000 ) ) ;
#5748 = VECTOR ( 'NONE', #2726, 1000.000000000000000 ) ;
#5749 = VECTOR ( 'NONE', #2966, 1000.000000000000000 ) ;
#5750 = CARTESIAN_POINT ( 'NONE',  ( 4.823259234548942231, 0.8099999999999973888, 0.5000000000000000000 ) ) ;
#5751 = ORIENTED_EDGE ( 'NONE', *, *, #2857, .F. ) ;
#5752 = FILL_AREA_STYLE ('',( #1768 ) ) ;
#5753 = VECTOR ( 'NONE', #1215, 1000.000000000000114 ) ;
#5754 =( NAMED_UNIT ( * ) PLANE_ANGLE_UNIT ( ) SI_UNIT ( $, .RADIAN. ) );
#5755 = EDGE_LOOP ( 'NONE', ( #572, #1453, #5240, #364 ) ) ;
#5756 = ORIENTED_EDGE ( 'NONE', *, *, #695, .F. ) ;
#5757 = CARTESIAN_POINT ( 'NONE',  ( 2.600000000000000533, 4.499823100075543536, 0.000000000000000000 ) ) ;
#5758 = LINE ( 'NONE', #4323, #709 ) ;
#5759 = DIRECTION ( 'NONE',  ( 0.000000000000000000, 0.000000000000000000, -1.000000000000000000 ) ) ;
#5760 = CARTESIAN_POINT ( 'NONE',  ( -0.2000000000000075606, 4.499823100075543536, 0.5000000000000000000 ) ) ;
#5761 = PRESENTATION_STYLE_ASSIGNMENT (( #1235 ) ) ;
#5762 =( NAMED_UNIT ( * ) PLANE_ANGLE_UNIT ( ) SI_UNIT ( $, .RADIAN. ) );
#5763 = ORIENTED_EDGE ( 'NONE', *, *, #79, .F. ) ;
#5764 = DIRECTION ( 'NONE',  ( 1.000000000000000000, -0.000000000000000000, -0.000000000000000000 ) ) ;
#5765 = CARTESIAN_POINT ( 'NONE',  ( -1.400000000000009903, 4.499823100075543536, 0.5000000000000000000 ) ) ;
#5766 = EDGE_CURVE ( 'NONE', #2946, #4826, #90, .T. ) ;
ENDSEC;
END-ISO-10303-21;
